date,pitcher,team,opponent,projected_ks,line,actual_ks,model_error,line_error,over_probability,over_odds,under_odds
2026-04-28,Aaron Civale,Athletics,Kansas City Royals,4.26,3.5,3,1.2599999999999998,0.5,0.569,-135,100
2026-04-28,Cam Schlittler,New York Yankees,Texas Rangers,7.05,6.5,8,-0.9500000000000002,-1.5,0.521,108,-144
2026-04-28,Casey Mize,Detroit Tigers,Atlanta Braves,5.93,4.5,3,2.9299999999999997,1.5,0.671,-140,106
2026-04-28,Chad Patrick,Milwaukee Brewers,Arizona Diamondbacks,3.79,4.5,5,-1.21,-0.5,0.283,120,-160
2026-04-28,Chase Burns,Cincinnati Reds,Colorado Rockies,6.63,6.5,9,-2.37,-2.5,0.456,-150,110
2026-04-28,Clay Holmes,New York Mets,Washington Nationals,4.9,3.5,6,-1.0999999999999996,-2.5,0.683,-154,116
2026-04-28,Davis Martin,Chicago White Sox,Los Angeles Angels,4.49,5.5,7,-2.51,-1.5,0.255,125,-165
2026-04-28,Jacob deGrom,Texas Rangers,New York Yankees,6.75,7.5,5,1.75,2.5,0.328,118,-158
2026-04-28,Janson Junk,Miami Marlins,Los Angeles Dodgers,3.35,3.5,4,-0.6499999999999999,-0.5,0.377,106,-140
2026-04-28,Jesus Luzardo,Philadelphia Phillies,San Francisco Giants,6.85,6.5,8,-1.1500000000000004,-1.5,0.49,-130,-102
2026-04-28,Joe Ryan,Minnesota Twins,Seattle Mariners,6.17,5.5,6,0.16999999999999993,-0.5,0.543,-120,-110
2026-04-28,Jose Soriano,Los Angeles Angels,Chicago White Sox,6.41,5.5,6,0.41000000000000014,-0.5,0.58,-155,115
2026-04-28,Kai-Wei Teng,Houston Astros,Baltimore Orioles,4.12,3.5,2,2.12,1.5,0.542,124,-166
2026-04-28,Kris Bubic,Kansas City Royals,Athletics,5.89,5.5,6,-0.11000000000000032,-0.5,0.497,105,-140
2026-04-28,Kyle Freeland,Colorado Rockies,Cincinnati Reds,3.91,3.5,4,-0.08999999999999986,-0.5,0.498,-160,120
2026-04-28,Kyle Leahy,St. Louis Cardinals,Pittsburgh Pirates,2.89,3.5,7,-4.109999999999999,-3.5,0.274,-140,105
2026-04-28,Logan Gilbert,Seattle Mariners,Minnesota Twins,6.15,5.5,4,2.1500000000000004,1.5,0.538,-118,-110
2026-04-28,Martin Perez,Atlanta Braves,Detroit Tigers,3.09,3.5,5,-1.9100000000000001,-1.5,0.318,108,-144
2026-04-28,Merrill Kelly,Arizona Diamondbacks,Milwaukee Brewers,5.14,4.5,1,4.14,3.5,0.542,-120,-110
2026-04-28,Nick Martinez,Tampa Bay Rays,Cleveland Guardians,4.07,3.5,4,0.07000000000000028,-0.5,0.531,-138,104
2026-04-28,Payton Tolle,Boston Red Sox,Toronto Blue Jays,8.02,4.5,4,4.02,0.5,0.827,-145,105
2026-04-28,Shane Baz,Baltimore Orioles,Houston Astros,4.82,4.5,6,-1.1799999999999997,-1.5,0.482,-144,108
2026-04-28,Shohei Ohtani,Los Angeles Dodgers,Miami Marlins,6.08,6.5,9,-2.92,-2.5,0.368,-108,-122
2026-04-28,Tanner Bibee,Cleveland Guardians,Tampa Bay Rays,4.78,4.5,6,-1.2199999999999998,-1.5,0.475,102,-136
2026-04-28,Trey Yesavage,Toronto Blue Jays,Boston Red Sox,4.93,5.5,3,1.9299999999999997,2.5,0.328,-105,-125
2026-04-28,Tyler Mahle,San Francisco Giants,Philadelphia Phillies,5.62,4.5,3,2.62,1.5,0.622,-122,-110
2026-04-28,Zack Littell,Washington Nationals,New York Mets,3.28,3.5,1,2.28,2.5,0.36,-118,-112
2026-04-29,Andre Pallante,St. Louis Cardinals,Pittsburgh Pirates,4.45,3.5,6,-1.5499999999999998,-2.5,0.606,-165,125
2026-04-29,Brandon Sproat,Milwaukee Brewers,Arizona Diamondbacks,3.94,3.5,5,-1.06,-1.5,0.506,-135,100
2026-04-29,Brandon Williamson,Cincinnati Reds,Colorado Rockies,3.94,4.5,4,-0.06000000000000005,0.5,0.311,100,-135
2026-04-29,Brayan Bello,Boston Red Sox,Toronto Blue Jays,2.65,3.5,2,0.6499999999999999,1.5,0.222,-130,-105
2026-04-29,Bubba Chandler,Pittsburgh Pirates,St. Louis Cardinals,4.38,4.5,6,-1.62,-1.5,0.398,-135,100
2026-04-29,Cade Cavalli,Washington Nationals,New York Mets,4.68,4.5,10,-5.32,-5.5,0.455,-110,-120
2026-04-29,David Peterson,New York Mets,Washington Nationals,4.88,4.5,5,-0.1200000000000001,-0.5,0.494,-160,120
2026-04-29,Drew Rasmussen,Tampa Bay Rays,Cleveland Guardians,4.16,4.5,6,-1.8399999999999999,-1.5,0.355,-105,-125
2026-04-29,Eduardo Rodriguez,Arizona Diamondbacks,Milwaukee Brewers,3.77,4.5,4,-0.22999999999999998,0.5,0.278,-115,-115
2026-04-29,Elmer Rodriguez,New York Yankees,Texas Rangers,0.0,3.5,3,-3.0,0.5,0.019,-165,125
2026-04-29,Eric Lauer,Toronto Blue Jays,Boston Red Sox,3.13,4.5,1,2.13,3.5,0.166,-118,-110
2026-04-29,Erick Fedde,Chicago White Sox,Los Angeles Angels,3.67,3.5,6,-2.33,-2.5,0.447,-160,120
2026-04-29,Gavin Williams,Cleveland Guardians,Tampa Bay Rays,6.28,5.5,9,-2.7199999999999998,-3.5,0.559,-110,-120
2026-04-29,Jameson Taillon,Chicago Cubs,San Diego Padres,4.71,4.5,6,-1.29,-1.5,0.462,115,-155
2026-04-29,JR Ritchie,Atlanta Braves,Detroit Tigers,5.71,4.5,4,1.71,0.5,0.638,-165,125
2026-04-29,Luis Severino,Athletics,Kansas City Royals,5.5,4.5,8,-2.5,-3.5,0.604,-115,-115
2026-04-29,Matt Waldron,San Diego Padres,Chicago Cubs,4.44,3.5,1,3.4400000000000004,2.5,0.603,-120,-110
2026-04-29,Michael Wacha,Kansas City Royals,Athletics,5.5,4.5,5,0.5,-0.5,0.603,110,-150
2026-04-29,Nathan Eovaldi,Texas Rangers,New York Yankees,5.55,5.5,7,-1.4500000000000002,-1.5,0.438,-110,-120
2026-04-29,Sandy Alcantara,Miami Marlins,Los Angeles Dodgers,5.33,4.5,4,1.33,0.5,0.574,-120,-110
2026-04-29,Taj Bradley,Minnesota Twins,Seattle Mariners,6.0,5.5,7,-1.0,-1.5,0.514,-155,115
2026-04-29,Tomoyuki Sugano,Colorado Rockies,Cincinnati Reds,3.92,3.5,2,1.92,1.5,0.501,-120,-110
2026-04-29,Yusei Kikuchi,Los Angeles Angels,Chicago White Sox,5.38,5.5,1,4.38,4.5,0.408,-125,-105
2026-04-30,Andrew Abbott,Cincinnati Reds,Colorado Rockies,3.27,4.5,5,-1.73,-0.5,0.199,-160,120
2026-04-30,Bailey Ober,Minnesota Twins,Toronto Blue Jays,3.92,3.5,2,1.92,1.5,0.511,-165,125
2026-04-30,Brandon Woodruff,Milwaukee Brewers,Arizona Diamondbacks,6.04,4.5,2,4.04,2.5,0.694,-154,124
2026-04-30,Chris Bassitt,Baltimore Orioles,Houston Astros,3.1,3.5,7,-3.9,-3.5,0.333,-175,124
2026-04-30,Framber Valdez,Detroit Tigers,Atlanta Braves,3.96,4.5,8,-4.04,-3.5,0.326,-110,-120
2026-04-30,Freddy Peralta,New York Mets,Washington Nationals,6.46,5.5,6,0.45999999999999996,-0.5,0.596,-126,105
2026-04-30,Hunter Dobbins,St. Louis Cardinals,Pittsburgh Pirates,2.79,3.5,4,-1.21,-0.5,0.264,-115,-115
2026-04-30,Jeffrey Springs,Athletics,Kansas City Royals,5.13,3.5,4,1.13,-0.5,0.727,-175,130
2026-04-30,Kevin Gausman,Toronto Blue Jays,Minnesota Twins,5.38,5.5,2,3.38,3.5,0.417,105,-140
2026-04-30,Michael Lorenzen,Colorado Rockies,Cincinnati Reds,3.18,4.5,5,-1.8199999999999998,-0.5,0.183,110,-150
2026-04-30,Michael Soroka,Arizona Diamondbacks,Milwaukee Brewers,6.99,5.5,2,4.99,3.5,0.674,-135,100
2026-04-30,Noah Cameron,Kansas City Royals,Athletics,4.31,4.5,5,-0.6900000000000004,-0.5,0.394,-115,-115
2026-04-30,Peter Lambert,Houston Astros,Baltimore Orioles,6.57,5.5,3,3.5700000000000003,2.5,0.613,120,-160
2026-05-01,Brady Singer,Cincinnati Reds,Pittsburgh Pirates,3.62,4.5,1,2.62,3.5,0.261,-102,-130
2026-05-01,Bryan Woo,Seattle Mariners,Kansas City Royals,5.6,5.5,2,3.5999999999999996,3.5,0.454,-108,-122
2026-05-01,Cade Povich,Baltimore Orioles,New York Yankees,4.32,4.5,4,0.3200000000000003,0.5,0.396,-128,-104
2026-05-01,Christian Scott,New York Mets,Los Angeles Angels,3.96,4.5,8,-4.04,-3.5,0.325,-106,-125
2026-05-01,Cole Ragans,Kansas City Royals,Seattle Mariners,6.15,6.5,8,-1.8499999999999996,-1.5,0.386,-130,-102
2026-05-01,Colin Rea,Chicago Cubs,Arizona Diamondbacks,3.93,4.5,6,-2.07,-1.5,0.32,115,-155
2026-05-01,Emmet Sheehan,Los Angeles Dodgers,St. Louis Cardinals,6.06,5.5,8,-1.9400000000000004,-2.5,0.532,102,-136
2026-05-01,Eury Perez,Miami Marlins,Philadelphia Phillies,5.34,5.5,6,-0.6600000000000001,-0.5,0.409,-102,-130
2026-05-01,German Marquez,San Diego Padres,Chicago White Sox,3.87,4.5,2,1.87,2.5,0.308,125,-165
2026-05-01,Grant Holmes,Atlanta Braves,Colorado Rockies,4.56,4.5,4,0.5599999999999996,0.5,0.442,-136,102
2026-05-01,J.T. Ginn,Athletics,Cleveland Guardians,3.07,3.5,4,-0.9300000000000002,-0.5,0.325,-120,-110
2026-05-01,Jack Flaherty,Detroit Tigers,Texas Rangers,4.83,5.5,4,0.8300000000000001,1.5,0.321,118,-158
2026-05-01,Jacob Misiorowski,Milwaukee Brewers,Washington Nationals,8.74,6.5,8,0.7400000000000002,-1.5,0.748,-146,110
2026-05-01,Jake Irvin,Washington Nationals,Milwaukee Brewers,5.37,4.5,5,0.3700000000000001,-0.5,0.59,-102,-130
2026-05-01,Joey Cantillo,Cleveland Guardians,Athletics,5.13,5.5,2,3.13,3.5,0.373,106,-140
2026-05-01,Jose Quintana,Colorado Rockies,Atlanta Braves,2.82,2.5,3,-0.18000000000000016,-0.5,0.488,-144,108
2026-05-01,Matthew Liberatore,St. Louis Cardinals,Los Angeles Dodgers,3.64,3.5,4,-0.3599999999999999,-0.5,0.452,-136,102
2026-05-01,Mike Burrows,Houston Astros,Boston Red Sox,5.79,5.5,3,2.79,2.5,0.487,132,-178
2026-05-01,Mitch Keller,Pittsburgh Pirates,Cincinnati Reds,4.32,4.5,6,-1.6799999999999997,-1.5,0.396,-140,106
2026-05-01,Noah Schultz,Chicago White Sox,San Diego Padres,5.85,3.5,2,3.8499999999999996,1.5,0.815,-200,145
2026-05-01,Patrick Corbin,Toronto Blue Jays,Minnesota Twins,4.3,3.5,4,0.2999999999999998,-0.5,0.586,-132,100
2026-05-01,Robbie Ray,San Francisco Giants,Tampa Bay Rays,5.38,4.5,5,0.3799999999999999,-0.5,0.591,-150,110
2026-05-01,Shane McClanahan,Tampa Bay Rays,San Francisco Giants,4.48,5.5,5,-0.5199999999999996,0.5,0.26,106,-140
2026-05-01,Simeon Woods Richardson,Minnesota Twins,Toronto Blue Jays,3.24,1.5,2,1.2400000000000002,-0.5,0.807,-660,490
2026-05-01,Walbert Urena,Los Angeles Angels,New York Mets,5.95,4.5,4,1.9500000000000002,0.5,0.68,-106,-125
2026-05-01,Zac Gallen,Arizona Diamondbacks,Chicago Cubs,3.49,4.5,3,0.4900000000000002,1.5,0.236,115,-155
2026-05-01,Zack Wheeler,Philadelphia Phillies,Miami Marlins,6.17,5.5,8,-1.83,-2.5,0.55,-162,122
2026-05-02,Andrew Painter,Philadelphia Phillies,Miami Marlins,3.74,4.5,7,-3.26,-2.5,0.272,124,-166
2026-05-02,Carmen Mlodzinski,Pittsburgh Pirates,Cincinnati Reds,4.14,4.5,10,-5.86,-5.5,0.35,-122,-106
2026-05-02,Chris Sale,Atlanta Braves,Colorado Rockies,6.63,7.5,11,-4.37,-3.5,0.31,108,-144
2026-05-02,Connelly Early,Boston Red Sox,Houston Astros,4.25,4.5,3,1.25,1.5,0.372,-104,-128
2026-05-02,Connor Prielipp,Minnesota Twins,Toronto Blue Jays,6.62,4.5,4,2.62,0.5,0.761,118,-158
2026-05-02,Dylan Cease,Toronto Blue Jays,Minnesota Twins,7.77,6.5,7,0.7699999999999996,-0.5,0.625,-128,-104
2026-05-02,Emerson Hancock,Seattle Mariners,Kansas City Royals,4.61,4.5,14,-9.39,-9.5,0.441,-106,-125
2026-05-02,Foster Griffin,Washington Nationals,Milwaukee Brewers,4.47,4.5,3,1.4699999999999998,1.5,0.413,-166,124
2026-05-02,Griffin Jax,Tampa Bay Rays,San Francisco Giants,5.9,2.5,2,3.9000000000000004,0.5,0.875,-138,104
2026-05-02,Jacob Lopez,Athletics,Cleveland Guardians,3.86,4.5,5,-1.1400000000000001,-0.5,0.296,102,-136
2026-05-02,Kumar Rocker,Texas Rangers,Detroit Tigers,4.17,4.5,2,2.17,2.5,0.355,120,-160
2026-05-02,Kyle Bradish,Baltimore Orioles,New York Yankees,5.41,5.5,4,1.4100000000000001,1.5,0.413,-132,100
2026-05-02,Kyle Harrison,Milwaukee Brewers,Washington Nationals,5.27,5.5,5,0.2699999999999996,0.5,0.388,104,-138
2026-05-02,Landen Roupp,San Francisco Giants,Tampa Bay Rays,5.68,4.5,6,-0.3200000000000003,-1.5,0.632,-146,110
2026-05-02,Max Meyer,Miami Marlins,Philadelphia Phillies,4.72,5.5,7,-2.2800000000000002,-1.5,0.292,136,-182
2026-05-02,Michael King,San Diego Padres,Chicago White Sox,6.59,5.5,5,1.5899999999999999,0.5,0.607,-125,-106
2026-05-02,Michael McGreevy,St. Louis Cardinals,Los Angeles Dodgers,3.8,3.5,3,0.7999999999999998,0.5,0.473,-120,-110
2026-05-02,Nolan McLean,New York Mets,Los Angeles Angels,7.59,7.5,6,1.5899999999999999,1.5,0.452,116,-158
2026-05-02,Reid Detmers,Los Angeles Angels,New York Mets,5.93,6.5,8,-2.0700000000000003,-1.5,0.343,108,-144
2026-05-02,Rhett Lowder,Cincinnati Reds,Pittsburgh Pirates,4.18,4.5,1,3.1799999999999997,3.5,0.357,114,-152
2026-05-02,Roki Sasaki,Los Angeles Dodgers,St. Louis Cardinals,4.57,4.5,4,0.5700000000000003,0.5,0.434,-114,-114
2026-05-02,Ryan Weathers,New York Yankees,Baltimore Orioles,6.05,6.5,5,1.0499999999999998,1.5,0.362,116,-154
2026-05-02,Ryne Nelson,Arizona Diamondbacks,Chicago Cubs,3.81,4.5,4,-0.18999999999999995,0.5,0.286,-106,-125
2026-05-02,Seth Lugo,Kansas City Royals,Seattle Mariners,5.7,5.5,6,-0.2999999999999998,-0.5,0.463,104,-138
2026-05-02,Shota Imanaga,Chicago Cubs,Arizona Diamondbacks,5.97,4.5,5,0.9699999999999998,-0.5,0.676,-158,118
2026-05-02,Spencer Arrighetti,Houston Astros,Boston Red Sox,6.44,5.5,4,2.4400000000000004,1.5,0.584,108,-144
2026-05-03,Aaron Civale,Athletics,Cleveland Guardians,3.94,3.5,3,0.94,0.5,0.523,-165,125
2026-05-03,Anthony Kay,Chicago White Sox,San Diego Padres,3.29,3.5,5,-1.71,-1.5,0.382,100,-135
2026-05-03,Chase Burns,Cincinnati Reds,Pittsburgh Pirates,7.5,6.5,7,0.5,-0.5,0.599,-130,-105
2026-05-03,Chris Paddack,Miami Marlins,Philadelphia Phillies,4.26,4.5,1,3.26,3.5,0.391,105,-140
2026-05-03,Clay Holmes,New York Mets,Los Angeles Angels,4.8,4.5,6,-1.2000000000000002,-1.5,0.493,-165,125
2026-05-03,Dustin May,St. Louis Cardinals,Los Angeles Dodgers,4.33,4.5,3,1.33,1.5,0.404,100,-135
2026-05-03,Griffin Canning,San Diego Padres,Chicago White Sox,4.32,4.5,7,-2.6799999999999997,-2.5,0.403,-105,-125
2026-05-03,Jack Kochanowicz,Los Angeles Angels,New York Mets,3.99,3.5,6,-2.01,-2.5,0.533,-105,-125
2026-05-03,Jack Leiter,Texas Rangers,Detroit Tigers,5.18,5.5,10,-4.82,-4.5,0.388,105,-140
2026-05-03,Joe Ryan,Minnesota Twins,Toronto Blue Jays,4.8,5.5,1,3.8,4.5,0.321,106,-135
2026-05-03,Justin Wrobleski,Los Angeles Dodgers,St. Louis Cardinals,3.84,3.5,0,3.84,3.5,0.501,-135,100
2026-05-03,Kris Bubic,Kansas City Royals,Seattle Mariners,4.97,5.5,7,-2.0300000000000002,-1.5,0.351,100,-135
2026-05-03,Kyle Freeland,Colorado Rockies,Atlanta Braves,4.04,3.5,7,-2.96,-3.5,0.543,-130,-105
2026-05-03,Logan Henderson,Milwaukee Brewers,Washington Nationals,7.5,4.5,8,-0.5,-3.5,0.827,-115,-111
2026-05-03,Luis Castillo,Seattle Mariners,Kansas City Royals,4.26,4.5,5,-0.7400000000000002,-0.5,0.39,-125,-105
2026-05-03,Matthew Boyd,Chicago Cubs,Arizona Diamondbacks,5.22,4.5,5,0.21999999999999975,-0.5,0.57,105,-140
2026-05-03,Max Fried,New York Yankees,Baltimore Orioles,5.26,5.5,6,-0.7400000000000002,-0.5,0.401,-144,108
2026-05-03,Merrill Kelly,Arizona Diamondbacks,Chicago Cubs,4.22,3.5,5,-0.7800000000000002,-1.5,0.577,-160,120
2026-05-03,Parker Messick,Cleveland Guardians,Athletics,5.99,5.5,6,-0.009999999999999787,-0.5,0.526,105,-140
2026-05-03,Ranger Suarez,Boston Red Sox,Houston Astros,5.31,4.5,3,2.3099999999999996,1.5,0.585,-160,120
2026-05-03,Spencer Strider,Atlanta Braves,Colorado Rockies,7.81,5.5,6,1.8099999999999996,-0.5,0.774,105,-140
2026-05-03,Steven Matz,Tampa Bay Rays,San Francisco Giants,4.26,4.5,1,3.26,3.5,0.391,-110,-120
2026-05-03,Trey Yesavage,Toronto Blue Jays,Minnesota Twins,4.33,4.5,6,-1.67,-1.5,0.405,-161,126
2026-05-03,Tyler Mahle,San Francisco Giants,Tampa Bay Rays,4.48,3.5,5,-0.5199999999999996,-1.5,0.626,-160,120
2026-05-04,Cam Schlittler,New York Yankees,Baltimore Orioles,8.26,7.5,4,4.26,3.5,0.562,100,-135
2026-05-04,Chad Patrick,Milwaukee Brewers,St. Louis Cardinals,4.35,3.5,4,0.34999999999999964,-0.5,0.605,-160,120
2026-05-04,Chase Petty,Cincinnati Reds,Chicago Cubs,5.31,2.5,1,4.31,1.5,0.875,-165,125
2026-05-04,Davis Martin,Chicago White Sox,Los Angeles Angels,5.58,5.5,10,-4.42,-4.5,0.459,112,-148
2026-05-04,Edward Cabrera,Chicago Cubs,Cincinnati Reds,5.13,5.5,8,-2.87,-2.5,0.38,-112,-118
2026-05-04,Eric Lauer,Toronto Blue Jays,Tampa Bay Rays,3.39,3.5,2,1.3900000000000001,1.5,0.407,102,-136
2026-05-04,Janson Junk,Miami Marlins,Philadelphia Phillies,3.48,3.5,6,-2.52,-2.5,0.426,-136,102
2026-05-04,Kyle Leahy,St. Louis Cardinals,Milwaukee Brewers,3.6,3.5,5,-1.4,-1.5,0.454,-138,104
2026-05-04,Logan Gilbert,Seattle Mariners,Atlanta Braves,5.62,5.5,4,1.62,1.5,0.466,-160,120
2026-05-04,Michael Wacha,Kansas City Royals,Cleveland Guardians,5.46,4.5,3,2.46,1.5,0.611,120,-160
2026-05-04,Nick Martinez,Tampa Bay Rays,Toronto Blue Jays,3.79,3.5,4,-0.20999999999999996,-0.5,0.492,-136,102
2026-05-04,Payton Tolle,Boston Red Sox,Detroit Tigers,6.39,4.5,8,-1.6100000000000003,-3.5,0.746,-148,112
2026-05-04,Randy Vasquez,San Diego Padres,San Francisco Giants,4.62,3.5,2,2.62,1.5,0.652,-136,102
2026-05-04,Shane Baz,Baltimore Orioles,New York Yankees,5.82,5.5,4,1.8200000000000003,1.5,0.499,-106,-125
2026-05-04,Tanner Bibee,Cleveland Guardians,Kansas City Royals,4.98,4.5,4,0.9800000000000004,0.5,0.53,116,-154
2026-05-04,Trevor McDonald,San Francisco Giants,San Diego Padres,4.21,3.5,8,-3.79,-4.5,0.578,-136,102
2026-05-04,Yoshinobu Yamamoto,Los Angeles Dodgers,Houston Astros,5.95,6.5,8,-2.05,-1.5,0.361,100,-135
2026-05-05,Andrew Abbott,Cincinnati Reds,Chicago Cubs,3.73,4.5,4,-0.27,0.5,0.289,130,-175
2026-05-05,Bryce Elder,Atlanta Braves,Seattle Mariners,5.58,4.5,9,-3.42,-4.5,0.631,-158,118
2026-05-05,Bubba Chandler,Pittsburgh Pirates,Arizona Diamondbacks,3.76,4.5,4,-0.2400000000000002,0.5,0.294,132,-178
2026-05-05,Cade Cavalli,Washington Nationals,Minnesota Twins,4.7,4.5,2,2.7,2.5,0.477,-118,-112
2026-05-05,Chris Bassitt,Baltimore Orioles,Miami Marlins,3.54,4.5,3,0.54,1.5,0.253,-108,-122
2026-05-05,Cristopher Sanchez,Philadelphia Phillies,Athletics,7.25,7.5,10,-2.75,-2.5,0.416,117,-149
2026-05-05,Eduardo Rodriguez,Arizona Diamondbacks,Pittsburgh Pirates,3.91,5.5,7,-3.09,-1.5,0.178,132,-178
2026-05-05,Elmer Rodriguez,New York Yankees,Texas Rangers,4.23,3.5,2,2.2300000000000004,1.5,0.582,-154,116
2026-05-05,Erick Fedde,Chicago White Sox,Los Angeles Angels,3.6,3.5,2,1.6,1.5,0.451,-150,110
2026-05-05,Framber Valdez,Detroit Tigers,Boston Red Sox,4.64,4.5,3,1.6399999999999997,1.5,0.466,-160,120
2026-05-05,Gavin Williams,Cleveland Guardians,Kansas City Royals,6.84,5.5,7,-0.16000000000000014,-1.5,0.657,-128,-104
2026-05-05,George Kirby,Seattle Mariners,Atlanta Braves,5.98,4.5,5,0.9800000000000004,-0.5,0.691,-165,125
2026-05-05,Jameson Taillon,Chicago Cubs,Cincinnati Reds,5.73,5.5,5,0.7300000000000004,0.5,0.484,120,-160
2026-05-05,Kevin Gausman,Toronto Blue Jays,Tampa Bay Rays,6.02,5.5,3,3.0199999999999996,2.5,0.533,120,-160
2026-05-05,Logan Webb,San Francisco Giants,San Diego Padres,6.14,5.5,4,2.1399999999999997,1.5,0.552,105,-145
2026-05-05,Luis Severino,Athletics,Philadelphia Phillies,6.01,4.5,3,3.01,1.5,0.696,-146,110
2026-05-05,Peter Lambert,Houston Astros,Los Angeles Dodgers,4.24,4.5,4,0.2400000000000002,0.5,0.388,-105,-125
2026-05-05,Sam Aldegheri,Los Angeles Angels,Chicago White Sox,4.46,3.5,0,4.46,3.5,0.625,-160,120
2026-05-05,Sandy Alcantara,Miami Marlins,Baltimore Orioles,4.79,5.5,5,-0.20999999999999996,0.5,0.321,102,-136
2026-05-05,Shohei Ohtani,Los Angeles Dodgers,Houston Astros,6.67,6.5,8,-1.33,-1.5,0.476,-140,105
2026-05-05,Stephen Kolek,Kansas City Royals,Cleveland Guardians,4.31,3.5,3,1.3099999999999996,0.5,0.596,140,-190
2026-05-05,Taj Bradley,Minnesota Twins,Washington Nationals,6.35,4.5,8,-1.6500000000000004,-3.5,0.74,-160,120
2026-05-05,Walker Buehler,San Diego Padres,San Francisco Giants,4.4,3.5,5,-0.5999999999999996,-1.5,0.613,-155,115
2026-05-06,Adrian Houser,San Francisco Giants,San Diego Padres,2.86,3.5,3,-0.14000000000000012,0.5,0.292,120,-160
2026-05-06,Andre Pallante,St. Louis Cardinals,Milwaukee Brewers,3.3,3.5,3,0.2999999999999998,0.5,0.39,-125,-106
2026-05-06,Bailey Ober,Minnesota Twins,Washington Nationals,4.75,3.5,3,1.75,0.5,0.677,-154,116
2026-05-06,Brady Singer,Cincinnati Reds,Chicago Cubs,3.76,3.5,6,-2.24,-2.5,0.49,-136,102
2026-05-06,Brandon Young,Baltimore Orioles,Miami Marlins,3.89,3.5,5,-1.1099999999999999,-1.5,0.517,-125,-106
2026-05-06,Bryan Woo,Seattle Mariners,Atlanta Braves,5.16,5.5,9,-3.84,-3.5,0.388,110,-146
2026-05-06,Cole Ragans,Kansas City Royals,Cleveland Guardians,5.15,6.5,4,1.1500000000000004,2.5,0.241,116,-158
2026-05-06,Colin Rea,Chicago Cubs,Cincinnati Reds,4.83,4.5,5,-0.16999999999999993,-0.5,0.504,-140,106
2026-05-06,Eury Perez,Miami Marlins,Baltimore Orioles,5.85,5.5,6,-0.15000000000000036,-0.5,0.508,-162,122
2026-05-06,Jack Flaherty,Detroit Tigers,Boston Red Sox,4.5,5.5,10,-5.5,-4.5,0.274,106,-140
2026-05-06,Joey Cantillo,Cleveland Guardians,Kansas City Royals,5.07,4.5,1,4.07,3.5,0.549,-104,-128
2026-05-06,Michael Soroka,Arizona Diamondbacks,Pittsburgh Pirates,5.21,5.5,6,-0.79,-0.5,0.397,102,-136
2026-05-06,Miles Mikolas,Washington Nationals,Minnesota Twins,2.71,3.5,3,-0.29000000000000004,0.5,0.259,105,-140
2026-05-06,Nathan Eovaldi,Texas Rangers,New York Yankees,5.12,5.5,8,-2.88,-2.5,0.382,108,-144
2026-05-06,Noah Schultz,Chicago White Sox,Los Angeles Angels,5.15,5.5,3,2.1500000000000004,2.5,0.386,106,-140
2026-05-06,Patrick Corbin,Toronto Blue Jays,Tampa Bay Rays,4.21,3.5,1,3.21,2.5,0.581,-114,-114
2026-05-06,Sonny Gray,Boston Red Sox,Detroit Tigers,3.58,4.5,2,1.58,2.5,0.264,112,-148
2026-05-06,Tyler Glasnow,Los Angeles Dodgers,Houston Astros,8.66,7.5,2,6.66,5.5,0.617,-114,-114
2026-05-06,Walbert Urena,Los Angeles Angels,Chicago White Sox,5.25,4.5,5,0.25,-0.5,0.579,118,-158
2026-05-06,Will Warren,New York Yankees,Texas Rangers,6.1,5.5,7,-0.9000000000000004,-1.5,0.549,-152,114
2026-05-06,Zack Wheeler,Philadelphia Phillies,Athletics,5.84,6.5,4,1.8399999999999999,2.5,0.347,-120,-110
2026-05-07,Andrew Painter,Philadelphia Phillies,Athletics,4.16,4.5,2,2.16,2.5,0.371,-102,-130
2026-05-07,Cade Povich,Baltimore Orioles,Miami Marlins,4.71,4.5,1,3.71,3.5,0.476,-130,-102
2026-05-07,Christian Scott,New York Mets,Colorado Rockies,5.02,4.5,6,-0.9800000000000004,-1.5,0.534,130,-174
2026-05-07,Griffin Jax,Tampa Bay Rays,Boston Red Sox,5.71,3.5,3,2.71,0.5,0.804,-114,-114
2026-05-07,J.T. Ginn,Athletics,Philadelphia Phillies,3.54,4.5,8,-4.46,-3.5,0.251,126,-166
2026-05-07,Jake Bennett,Boston Red Sox,Tampa Bay Rays,2.92,3.5,1,1.92,2.5,0.298,130,-174
2026-05-07,Jose Quintana,Colorado Rockies,New York Mets,3.06,2.5,2,1.06,0.5,0.553,-154,116
2026-05-07,MacKenzie Gore,Texas Rangers,New York Yankees,5.16,6.5,3,2.16,3.5,0.238,118,-158
2026-05-07,Matthew Liberatore,St. Louis Cardinals,San Diego Padres,3.32,3.5,6,-2.68,-2.5,0.389,-144,108
2026-05-07,Michael King,San Diego Padres,St. Louis Cardinals,6.05,5.5,6,0.04999999999999982,-0.5,0.537,-120,-110
2026-05-07,Mitch Keller,Pittsburgh Pirates,Arizona Diamondbacks,5.06,4.5,4,1.0599999999999996,0.5,0.542,122,-162
2026-05-07,Rhett Lowder,Cincinnati Reds,Chicago Cubs,2.92,3.5,1,1.92,2.5,0.3,-118,-112
2026-05-07,Shota Imanaga,Chicago Cubs,Cincinnati Reds,5.15,6.5,10,-4.85,-3.5,0.236,116,-154
2026-05-07,Simeon Woods Richardson,Minnesota Twins,Washington Nationals,3.22,3.5,2,1.2200000000000002,1.5,0.365,-118,-112
2026-05-07,Slade Cecconi,Cleveland Guardians,Kansas City Royals,3.72,3.5,3,0.7200000000000002,0.5,0.476,-132,100
2026-05-07,Zac Gallen,Arizona Diamondbacks,Pittsburgh Pirates,3.84,4.5,5,-1.1600000000000001,-0.5,0.308,-125,-104
2026-05-08,Ben Brown,Chicago Cubs,Texas Rangers,5.26,2.5,3,2.26,-0.5,0.875,-158,118
2026-05-08,Carmen Mlodzinski,Pittsburgh Pirates,San Francisco Giants,4.09,4.5,1,3.09,3.5,0.363,114,-152
2026-05-08,Chase Dollander,Colorado Rockies,Philadelphia Phillies,5.69,5.5,5,0.6900000000000004,0.5,0.482,114,-152
2026-05-08,Chris Sale,Atlanta Braves,Los Angeles Dodgers,6.82,6.5,7,-0.17999999999999972,-0.5,0.502,-120,-110
2026-05-08,Connelly Early,Boston Red Sox,Tampa Bay Rays,4.2,4.5,8,-3.8,-3.5,0.385,110,-146
2026-05-08,Dylan Cease,Toronto Blue Jays,Los Angeles Angels,8.64,7.5,10,-1.3599999999999994,-2.5,0.616,-146,110
2026-05-08,Griffin Canning,San Diego Padres,St. Louis Cardinals,5.37,4.5,5,0.3700000000000001,-0.5,0.6,-144,108
2026-05-08,Jacob Lopez,Athletics,Baltimore Orioles,4.14,4.5,5,-0.8600000000000003,-0.5,0.372,-108,-122
2026-05-08,Jacob Misiorowski,Milwaukee Brewers,New York Yankees,8.47,7.5,11,-2.5299999999999994,-3.5,0.593,-138,104
2026-05-08,Jesse Scholtens,Tampa Bay Rays,Boston Red Sox,4.01,3.5,4,0.009999999999999787,-0.5,0.542,-110,-120
2026-05-08,Jesus Luzardo,Philadelphia Phillies,Colorado Rockies,7.16,7.5,6,1.1600000000000001,1.5,0.405,-148,112
2026-05-08,Keider Montero,Detroit Tigers,Kansas City Royals,4.45,3.5,4,0.4500000000000002,-0.5,0.626,-114,-114
2026-05-08,Kris Bubic,Kansas City Royals,Detroit Tigers,5.62,5.5,5,0.6200000000000001,0.5,0.469,-114,-114
2026-05-08,Kumar Rocker,Texas Rangers,Chicago Cubs,3.57,3.5,3,0.5699999999999998,0.5,0.451,-140,106
2026-05-08,Kyle Bradish,Baltimore Orioles,Athletics,4.76,5.5,10,-5.24,-4.5,0.32,-114,-114
2026-05-08,Max Fried,New York Yankees,Milwaukee Brewers,5.22,5.5,5,0.21999999999999975,0.5,0.4,110,-150
2026-05-08,Michael McGreevy,St. Louis Cardinals,San Diego Padres,3.34,3.5,9,-5.66,-5.5,0.4,-108,-122
2026-05-08,Mike Burrows,Houston Astros,Cincinnati Reds,5.7,5.5,6,-0.2999999999999998,-0.5,0.483,130,-174
2026-05-08,Nolan McLean,New York Mets,Arizona Diamondbacks,7.23,5.5,6,1.2300000000000004,-0.5,0.712,-122,-110
2026-05-08,Parker Messick,Cleveland Guardians,Minnesota Twins,6.09,5.5,7,-0.9100000000000001,-1.5,0.548,-122,-108
2026-05-08,Reid Detmers,Los Angeles Angels,Toronto Blue Jays,6.39,5.5,3,3.3899999999999997,2.5,0.595,-106,-125
2026-05-08,Robbie Ray,San Francisco Giants,Pittsburgh Pirates,6.05,6.5,7,-0.9500000000000002,-0.5,0.38,-106,-125
2026-05-08,Ryne Nelson,Arizona Diamondbacks,New York Mets,3.79,4.5,7,-3.21,-2.5,0.304,-112,-118
2026-05-08,Sean Burke,Chicago White Sox,Seattle Mariners,4.66,4.5,4,0.6600000000000001,0.5,0.474,-152,114
2026-05-09,Aaron Nola,Philadelphia Phillies,Colorado Rockies,5.65,6.5,4,1.6500000000000004,2.5,0.325,120,-160
2026-05-09,Anthony Kay,Chicago White Sox,Seattle Mariners,3.54,3.5,5,-1.46,-1.5,0.455,-144,108
2026-05-09,Blake Snell,Los Angeles Dodgers,Atlanta Braves,6.64,5.5,5,1.6399999999999997,0.5,0.639,118,-158
2026-05-09,Braxton Ashcraft,Pittsburgh Pirates,San Francisco Giants,6.67,4.5,6,0.6699999999999999,-1.5,0.786,-130,-102
2026-05-09,Cam Schlittler,New York Yankees,Milwaukee Brewers,6.58,5.5,6,0.5800000000000001,-0.5,0.631,-152,114
2026-05-09,Chase Burns,Cincinnati Reds,Houston Astros,7.66,6.5,2,5.66,4.5,0.632,-144,108
2026-05-09,Clay Holmes,New York Mets,Arizona Diamondbacks,4.4,3.5,6,-1.5999999999999996,-2.5,0.627,-118,-112
2026-05-09,Dustin May,St. Louis Cardinals,San Diego Padres,4.24,4.5,7,-2.76,-2.5,0.402,130,-174
2026-05-09,Jack Kochanowicz,Los Angeles Angels,Toronto Blue Jays,3.94,3.5,0,3.94,3.5,0.539,114,-152
2026-05-09,Janson Junk,Miami Marlins,Washington Nationals,3.3,3.5,6,-2.7,-2.5,0.402,-148,112
2026-05-09,Joe Ryan,Minnesota Twins,Cleveland Guardians,4.75,5.5,5,-0.25,0.5,0.326,132,-178
2026-05-09,Kyle Freeland,Colorado Rockies,Philadelphia Phillies,3.84,4.5,4,-0.16000000000000014,0.5,0.324,-130,-102
2026-05-09,Kyle Harrison,Milwaukee Brewers,New York Yankees,5.75,5.5,6,-0.25,-0.5,0.499,-138,104
2026-05-09,Landen Roupp,San Francisco Giants,Pittsburgh Pirates,6.37,5.5,8,-1.63,-2.5,0.6,-130,-102
2026-05-09,Luis Castillo,Seattle Mariners,Chicago White Sox,4.51,4.5,6,-1.4900000000000002,-1.5,0.454,-128,-104
2026-05-09,Merrill Kelly,Arizona Diamondbacks,New York Mets,3.84,4.5,6,-2.16,-1.5,0.324,-112,-118
2026-05-09,Michael Wacha,Kansas City Royals,Detroit Tigers,5.31,4.5,6,-0.6900000000000004,-1.5,0.599,-110,-120
2026-05-09,Randy Vasquez,San Diego Padres,St. Louis Cardinals,4.14,3.5,6,-1.8600000000000003,-2.5,0.577,-180,134
2026-05-09,Spencer Arrighetti,Houston Astros,Cincinnati Reds,6.59,5.5,5,1.5899999999999999,0.5,0.632,104,-138
2026-05-09,Spencer Strider,Atlanta Braves,Los Angeles Dodgers,7.22,5.5,8,-0.7800000000000002,-2.5,0.717,-114,-114
2026-05-09,Tanner Bibee,Cleveland Guardians,Minnesota Twins,4.9,5.5,9,-4.1,-3.5,0.352,102,-136
2026-05-09,Trey Yesavage,Toronto Blue Jays,Los Angeles Angels,5.76,5.5,6,-0.2400000000000002,-0.5,0.501,-118,-112
2026-05-10,Andrew Abbott,Cincinnati Reds,Houston Astros,3.49,4.5,5,-1.5099999999999998,-0.5,0.26,108,-144
2026-05-10,Bryce Elder,Atlanta Braves,Los Angeles Dodgers,5.22,4.5,8,-2.7800000000000002,-3.5,0.587,-114,-118
2026-05-10,Carlos Rodon,New York Yankees,Milwaukee Brewers,6.58,4.5,4,2.58,0.5,0.777,-172,126
2026-05-10,Cristopher Sanchez,Philadelphia Phillies,Colorado Rockies,7.9,7.5,7,0.9000000000000004,0.5,0.524,-112,-118
2026-05-10,Davis Martin,Chicago White Sox,Seattle Mariners,4.97,4.5,9,-4.03,-4.5,0.542,-128,-104
2026-05-10,Eduardo Rodriguez,Arizona Diamondbacks,New York Mets,4.61,4.5,4,0.6100000000000003,0.5,0.475,124,-166
2026-05-10,Gavin Williams,Cleveland Guardians,Minnesota Twins,6.43,6.5,6,0.4299999999999997,0.5,0.451,-118,-112
2026-05-10,Jacob deGrom,Texas Rangers,Chicago Cubs,7.03,6.5,10,-2.9699999999999998,-3.5,0.545,-114,-114
2026-05-10,Jameson Taillon,Chicago Cubs,Texas Rangers,5.7,4.5,4,1.7000000000000002,0.5,0.662,-130,-102
2026-05-10,Jose Soriano,Los Angeles Angels,Toronto Blue Jays,5.1,5.5,7,-1.9000000000000004,-1.5,0.39,104,-138
2026-05-10,Justin Wrobleski,Los Angeles Dodgers,Atlanta Braves,3.99,4.5,7,-3.01,-2.5,0.355,128,-172
2026-05-10,Kyle Leahy,St. Louis Cardinals,San Diego Padres,3.67,3.5,5,-1.33,-1.5,0.484,-148,112
2026-05-10,Logan Gilbert,Seattle Mariners,Chicago White Sox,4.55,5.5,9,-4.45,-3.5,0.293,-154,116
2026-05-10,Logan Henderson,Milwaukee Brewers,New York Yankees,8.7,6.5,5,3.6999999999999993,1.5,0.757,124,-166
2026-05-10,Luis Severino,Athletics,Baltimore Orioles,5.71,4.5,4,1.71,0.5,0.664,-154,116
2026-05-10,Noah Cameron,Kansas City Royals,Detroit Tigers,4.75,4.5,4,0.75,0.5,0.502,-138,104
2026-05-10,Payton Tolle,Boston Red Sox,Tampa Bay Rays,6.23,4.5,4,2.2300000000000004,0.5,0.736,-220,160
2026-05-10,Sandy Alcantara,Miami Marlins,Washington Nationals,4.69,4.5,3,1.6900000000000004,1.5,0.491,-136,102
2026-05-10,Walker Buehler,San Diego Padres,St. Louis Cardinals,4.85,4.5,2,2.8499999999999996,2.5,0.52,118,-158
2026-05-11,Brandon Young,Baltimore Orioles,New York Yankees,3.67,4.5,5,-1.33,-0.5,0.294,126,-168
2026-05-11,Drew Rasmussen,Tampa Bay Rays,Toronto Blue Jays,4.32,4.5,6,-1.6799999999999997,-1.5,0.42,-114,-114
2026-05-11,Kevin Gausman,Toronto Blue Jays,Tampa Bay Rays,5.06,4.5,5,0.05999999999999961,-0.5,0.558,-158,118
2026-05-11,Ryan Weathers,New York Yankees,Baltimore Orioles,5.68,5.5,9,-3.3200000000000003,-3.5,0.49,-130,-102
2026-05-11,Trevor McDonald,San Francisco Giants,Los Angeles Dodgers,5.51,4.5,4,1.5099999999999998,0.5,0.634,138,-186
2026-05-12,Andre Pallante,St. Louis Cardinals,Athletics,4.02,3.5,4,0.019999999999999574,-0.5,0.562,-125,-106
2026-05-12,Bailey Ober,Minnesota Twins,Miami Marlins,4.26,4.5,7,-2.74,-2.5,0.413,126,-168
2026-05-12,Brady Singer,Cincinnati Reds,Washington Nationals,4.07,4.5,2,2.0700000000000003,2.5,0.377,-114,-114
2026-05-12,Bryan Woo,Seattle Mariners,Houston Astros,4.97,5.5,9,-4.03,-3.5,0.371,-138,104
2026-05-12,Erick Fedde,Chicago White Sox,Kansas City Royals,3.67,3.5,2,1.67,1.5,0.49,116,-158
2026-05-12,Eury Perez,Miami Marlins,Minnesota Twins,4.85,5.5,8,-3.1500000000000004,-2.5,0.35,106,-140
2026-05-12,Freddy Peralta,New York Mets,Detroit Tigers,5.7,6.5,7,-1.2999999999999998,-0.5,0.339,130,-174
2026-05-12,Grant Holmes,Atlanta Braves,Chicago Cubs,4.68,4.5,5,-0.3200000000000003,-0.5,0.494,112,-148
2026-05-12,Jack Flaherty,Detroit Tigers,New York Mets,4.75,5.5,2,2.75,3.5,0.332,-125,-106
2026-05-12,Jeffrey Springs,Athletics,St. Louis Cardinals,4.45,4.5,5,-0.5499999999999998,-0.5,0.45,-102,-130
2026-05-12,Michael Lorenzen,Colorado Rockies,Pittsburgh Pirates,3.84,3.5,5,-1.1600000000000001,-1.5,0.526,-138,104
2026-05-12,Miles Mikolas,Washington Nationals,Cincinnati Reds,2.97,3.5,2,0.9700000000000002,1.5,0.336,114,-152
2026-05-12,Patrick Corbin,Toronto Blue Jays,Tampa Bay Rays,3.96,3.5,1,2.96,2.5,0.55,112,-148
2026-05-12,Paul Skenes,Pittsburgh Pirates,Colorado Rockies,7.16,7.5,10,-2.84,-2.5,0.418,-112,-118
2026-05-12,Shane McClanahan,Tampa Bay Rays,Toronto Blue Jays,5.21,4.5,7,-1.79,-2.5,0.588,-118,-112
2026-05-12,Slade Cecconi,Cleveland Guardians,Los Angeles Angels,4.21,4.5,7,-2.79,-2.5,0.403,-144,108
2026-05-12,Stephen Kolek,Kansas City Royals,Chicago White Sox,3.64,3.5,6,-2.36,-2.5,0.484,-138,104
2026-05-12,Tatsuya Imai,Houston Astros,Seattle Mariners,4.48,4.5,3,1.4800000000000004,1.5,0.455,-138,104
2026-05-12,Trevor Rogers,Baltimore Orioles,New York Yankees,4.16,4.5,3,1.1600000000000001,1.5,0.394,-138,104
2026-05-12,Walbert Urena,Los Angeles Angels,Cleveland Guardians,4.98,3.5,4,0.9800000000000004,-0.5,0.726,-110,-120
2026-05-12,Will Warren,New York Yankees,Baltimore Orioles,6.55,5.5,6,0.5499999999999998,-0.5,0.632,-152,114
2026-05-12,Yoshinobu Yamamoto,Los Angeles Dodgers,San Francisco Giants,6.94,6.5,8,-1.0599999999999996,-1.5,0.534,106,-140
2026-05-12,Zac Gallen,Arizona Diamondbacks,Texas Rangers,4.01,4.5,4,0.009999999999999787,0.5,0.364,-112,-118
2026-05-12,Zack Wheeler,Philadelphia Phillies,Boston Red Sox,5.6,6.5,4,1.5999999999999996,2.5,0.322,118,-158
2026-05-13,Andrew Painter,Philadelphia Phillies,Boston Red Sox,3.78,4.5,4,-0.2200000000000002,0.5,0.323,120,-160
2026-05-13,Christian Scott,New York Mets,Detroit Tigers,4.19,4.5,5,-0.8099999999999996,-0.5,0.404,-150,122
2026-05-13,Framber Valdez,Detroit Tigers,New York Mets,4.85,4.5,7,-2.1500000000000004,-2.5,0.528,-158,118
2026-05-13,Griffin Jax,Tampa Bay Rays,Toronto Blue Jays,2.74,3.5,1,1.7400000000000002,2.5,0.289,-148,112
2026-05-13,Jacob Misiorowski,Milwaukee Brewers,San Diego Padres,8.87,7.5,10,-1.1300000000000008,-2.5,0.657,-130,106
2026-05-13,Jose Quintana,Colorado Rockies,Pittsburgh Pirates,3.38,3.5,2,1.38,1.5,0.431,-106,-125
2026-05-13,Kumar Rocker,Texas Rangers,Arizona Diamondbacks,3.41,3.5,3,0.41000000000000014,0.5,0.436,-120,-102
2026-05-13,Kyle Bradish,Baltimore Orioles,New York Yankees,6.62,5.5,7,-0.3799999999999999,-1.5,0.645,-138,112
2026-05-13,Matthew Liberatore,St. Louis Cardinals,Athletics,3.86,4.5,5,-1.1400000000000001,-0.5,0.339,-102,-130
2026-05-13,Max Meyer,Miami Marlins,Minnesota Twins,5.23,5.5,9,-3.7699999999999996,-3.5,0.419,118,-158
2026-05-13,Michael King,San Diego Padres,Milwaukee Brewers,6.0,5.5,5,1.0,0.5,0.549,114,-152
2026-05-13,Robbie Ray,San Francisco Giants,Los Angeles Dodgers,4.75,4.5,2,2.75,2.5,0.509,-138,104
2026-05-13,Ryne Nelson,Arizona Diamondbacks,Texas Rangers,3.64,4.5,8,-4.359999999999999,-3.5,0.295,-130,-102
2026-05-13,Shohei Ohtani,Los Angeles Dodgers,San Francisco Giants,6.59,6.5,8,-1.4100000000000001,-1.5,0.484,-134,110
2026-05-13,Shota Imanaga,Chicago Cubs,Atlanta Braves,5.99,5.5,6,-0.009999999999999787,-0.5,0.547,108,-144
2026-05-13,Simeon Woods Richardson,Minnesota Twins,Miami Marlins,2.71,3.5,1,1.71,2.5,0.281,-108,-112
2026-05-13,Sonny Gray,Boston Red Sox,Philadelphia Phillies,3.44,4.5,6,-2.56,-1.5,0.257,100,-122
2026-05-14,Anthony Kay,Chicago White Sox,Kansas City Royals,3.04,3.5,4,-0.96,-0.5,0.358,104,-128
2026-05-14,Ben Brown,Chicago Cubs,Atlanta Braves,5.27,3.5,7,-1.7300000000000004,-3.5,0.769,-118,-112
2026-05-14,Braxton Garrett,Miami Marlins,Minnesota Twins,5.23,4.5,3,2.2300000000000004,1.5,0.597,110,-150
2026-05-14,Chase Burns,Cincinnati Reds,Washington Nationals,7.38,6.5,7,0.3799999999999999,-0.5,0.603,-110,-110
2026-05-14,Chris Sale,Atlanta Braves,Chicago Cubs,7.52,6.5,8,-0.4800000000000004,-1.5,0.623,-162,132
2026-05-14,Emmet Sheehan,Los Angeles Dodgers,San Francisco Giants,6.24,5.5,6,0.2400000000000002,-0.5,0.59,-130,106
2026-05-14,Foster Griffin,Washington Nationals,Cincinnati Reds,5.65,5.5,7,-1.3499999999999996,-1.5,0.493,118,-158
2026-05-14,Griffin Canning,San Diego Padres,Milwaukee Brewers,5.22,4.5,2,3.2199999999999998,2.5,0.594,-102,-130
2026-05-14,Jacob Lopez,Athletics,St. Louis Cardinals,4.36,4.5,2,2.3600000000000003,2.5,0.438,-124,102
2026-05-14,Jesus Luzardo,Philadelphia Phillies,Boston Red Sox,5.9,6.5,4,1.9000000000000004,2.5,0.375,-144,108
2026-05-14,Keider Montero,Detroit Tigers,New York Mets,4.49,3.5,2,2.49,1.5,0.653,-146,110
2026-05-14,Kris Bubic,Kansas City Royals,Chicago White Sox,4.83,5.5,4,0.8300000000000001,1.5,0.352,-112,-118
2026-05-14,Kyle Harrison,Milwaukee Brewers,San Diego Padres,5.36,5.5,7,-1.6399999999999997,-1.5,0.445,-142,116
2026-05-14,Landen Roupp,San Francisco Giants,Los Angeles Dodgers,5.77,5.5,7,-1.2300000000000004,-1.5,0.515,114,-152
2026-05-14,Michael McGreevy,St. Louis Cardinals,Athletics,3.74,4.5,3,0.7400000000000002,1.5,0.317,122,-162
2026-05-14,Mike Burrows,Houston Astros,Seattle Mariners,5.73,5.5,4,1.7300000000000004,1.5,0.508,112,-138
2026-05-14,Ranger Suarez,Boston Red Sox,Philadelphia Phillies,4.68,5.5,8,-3.3200000000000003,-2.5,0.326,136,-168
2026-05-14,Zebby Matthews,Minnesota Twins,Miami Marlins,6.06,4.5,5,1.0599999999999996,-0.5,0.721,-122,100
2026-05-15,Aaron Civale,Athletics,San Francisco Giants,4.41,4.5,2,2.41,2.5,0.448,128,-158
2026-05-15,Aaron Nola,Philadelphia Phillies,Pittsburgh Pirates,5.24,5.5,2,3.24,3.5,0.423,100,-132
2026-05-15,Andrew Abbott,Cincinnati Reds,Cleveland Guardians,3.68,4.5,2,1.6800000000000002,2.5,0.306,134,-180
2026-05-15,Braxton Ashcraft,Pittsburgh Pirates,Philadelphia Phillies,6.51,5.5,5,1.5099999999999998,0.5,0.63,-115,-105
2026-05-15,Cam Schlittler,New York Yankees,New York Mets,7.16,6.5,9,-1.8399999999999999,-2.5,0.571,108,-144
2026-05-15,Clay Holmes,New York Mets,New York Yankees,5.85,4.5,8,-2.1500000000000004,-3.5,0.692,-140,114
2026-05-15,Coleman Crow,Milwaukee Brewers,Minnesota Twins,4.62,4.5,3,1.62,1.5,0.487,120,-160
2026-05-15,Connelly Early,Boston Red Sox,Atlanta Braves,5.67,4.5,6,-0.33000000000000007,-1.5,0.665,-120,-110
2026-05-15,Dustin May,St. Louis Cardinals,Kansas City Royals,5.06,4.5,3,2.0599999999999996,1.5,0.567,122,-150
2026-05-15,Edward Cabrera,Chicago Cubs,Chicago White Sox,6.64,5.5,2,4.64,3.5,0.648,-106,-125
2026-05-15,Emerson Hancock,Seattle Mariners,San Diego Padres,5.93,5.5,6,-0.07000000000000028,-0.5,0.539,-106,-114
2026-05-15,Jack Kochanowicz,Los Angeles Angels,Los Angeles Dodgers,3.55,3.5,4,-0.4500000000000002,-0.5,0.471,-112,-108
2026-05-15,Jack Leiter,Texas Rangers,Houston Astros,7.31,6.5,6,1.3099999999999996,0.5,0.593,116,-154
2026-05-15,Janson Junk,Miami Marlins,Tampa Bay Rays,3.55,3.5,4,-0.4500000000000002,-0.5,0.47,-130,-102
2026-05-15,Joe Ryan,Minnesota Twins,Milwaukee Brewers,5.12,5.5,7,-1.88,-1.5,0.401,112,-138
2026-05-15,Kyle Freeland,Colorado Rockies,Arizona Diamondbacks,4.1,3.5,3,1.0999999999999996,0.5,0.583,134,-164
2026-05-15,Merrill Kelly,Arizona Diamondbacks,Colorado Rockies,4.8,4.5,3,1.7999999999999998,1.5,0.52,-102,-130
2026-05-15,Michael Wacha,Kansas City Royals,St. Louis Cardinals,5.2,4.5,5,0.20000000000000018,-0.5,0.591,-108,-122
2026-05-15,Sean Burke,Chicago White Sox,Chicago Cubs,4.93,4.5,5,-0.07000000000000028,-0.5,0.544,104,-128
2026-05-15,Spencer Arrighetti,Houston Astros,Texas Rangers,7.48,5.5,5,2.4800000000000004,0.5,0.754,-130,106
2026-05-15,Spencer Strider,Atlanta Braves,Boston Red Sox,7.9,6.5,4,3.9000000000000004,2.5,0.672,114,-140
2026-05-15,Tanner Bibee,Cleveland Guardians,Cincinnati Reds,5.35,5.5,2,3.3499999999999996,3.5,0.441,-162,132
2026-05-15,Trey Yesavage,Toronto Blue Jays,Detroit Tigers,4.32,5.5,6,-1.6799999999999997,-0.5,0.263,-102,-130
2026-05-15,Tyler Mahle,San Francisco Giants,Athletics,5.34,5.5,6,-0.6600000000000001,-0.5,0.44,126,-166
2026-05-15,Zack Littell,Washington Nationals,Baltimore Orioles,3.05,3.5,3,0.04999999999999982,0.5,0.36,130,-160
2026-05-16,Bryce Elder,Atlanta Braves,Boston Red Sox,4.89,5.5,3,1.8899999999999997,2.5,0.351,138,-170
2026-05-16,Bubba Chandler,Pittsburgh Pirates,Philadelphia Phillies,3.99,4.5,2,1.9900000000000002,2.5,0.353,102,-124
2026-05-16,Carlos Rodon,New York Yankees,New York Mets,5.85,5.5,6,-0.15000000000000036,-0.5,0.517,110,-146
2026-05-16,Casey Mize,Detroit Tigers,Toronto Blue Jays,4.46,3.5,4,0.45999999999999996,-0.5,0.637,-154,126
2026-05-16,Chris Bassitt,Baltimore Orioles,Washington Nationals,3.82,4.5,4,-0.18000000000000016,0.5,0.322,120,-160
2026-05-16,Chris Paddack,Cincinnati Reds,Cleveland Guardians,3.59,3.5,3,0.5899999999999999,0.5,0.467,130,-174
2026-05-16,Cristopher Sanchez,Philadelphia Phillies,Pittsburgh Pirates,6.52,7.5,13,-6.48,-5.5,0.318,112,-148
2026-05-16,Davis Martin,Chicago White Sox,Chicago Cubs,5.38,4.5,7,-1.62,-2.5,0.611,-172,140
2026-05-16,Eduardo Rodriguez,Arizona Diamondbacks,Colorado Rockies,4.16,4.5,6,-1.8399999999999999,-1.5,0.388,-130,-102
2026-05-16,Jacob deGrom,Texas Rangers,Houston Astros,7.48,7.5,4,3.4800000000000004,3.5,0.46,110,-146
2026-05-16,Jameson Taillon,Chicago Cubs,Chicago White Sox,4.78,4.5,2,2.7800000000000002,2.5,0.506,-152,114
2026-05-16,Joey Cantillo,Cleveland Guardians,Cincinnati Reds,4.59,4.5,4,0.5899999999999999,0.5,0.47,-168,136
2026-05-16,Jose Soriano,Los Angeles Angels,Los Angeles Dodgers,4.99,5.5,6,-1.0099999999999998,-0.5,0.368,-115,-105
2026-05-16,Justin Wrobleski,Los Angeles Dodgers,Los Angeles Angels,4.13,4.5,5,-0.8700000000000001,-0.5,0.381,-152,116
2026-05-16,Kai-Wei Teng,Houston Astros,Texas Rangers,5.43,4.5,7,-1.5700000000000003,-2.5,0.618,116,-142
2026-05-16,Kyle Leahy,St. Louis Cardinals,Kansas City Royals,4.19,3.5,2,2.1900000000000004,1.5,0.589,-138,112
2026-05-16,Logan Gilbert,Seattle Mariners,San Diego Padres,6.46,6.5,5,1.46,1.5,0.454,102,-124
2026-05-16,Logan Henderson,Milwaukee Brewers,Minnesota Twins,5.59,5.5,7,-1.4100000000000001,-1.5,0.472,120,-160
2026-05-16,Luis Severino,Athletics,San Francisco Giants,5.53,4.5,7,-1.4699999999999998,-2.5,0.635,-130,106
2026-05-16,Nick Martinez,Tampa Bay Rays,Miami Marlins,4.46,3.5,4,0.45999999999999996,-0.5,0.637,-144,118
2026-05-16,Noah Cameron,Kansas City Royals,St. Louis Cardinals,4.0,4.5,4,0.0,0.5,0.355,124,-166
2026-05-16,Payton Tolle,Boston Red Sox,Atlanta Braves,6.11,4.5,3,3.1100000000000003,1.5,0.719,-158,118
2026-05-16,Sandy Alcantara,Miami Marlins,Tampa Bay Rays,4.21,4.5,6,-1.79,-1.5,0.397,118,-158
2026-05-16,Tomoyuki Sugano,Colorado Rockies,Arizona Diamondbacks,2.25,2.5,1,1.25,1.5,0.37,-134,110
2026-05-16,Trevor McDonald,San Francisco Giants,Athletics,4.92,4.5,5,-0.08000000000000007,-0.5,0.531,-104,-128
2026-05-16,Walker Buehler,San Diego Padres,Seattle Mariners,5.05,3.5,6,-0.9500000000000002,-2.5,0.731,-174,130
2026-05-17,Adrian Houser,San Francisco Giants,Athletics,3.42,3.5,3,0.41999999999999993,0.5,0.431,-114,-114
2026-05-17,Bailey Ober,Minnesota Twins,Milwaukee Brewers,6.38,4.5,1,5.38,3.5,0.754,138,-170
2026-05-17,Brayan Bello,Boston Red Sox,Atlanta Braves,3.29,3.5,1,2.29,2.5,0.403,-132,100
2026-05-17,Colin Rea,Chicago Cubs,Chicago White Sox,4.49,4.5,4,0.4900000000000002,0.5,0.451,-110,-120
2026-05-17,Elmer Rodriguez,New York Yankees,New York Mets,3.33,3.5,1,2.33,2.5,0.409,-120,-110
2026-05-17,Erick Fedde,Chicago White Sox,Chicago Cubs,3.71,3.5,2,1.71,1.5,0.494,118,-144
2026-05-17,Eury Perez,Miami Marlins,Tampa Bay Rays,5.65,5.5,5,0.6500000000000004,0.5,0.485,116,-154
2026-05-17,Freddy Peralta,New York Mets,New York Yankees,7.04,6.5,4,3.04,2.5,0.545,112,-138
2026-05-17,Gavin Williams,Cleveland Guardians,Cincinnati Reds,7.69,7.5,7,0.6900000000000004,0.5,0.492,-105,-115
2026-05-17,George Kirby,Seattle Mariners,San Diego Padres,5.32,5.5,6,-0.6799999999999997,-0.5,0.427,110,-134
2026-05-17,Grant Holmes,Atlanta Braves,Boston Red Sox,4.27,4.5,4,0.2699999999999996,0.5,0.41,-150,122
2026-05-17,Grayson Rodriguez,Los Angeles Angels,Los Angeles Dodgers,6.04,5.5,4,2.04,1.5,0.549,116,-142
2026-05-17,Jack Flaherty,Detroit Tigers,Toronto Blue Jays,3.71,4.5,4,-0.29000000000000004,0.5,0.302,-128,104
2026-05-17,Jeffrey Springs,Athletics,San Francisco Giants,4.56,4.5,3,1.5599999999999996,1.5,0.465,-134,110
2026-05-17,Lucas Giolito,San Diego Padres,Seattle Mariners,5.49,4.5,3,2.49,1.5,0.63,100,-132
2026-05-17,Michael Soroka,Arizona Diamondbacks,Colorado Rockies,5.51,5.5,8,-2.49,-2.5,0.461,-102,-130
2026-05-17,Nathan Eovaldi,Texas Rangers,Houston Astros,5.62,5.5,8,-2.38,-2.5,0.479,-158,118
2026-05-17,Peter Lambert,Houston Astros,Texas Rangers,4.77,4.5,6,-1.2300000000000004,-1.5,0.506,-140,114
2026-05-17,Robert Gasser,Milwaukee Brewers,Minnesota Twins,3.78,3.5,3,0.7799999999999998,0.5,0.507,-158,118
2026-05-17,Roki Sasaki,Los Angeles Dodgers,Los Angeles Angels,5.11,5.5,8,-2.8899999999999997,-2.5,0.39,110,-146
2026-05-17,Stephen Kolek,Kansas City Royals,St. Louis Cardinals,4.17,3.5,3,1.17,0.5,0.586,-162,122
2026-05-17,Zack Wheeler,Philadelphia Phillies,Pittsburgh Pirates,5.8,6.5,8,-2.2,-1.5,0.351,-102,-130
2026-05-18,Andrew Painter,Philadelphia Phillies,Cincinnati Reds,4.06,4.5,3,1.0599999999999996,1.5,0.362,-120,-102
2026-05-18,Brandon Sproat,Milwaukee Brewers,Chicago Cubs,4.9,4.5,5,-0.09999999999999964,-0.5,0.522,124,-166
2026-05-18,Bryan Woo,Seattle Mariners,Chicago White Sox,5.22,6.5,8,-2.7800000000000002,-1.5,0.255,106,-130
2026-05-18,Christian Scott,New York Mets,Washington Nationals,3.94,4.5,5,-1.06,-0.5,0.339,-102,-130
2026-05-18,Framber Valdez,Detroit Tigers,Cleveland Guardians,4.4,4.5,3,1.4000000000000004,1.5,0.428,-118,-104
2026-05-18,J.T. Ginn,Athletics,Los Angeles Angels,5.9,5.5,10,-4.1,-4.5,0.52,106,-140
2026-05-18,Jake Irvin,Washington Nationals,New York Mets,3.96,4.5,6,-2.04,-1.5,0.343,124,-152
2026-05-18,Jose Quintana,Colorado Rockies,Texas Rangers,3.62,3.5,4,-0.3799999999999999,-0.5,0.467,130,-160
2026-05-18,JR Ritchie,Atlanta Braves,Miami Marlins,3.86,4.5,4,-0.14000000000000012,0.5,0.323,124,-166
2026-05-18,MacKenzie Gore,Texas Rangers,Colorado Rockies,6.13,5.5,2,4.13,3.5,0.559,-166,124
2026-05-18,Max Meyer,Miami Marlins,Atlanta Braves,5.26,5.5,6,-0.7400000000000002,-0.5,0.41,112,-138
2026-05-18,Michael King,San Diego Padres,Los Angeles Dodgers,6.3,5.5,9,-2.7,-3.5,0.585,104,-128
2026-05-18,Nick Lodolo,Cincinnati Reds,Philadelphia Phillies,5.49,5.5,3,2.49,2.5,0.452,102,-136
2026-05-18,Noah Schultz,Chicago White Sox,Seattle Mariners,4.09,4.5,6,-1.9100000000000001,-1.5,0.368,-140,106
2026-05-18,Patrick Corbin,Toronto Blue Jays,New York Yankees,3.18,3.5,3,0.18000000000000016,0.5,0.369,-140,106
2026-05-18,Robbie Ray,San Francisco Giants,Arizona Diamondbacks,5.51,4.5,1,4.51,3.5,0.627,112,-148
2026-05-18,Ryan Weathers,New York Yankees,Toronto Blue Jays,4.85,5.5,7,-2.1500000000000004,-1.5,0.339,110,-134
2026-05-18,Seth Lugo,Kansas City Royals,Boston Red Sox,5.22,4.5,5,0.21999999999999975,-0.5,0.58,-120,-102
2026-05-18,Slade Cecconi,Cleveland Guardians,Detroit Tigers,4.29,4.5,4,0.29000000000000004,0.5,0.407,124,-166
2026-05-18,Sonny Gray,Boston Red Sox,Kansas City Royals,4.15,3.5,9,-4.85,-5.5,0.575,-174,130
2026-05-18,Tatsuya Imai,Houston Astros,Minnesota Twins,4.07,4.5,5,-0.9299999999999997,-0.5,0.363,110,-146
2026-05-18,Trevor Rogers,Baltimore Orioles,Tampa Bay Rays,3.62,4.5,3,0.6200000000000001,1.5,0.278,108,-144
2026-05-18,Walbert Urena,Los Angeles Angels,Athletics,5.28,4.5,4,1.2800000000000002,0.5,0.589,-115,-105
2026-05-18,Yoshinobu Yamamoto,Los Angeles Dodgers,San Diego Padres,7.51,6.5,8,-0.4900000000000002,-1.5,0.608,-128,-104
2026-05-18,Zac Gallen,Arizona Diamondbacks,San Francisco Giants,4.04,4.5,5,-0.96,-0.5,0.357,132,-162
2026-05-19,Anthony Kay,Chicago White Sox,Seattle Mariners,5.03,4.5,5,0.03000000000000025,-0.5,0.551,104,-138
2026-05-19,Ben Brown,Chicago Cubs,Milwaukee Brewers,5.31,4.5,6,-0.6900000000000004,-1.5,0.599,-110,-110
2026-05-19,Braxton Garrett,Miami Marlins,Atlanta Braves,6.14,4.5,2,4.14,2.5,0.723,118,-144
2026-05-19,Bryce Miller,Seattle Mariners,Chicago White Sox,5.44,4.5,7,-1.5599999999999996,-2.5,0.62,-102,-120
2026-05-19,Chase Burns,Cincinnati Reds,Philadelphia Phillies,7.1,6.5,9,-1.9000000000000004,-2.5,0.553,120,-160
2026-05-19,Dylan Cease,Toronto Blue Jays,New York Yankees,8.79,7.5,9,-0.21000000000000085,-1.5,0.641,104,-138
2026-05-19,Emmet Sheehan,Los Angeles Dodgers,San Diego Padres,6.84,5.5,2,4.84,3.5,0.668,-148,112
2026-05-19,Foster Griffin,Washington Nationals,New York Mets,4.63,4.5,5,-0.3700000000000001,-0.5,0.478,-156,122
2026-05-19,Griffin Canning,San Diego Padres,Los Angeles Dodgers,4.13,4.5,5,-0.8700000000000001,-0.5,0.382,108,-132
2026-05-19,Griffin Jax,Tampa Bay Rays,Baltimore Orioles,3.7,4.5,6,-2.3,-1.5,0.297,-118,-104
2026-05-19,Jacob Lopez,Athletics,Los Angeles Angels,4.81,5.5,2,2.8099999999999996,3.5,0.336,130,-174
2026-05-19,Jacob Misiorowski,Milwaukee Brewers,Chicago Cubs,8.2,7.5,8,0.1999999999999993,-0.5,0.563,-102,-130
2026-05-19,Jesus Luzardo,Philadelphia Phillies,Cincinnati Reds,6.33,6.5,5,1.33,1.5,0.434,-144,118
2026-05-19,Kyle Bradish,Baltimore Orioles,Tampa Bay Rays,5.87,5.5,6,-0.1299999999999999,-0.5,0.52,104,-138
2026-05-19,Landen Roupp,San Francisco Giants,Arizona Diamondbacks,5.64,4.5,3,2.6399999999999997,1.5,0.652,-136,102
2026-05-19,Matthew Liberatore,St. Louis Cardinals,Pittsburgh Pirates,3.8,4.5,9,-5.2,-4.5,0.316,-122,100
2026-05-19,Nolan McLean,New York Mets,Washington Nationals,6.26,6.5,5,1.2599999999999998,1.5,0.423,130,-156
2026-05-19,Parker Messick,Cleveland Guardians,Detroit Tigers,6.8,5.5,6,0.7999999999999998,-0.5,0.663,-148,112
2026-05-19,Ranger Suarez,Boston Red Sox,Kansas City Royals,4.34,4.5,3,1.3399999999999999,1.5,0.422,106,-140
2026-05-19,Reid Detmers,Los Angeles Angels,Athletics,5.59,6.5,8,-2.41,-1.5,0.315,-134,110
2026-05-19,Ryne Nelson,Arizona Diamondbacks,San Francisco Giants,4.45,4.5,3,1.4500000000000002,1.5,0.443,-104,-118
2026-05-19,Will Warren,New York Yankees,Toronto Blue Jays,6.46,5.5,3,3.46,2.5,0.613,108,-132
2026-05-19,Zebby Matthews,Minnesota Twins,Houston Astros,5.8,5.5,6,-0.20000000000000018,-0.5,0.509,128,-158
2026-05-20,Aaron Nola,Philadelphia Phillies,Cincinnati Reds,5.2,5.5,5,0.20000000000000018,0.5,0.403,-115,-105
2026-05-20,Andrew Abbott,Cincinnati Reds,Philadelphia Phillies,4.25,4.5,3,1.25,1.5,0.402,104,-138
2026-05-20,Cam Schlittler,New York Yankees,Toronto Blue Jays,6.96,5.5,7,-0.040000000000000036,-1.5,0.682,-142,116
2026-05-20,Carmen Mlodzinski,Pittsburgh Pirates,St. Louis Cardinals,4.27,4.5,1,3.2699999999999996,3.5,0.405,122,-162
2026-05-20,Chris Sale,Atlanta Braves,Miami Marlins,7.27,7.5,8,-0.7300000000000004,-0.5,0.428,102,-136
2026-05-20,Connelly Early,Boston Red Sox,Kansas City Royals,5.06,4.5,5,0.05999999999999961,-0.5,0.554,-132,100
2026-05-20,Edward Cabrera,Chicago Cubs,Milwaukee Brewers,5.49,5.5,2,3.49,3.5,0.454,134,-164
2026-05-20,Emerson Hancock,Seattle Mariners,Chicago White Sox,5.66,5.5,4,1.6600000000000001,1.5,0.483,-122,100
2026-05-20,Jack Kochanowicz,Los Angeles Angels,Athletics,3.83,3.5,7,-3.17,-3.5,0.514,-140,114
2026-05-20,Joe Ryan,Minnesota Twins,Houston Astros,4.95,6.5,9,-4.05,-2.5,0.217,112,-138
2026-05-20,Kyle Freeland,Colorado Rockies,Texas Rangers,4.18,4.5,4,0.17999999999999972,0.5,0.387,116,-142
2026-05-20,Kyle Harrison,Milwaukee Brewers,Chicago Cubs,5.07,5.5,11,-5.93,-5.5,0.379,110,-146
2026-05-20,Merrill Kelly,Arizona Diamondbacks,San Francisco Giants,4.8,4.5,4,0.7999999999999998,0.5,0.506,120,-148
2026-05-20,Michael McGreevy,St. Louis Cardinals,Pittsburgh Pirates,3.91,3.5,1,2.91,2.5,0.529,-158,128
2026-05-20,Michael Wacha,Kansas City Royals,Boston Red Sox,4.6,4.5,8,-3.4000000000000004,-3.5,0.468,-106,-114
2026-05-20,Mike Burrows,Houston Astros,Minnesota Twins,5.8,4.5,2,3.8,2.5,0.673,-168,126
2026-05-20,Sean Burke,Chicago White Sox,Seattle Mariners,5.08,5.5,5,0.08000000000000007,0.5,0.382,118,-158
2026-05-20,Shane Baz,Baltimore Orioles,Tampa Bay Rays,5.03,4.5,6,-0.9699999999999998,-1.5,0.548,-112,-118
2026-05-20,Shohei Ohtani,Los Angeles Dodgers,San Diego Padres,7.77,7.5,4,3.7699999999999996,3.5,0.501,114,-152
2026-05-20,Tanner Bibee,Cleveland Guardians,Detroit Tigers,4.77,4.5,5,-0.23000000000000043,-0.5,0.501,-158,118
2026-05-20,Trey Yesavage,Toronto Blue Jays,New York Yankees,5.56,5.5,8,-2.4400000000000004,-2.5,0.466,-158,118
2026-05-20,Tyler Mahle,San Francisco Giants,Arizona Diamondbacks,5.68,4.5,6,-0.3200000000000003,-1.5,0.656,116,-152
2026-05-20,Zack Littell,Washington Nationals,New York Mets,2.64,2.5,3,-0.3599999999999999,-0.5,0.469,-158,128
2026-05-21,Braxton Ashcraft,Pittsburgh Pirates,St. Louis Cardinals,6.11,5.5,9,-2.8899999999999997,-3.5,0.558,118,-158
2026-05-21,Cade Cavalli,Washington Nationals,New York Mets,5.73,4.5,9,-3.2699999999999996,-4.5,0.663,-144,118
2026-05-21,Carlos Rodon,New York Yankees,Toronto Blue Jays,5.79,5.5,7,-1.21,-1.5,0.505,120,-148
2026-05-21,Casey Mize,Detroit Tigers,Cleveland Guardians,3.93,4.5,4,-0.06999999999999984,0.5,0.339,100,-120
2026-05-21,David Peterson,New York Mets,Washington Nationals,4.44,4.5,3,1.4400000000000004,1.5,0.438,-112,-118
2026-05-21,Dustin May,St. Louis Cardinals,Pittsburgh Pirates,4.59,4.5,7,-2.41,-2.5,0.466,-134,110
2026-05-21,Eduardo Rodriguez,Arizona Diamondbacks,Colorado Rockies,5.19,5.5,4,1.1900000000000004,1.5,0.401,110,-134
2026-05-21,Joey Cantillo,Cleveland Guardians,Detroit Tigers,4.33,5.5,6,-1.67,-0.5,0.253,118,-158
2026-05-21,Jose Soriano,Los Angeles Angels,Athletics,5.74,6.5,7,-1.2599999999999998,-0.5,0.337,106,-130
2026-05-21,Luis Severino,Athletics,Los Angeles Angels,6.51,5.5,10,-3.49,-4.5,0.619,-132,100
2026-05-21,Sandy Alcantara,Miami Marlins,Atlanta Braves,4.21,4.5,3,1.21,1.5,0.393,-122,100
2026-05-21,Spencer Strider,Atlanta Braves,Miami Marlins,6.76,5.5,9,-2.24,-3.5,0.655,-136,102
2026-05-22,Bryce Elder,Atlanta Braves,Washington Nationals,5.71,4.5,4,1.71,0.5,0.666,-124,102
2026-05-22,Bubba Chandler,Pittsburgh Pirates,Toronto Blue Jays,3.74,3.5,11,-7.26,-7.5,0.501,-158,118
2026-05-22,Cristopher Sanchez,Philadelphia Phillies,Cleveland Guardians,7.96,6.5,6,1.96,0.5,0.675,-110,-110
2026-05-22,Davis Martin,Chicago White Sox,San Francisco Giants,6.24,4.5,7,-0.7599999999999998,-2.5,0.738,-172,128
2026-05-22,Eury Perez,Miami Marlins,New York Mets,6.23,5.5,5,1.2300000000000004,0.5,0.582,-128,104
2026-05-22,Gavin Williams,Cleveland Guardians,Philadelphia Phillies,7.62,6.5,11,-3.38,-4.5,0.631,-108,-122
2026-05-22,Gerrit Cole,New York Yankees,Tampa Bay Rays,5.8,4.5,2,3.8,2.5,0.679,-152,124
2026-05-22,Grayson Rodriguez,Los Angeles Angels,Texas Rangers,6.05,5.5,5,1.0499999999999998,0.5,0.553,100,-122
2026-05-22,Jack Flaherty,Detroit Tigers,Baltimore Orioles,5.73,5.5,7,-1.2699999999999996,-1.5,0.501,-106,-125
2026-05-22,Justin Wrobleski,Los Angeles Dodgers,Milwaukee Brewers,4.28,3.5,4,0.28000000000000025,-0.5,0.609,-166,124
2026-05-22,Kevin Gausman,Toronto Blue Jays,Pittsburgh Pirates,5.95,5.5,8,-2.05,-2.5,0.537,-160,130
2026-05-22,Logan Gilbert,Seattle Mariners,Kansas City Royals,5.97,5.5,6,-0.03000000000000025,-0.5,0.539,-102,-130
2026-05-22,Logan Henderson,Milwaukee Brewers,Los Angeles Dodgers,6.04,5.5,7,-0.96,-1.5,0.552,-120,-116
2026-05-22,Michael Soroka,Arizona Diamondbacks,Colorado Rockies,5.81,6.5,2,3.8099999999999996,4.5,0.354,130,-175
2026-05-22,Nick Martinez,Tampa Bay Rays,New York Yankees,4.84,4.5,1,3.84,3.5,0.52,114,-152
2026-05-22,Noah Cameron,Kansas City Royals,Seattle Mariners,4.89,4.5,8,-3.1100000000000003,-3.5,0.529,-130,106
2026-05-22,Payton Tolle,Boston Red Sox,Minnesota Twins,5.77,5.5,9,-3.2300000000000004,-3.5,0.506,-115,-105
2026-05-22,Spencer Arrighetti,Houston Astros,Chicago Cubs,6.12,5.5,5,1.12,0.5,0.564,120,-147
2026-05-22,Tomoyuki Sugano,Colorado Rockies,Arizona Diamondbacks,3.1,2.5,3,0.10000000000000009,-0.5,0.586,-118,-112
2026-05-22,Trevor McDonald,San Francisco Giants,Chicago White Sox,6.3,4.5,4,2.3,0.5,0.746,-144,118
2026-05-23,Adrian Houser,San Francisco Giants,Chicago White Sox,3.62,3.5,5,-1.38,-1.5,0.476,-140,114
2026-05-23,Andre Pallante,St. Louis Cardinals,Cincinnati Reds,4.04,4.5,3,1.04,1.5,0.367,102,-136
2026-05-23,Chase Petty,Cincinnati Reds,St. Louis Cardinals,2.69,3.5,1,1.69,2.5,0.271,-114,-106
2026-05-23,Chris Paddack,Cincinnati Reds,St. Louis Cardinals,3.1,3.5,5,-1.9,-1.5,0.362,-134,110
2026-05-23,Colin Rea,Chicago Cubs,Houston Astros,3.84,4.5,4,-0.16000000000000014,0.5,0.327,-102,-120
2026-05-23,Freddy Peralta,New York Mets,Miami Marlins,6.4,5.5,9,-2.5999999999999996,-3.5,0.607,-125,-106
2026-05-23,Grant Holmes,Atlanta Braves,Washington Nationals,5.33,4.5,10,-4.67,-5.5,0.605,-105,-115
2026-05-23,J.T. Ginn,Athletics,San Diego Padres,5.91,4.5,4,1.9100000000000001,0.5,0.694,-140,106
2026-05-23,Jake Irvin,Washington Nationals,Atlanta Braves,4.9,4.5,7,-2.0999999999999996,-2.5,0.53,116,-154
2026-05-23,Kai-Wei Teng,Houston Astros,Chicago Cubs,3.62,3.5,6,-2.38,-2.5,0.476,-146,110
2026-05-23,Kyle Leahy,St. Louis Cardinals,Cincinnati Reds,3.78,4.5,8,-4.220000000000001,-3.5,0.315,102,-136
2026-05-23,Lucas Giolito,San Diego Padres,Athletics,5.61,4.5,2,3.6100000000000003,2.5,0.65,106,-130
2026-05-23,Michael Lorenzen,Colorado Rockies,Arizona Diamondbacks,4.36,3.5,5,-0.6399999999999997,-1.5,0.623,100,-132
2026-05-23,Nathan Eovaldi,Texas Rangers,Los Angeles Angels,5.73,6.5,6,-0.2699999999999996,0.5,0.34,-108,-122
2026-05-23,Patrick Corbin,Toronto Blue Jays,Pittsburgh Pirates,3.85,4.5,7,-3.15,-2.5,0.329,106,-130
2026-05-23,Paul Skenes,Pittsburgh Pirates,Toronto Blue Jays,6.93,6.5,2,4.93,4.5,0.53,-110,-118
2026-05-23,Robert Gasser,Milwaukee Brewers,Los Angeles Dodgers,2.9,3.5,4,-1.1,-0.5,0.316,-132,108
2026-05-23,Roki Sasaki,Los Angeles Dodgers,Milwaukee Brewers,4.65,4.5,4,0.6500000000000004,0.5,0.483,-172,126
2026-05-23,Stephen Kolek,Kansas City Royals,Seattle Mariners,3.99,3.5,2,1.9900000000000002,1.5,0.551,-150,122
2026-05-23,Taj Bradley,Minnesota Twins,Boston Red Sox,6.25,4.5,7,-0.75,-2.5,0.739,-102,-130
2026-05-23,Zac Gallen,Arizona Diamondbacks,Colorado Rockies,4.43,5.5,6,-1.5700000000000003,-0.5,0.274,128,-158
2026-05-24,Bailey Ober,Minnesota Twins,Boston Red Sox,5.02,4.5,3,2.0199999999999996,1.5,0.557,122,-162
2026-05-24,Brandon Young,Baltimore Orioles,Detroit Tigers,3.77,4.5,4,-0.22999999999999998,0.5,0.321,116,-142
2026-05-24,Bryan Woo,Seattle Mariners,Kansas City Royals,4.89,5.5,4,0.8899999999999997,1.5,0.359,120,-160
2026-05-24,Christian Scott,New York Mets,Miami Marlins,4.01,4.5,5,-0.9900000000000002,-0.5,0.366,-136,102
2026-05-24,Drew Rasmussen,Tampa Bay Rays,New York Yankees,5.67,5.5,6,-0.33000000000000007,-0.5,0.495,116,-154
2026-05-24,Dylan Cease,Toronto Blue Jays,Pittsburgh Pirates,8.98,7.5,8,0.9800000000000004,-0.5,0.67,-144,118
2026-05-24,Foster Griffin,Washington Nationals,Atlanta Braves,5.59,4.5,6,-0.41000000000000014,-1.5,0.651,-104,-128
2026-05-24,Framber Valdez,Detroit Tigers,Baltimore Orioles,4.49,5.5,5,-0.5099999999999998,0.5,0.29,110,-146
2026-05-24,Jose Quintana,Colorado Rockies,Arizona Diamondbacks,3.25,2.5,0,3.25,2.5,0.624,104,-138
2026-05-24,MacKenzie Gore,Texas Rangers,Los Angeles Angels,5.42,5.5,7,-1.58,-1.5,0.451,-154,116
2026-05-24,Martin Perez,Atlanta Braves,Washington Nationals,4.09,4.5,2,2.09,2.5,0.382,122,-150
2026-05-24,Michael King,San Diego Padres,Athletics,5.34,5.5,4,1.3399999999999999,1.5,0.438,-152,124
2026-05-24,Mitch Keller,Pittsburgh Pirates,Toronto Blue Jays,4.53,4.5,5,-0.46999999999999975,-0.5,0.468,132,-178
2026-05-24,Noah Schultz,Chicago White Sox,San Francisco Giants,5.53,4.5,1,4.53,3.5,0.642,-114,-114
2026-05-24,Peter Lambert,Houston Astros,Chicago Cubs,5.08,4.5,5,0.08000000000000007,-0.5,0.569,-114,-114
2026-05-24,Reid Detmers,Los Angeles Angels,Texas Rangers,6.11,6.5,14,-7.89,-7.5,0.407,-128,104
2026-05-24,Robbie Ray,San Francisco Giants,Chicago White Sox,5.91,5.5,3,2.91,2.5,0.535,-150,122
2026-05-24,Ryne Nelson,Arizona Diamondbacks,Colorado Rockies,4.58,4.5,3,1.58,1.5,0.477,-134,110
2026-05-24,Seth Lugo,Kansas City Royals,Seattle Mariners,4.81,4.5,3,1.8099999999999996,1.5,0.52,-150,122
2026-05-24,Shota Imanaga,Chicago Cubs,Houston Astros,5.9,5.5,6,-0.09999999999999964,-0.5,0.532,-142,116
2026-05-24,Sonny Gray,Boston Red Sox,Minnesota Twins,4.23,5.5,4,0.23000000000000043,1.5,0.247,106,-130
2026-05-24,Trevor Rogers,Baltimore Orioles,Detroit Tigers,3.54,5.5,2,1.54,3.5,0.143,116,-142
2026-05-25,Aaron Civale,Athletics,Seattle Mariners,4.02,3.5,2,2.0199999999999996,1.5,0.561,-150,122
2026-05-25,Anthony Kay,Chicago White Sox,Minnesota Twins,4.31,4.5,5,-0.6900000000000004,-0.5,0.423,122,-150
2026-05-25,Ben Brown,Chicago Cubs,Pittsburgh Pirates,4.61,5.5,7,-2.3899999999999997,-1.5,0.307,106,-140
2026-05-25,Carmen Mlodzinski,Pittsburgh Pirates,Chicago Cubs,3.95,4.5,2,1.9500000000000002,2.5,0.354,124,-152
2026-05-25,Emmet Sheehan,Los Angeles Dodgers,Colorado Rockies,5.51,6.5,8,-2.49,-1.5,0.308,114,-140
2026-05-25,Jacob Misiorowski,Milwaukee Brewers,St. Louis Cardinals,8.99,8.5,12,-3.01,-3.5,0.537,124,-152
2026-05-25,Jesus Luzardo,Philadelphia Phillies,San Diego Padres,6.76,6.5,6,0.7599999999999998,0.5,0.507,105,-140
2026-05-25,Kumar Rocker,Texas Rangers,Houston Astros,3.65,4.5,5,-1.35,-0.5,0.295,116,-142
2026-05-25,Kyle Bradish,Baltimore Orioles,Tampa Bay Rays,5.61,5.5,3,2.6100000000000003,2.5,0.482,-102,-120
2026-05-25,Luis Castillo,Seattle Mariners,Athletics,4.99,3.5,6,-1.0099999999999998,-2.5,0.727,-186,136
2026-05-25,Matthew Liberatore,St. Louis Cardinals,Milwaukee Brewers,4.09,4.5,10,-5.91,-5.5,0.38,116,-154
2026-05-25,Merrill Kelly,Arizona Diamondbacks,San Francisco Giants,4.77,4.5,4,0.7699999999999996,0.5,0.51,-106,-122
2026-05-25,Michael Wacha,Kansas City Royals,New York Yankees,4.83,4.5,5,-0.16999999999999993,-0.5,0.521,-128,104
2026-05-25,Nick Lodolo,Cincinnati Reds,New York Mets,5.59,4.5,7,-1.4100000000000001,-2.5,0.649,-180,134
2026-05-25,Nolan McLean,New York Mets,Cincinnati Reds,6.95,7.5,6,0.9500000000000002,1.5,0.387,118,-144
2026-05-25,Shane McClanahan,Tampa Bay Rays,Baltimore Orioles,5.72,6.5,3,2.7199999999999998,3.5,0.341,128,-172
2026-05-25,Tanner Bibee,Cleveland Guardians,Washington Nationals,4.98,5.5,3,1.9800000000000004,2.5,0.372,116,-142
2026-05-25,Tanner Gordon,Colorado Rockies,Los Angeles Dodgers,4.55,3.5,3,1.5499999999999998,0.5,0.658,-128,-104
2026-05-25,Tatsuya Imai,Houston Astros,Texas Rangers,4.35,4.5,2,2.3499999999999996,2.5,0.43,-146,110
2026-05-25,Trey Yesavage,Toronto Blue Jays,Miami Marlins,5.63,5.5,6,-0.3700000000000001,-0.5,0.486,-160,130
2026-05-25,Will Warren,New York Yankees,Kansas City Royals,5.64,5.5,3,2.6399999999999997,2.5,0.487,126,-168
2026-05-25,Zebby Matthews,Minnesota Twins,Chicago White Sox,5.58,5.5,6,-0.41999999999999993,-0.5,0.477,116,-154
2026-05-26,Braxton Ashcraft,Pittsburgh Pirates,Chicago Cubs,5.78,5.5,5,0.7800000000000002,0.5,0.512,-112,-108
2026-05-26,Cade Cavalli,Washington Nationals,Cleveland Guardians,6.14,4.5,7,-0.8600000000000003,-2.5,0.728,-138,104
2026-05-26,Cam Schlittler,New York Yankees,Kansas City Royals,6.5,5.5,6,0.5,-0.5,0.625,-154,116
2026-05-26,Chase Burns,Cincinnati Reds,New York Mets,7.79,6.5,8,-0.20999999999999996,-1.5,0.655,-122,-108
2026-05-26,Eduardo Rodriguez,Arizona Diamondbacks,San Francisco Giants,5.67,4.5,6,-0.33000000000000007,-1.5,0.662,-138,104
2026-05-26,Emerson Hancock,Seattle Mariners,Athletics,5.48,4.5,3,2.4800000000000004,1.5,0.633,100,-132
2026-05-26,Eric Lauer,Los Angeles Dodgers,Colorado Rockies,3.66,4.5,4,-0.33999999999999986,0.5,0.298,104,-128
2026-05-26,Griffin Jax,Tampa Bay Rays,Baltimore Orioles,4.05,5.5,3,1.0499999999999998,2.5,0.216,122,-162
2026-05-26,Jack Leiter,Texas Rangers,Houston Astros,5.62,5.5,4,1.62,1.5,0.485,-104,-118
2026-05-26,Jason Alexander,Houston Astros,Texas Rangers,4.0,3.5,4,0.0,-0.5,0.559,-130,-102
2026-05-26,Joe Ryan,Minnesota Twins,Chicago White Sox,5.63,6.5,9,-3.37,-2.5,0.329,138,-186
2026-05-26,Joey Cantillo,Cleveland Guardians,Washington Nationals,4.98,5.5,1,3.9800000000000004,4.5,0.375,120,-160
2026-05-26,Jordan Wicks,Chicago Cubs,Pittsburgh Pirates,4.01,3.5,5,-0.9900000000000002,-1.5,0.56,-158,118
2026-05-26,Keider Montero,Detroit Tigers,Los Angeles Angels,3.74,4.5,7,-3.26,-2.5,0.312,118,-144
2026-05-26,Kyle Freeland,Colorado Rockies,Los Angeles Dodgers,3.09,3.5,4,-0.9100000000000001,-0.5,0.363,-130,-102
2026-05-26,Kyle Harrison,Milwaukee Brewers,St. Louis Cardinals,5.97,6.5,2,3.9699999999999998,4.5,0.382,110,-134
2026-05-26,Michael McGreevy,St. Louis Cardinals,Milwaukee Brewers,4.19,3.5,6,-1.8099999999999996,-2.5,0.596,-122,-108
2026-05-26,Randy Vasquez,San Diego Padres,Philadelphia Phillies,4.09,3.5,2,2.09,1.5,0.577,-150,122
2026-05-26,Ranger Suarez,Boston Red Sox,Atlanta Braves,4.43,4.5,4,0.4299999999999997,0.5,0.447,-108,-112
2026-05-26,Sean Burke,Chicago White Sox,Minnesota Twins,4.72,4.5,8,-3.2800000000000002,-3.5,0.502,-130,106
2026-05-26,Shane Baz,Baltimore Orioles,Tampa Bay Rays,5.3,4.5,9,-3.7,-4.5,0.604,-122,100
2026-05-26,Spencer Strider,Atlanta Braves,Boston Red Sox,6.34,5.5,5,1.3399999999999999,0.5,0.601,-130,-102
2026-05-26,Tyler Mahle,San Francisco Giants,Arizona Diamondbacks,4.72,4.5,3,1.7199999999999998,1.5,0.502,116,-142
2026-05-27,Andrew Abbott,Cincinnati Reds,New York Mets,4.8,4.5,4,0.7999999999999998,0.5,0.517,116,-154
2026-05-27,Bubba Chandler,Pittsburgh Pirates,Chicago Cubs,4.37,4.5,5,-0.6299999999999999,-0.5,0.435,-115,-105
2026-05-27,Casey Mize,Detroit Tigers,Los Angeles Angels,5.01,5.5,6,-0.9900000000000002,-0.5,0.379,-105,-115
2026-05-27,Connelly Early,Boston Red Sox,Atlanta Braves,5.55,5.5,7,-1.4500000000000002,-1.5,0.473,134,-164
2026-05-27,Cristopher Sanchez,Philadelphia Phillies,San Diego Padres,8.35,6.5,9,-0.6500000000000004,-2.5,0.724,-140,106
2026-05-27,Gavin Williams,Cleveland Guardians,Washington Nationals,7.49,6.5,4,3.49,2.5,0.616,-110,-110
2026-05-27,Gerrit Cole,New York Yankees,Kansas City Royals,5.17,4.5,10,-4.83,-5.5,0.582,-106,-125
2026-05-27,Jacob deGrom,Texas Rangers,Houston Astros,6.35,6.5,6,0.34999999999999964,0.5,0.444,-140,114
2026-05-27,Jameson Taillon,Chicago Cubs,Pittsburgh Pirates,5.12,4.5,4,1.12,0.5,0.574,-104,-128
2026-05-27,Michael Soroka,Arizona Diamondbacks,San Francisco Giants,4.94,4.5,3,1.9400000000000004,1.5,0.542,-166,124
2026-05-27,Mike Burrows,Houston Astros,Texas Rangers,5.22,4.5,6,-0.7800000000000002,-1.5,0.59,-104,-128
2026-05-27,Noah Cameron,Kansas City Royals,New York Yankees,4.39,4.5,4,0.3899999999999997,0.5,0.439,-110,-110
2026-05-27,Steven Matz,Tampa Bay Rays,Baltimore Orioles,4.21,4.5,2,2.21,2.5,0.405,104,-138
2026-05-27,Trevor McDonald,San Francisco Giants,Arizona Diamondbacks,4.8,3.5,6,-1.2000000000000002,-2.5,0.7,-172,140
2026-05-27,Trey Gibson,Baltimore Orioles,Tampa Bay Rays,3.02,3.5,1,2.02,2.5,0.349,100,-122
2026-05-27,Walker Buehler,San Diego Padres,Philadelphia Phillies,4.91,4.5,2,2.91,2.5,0.536,124,-152
2026-05-28,Chris Bassitt,Baltimore Orioles,Toronto Blue Jays,3.93,3.5,2,1.9300000000000002,1.5,0.543,-170,138
2026-05-28,Davis Martin,Chicago White Sox,Minnesota Twins,6.05,5.5,5,1.0499999999999998,0.5,0.555,-112,-108
2026-05-28,Jack Flaherty,Detroit Tigers,Los Angeles Angels,4.65,6.5,9,-4.35,-2.5,0.183,118,-144
2026-05-28,Payton Tolle,Boston Red Sox,Atlanta Braves,6.18,5.5,7,-0.8200000000000003,-1.5,0.576,102,-124
2026-05-28,Spencer Arrighetti,Houston Astros,Texas Rangers,6.25,5.5,3,3.25,2.5,0.587,116,-154
2026-05-29,Andre Pallante,St. Louis Cardinals,Chicago Cubs,4.15,3.5,3,1.1500000000000004,0.5,0.588,-134,110
2026-05-29,Carlos Rodon,New York Yankees,Athletics,4.78,6.5,3,1.7800000000000002,3.5,0.2,124,-166
2026-05-29,Chris Paddack,Cincinnati Reds,Atlanta Braves,3.99,3.5,0,3.99,3.5,0.556,-124,102
2026-05-29,Coleman Crow,Milwaukee Brewers,Houston Astros,3.16,3.5,1,2.16,2.5,0.38,-166,124
2026-05-29,Freddy Peralta,New York Mets,Miami Marlins,6.75,5.5,5,1.75,0.5,0.66,104,-128
2026-05-29,George Kirby,Seattle Mariners,Arizona Diamondbacks,5.37,5.5,4,1.37,1.5,0.442,114,-140
2026-05-29,Grant Holmes,Atlanta Braves,Cincinnati Reds,5.5,5.5,5,0.5,0.5,0.464,-108,-122
2026-05-29,Justin Wrobleski,Los Angeles Dodgers,Philadelphia Phillies,4.29,4.5,9,-4.71,-4.5,0.419,-112,-108
2026-05-29,Logan Webb,San Francisco Giants,Colorado Rockies,5.62,4.5,5,0.6200000000000001,-0.5,0.655,100,-132
2026-05-29,Lucas Giolito,San Diego Padres,Washington Nationals,4.41,3.5,1,3.41,2.5,0.635,-130,-102
2026-05-29,Luis Severino,Athletics,New York Yankees,6.12,5.5,1,5.12,4.5,0.566,120,-148
2026-05-29,MacKenzie Gore,Texas Rangers,Kansas City Royals,4.78,5.5,3,1.7800000000000002,2.5,0.338,118,-144
2026-05-29,Max Meyer,Miami Marlins,New York Mets,6.56,5.5,6,0.5599999999999996,-0.5,0.633,-154,116
2026-05-29,Michael Lorenzen,Colorado Rockies,San Francisco Giants,4.02,3.5,2,2.0199999999999996,1.5,0.561,-120,-102
2026-05-29,Nick Martinez,Tampa Bay Rays,Los Angeles Angels,4.03,4.5,5,-0.9699999999999998,-0.5,0.368,116,-142
2026-05-29,Shota Imanaga,Chicago Cubs,St. Louis Cardinals,5.4,5.5,2,3.4000000000000004,3.5,0.447,130,-174
2026-05-29,Slade Cecconi,Cleveland Guardians,Boston Red Sox,4.05,4.5,3,1.0499999999999998,1.5,0.372,130,-160
2026-05-29,Taj Bradley,Minnesota Twins,Pittsburgh Pirates,6.22,5.5,6,0.21999999999999975,-0.5,0.583,-130,-105
2026-05-29,Trevor Rogers,Baltimore Orioles,Toronto Blue Jays,2.83,4.5,3,-0.16999999999999993,1.5,0.15,124,-152
2026-05-29,Troy Melton,Detroit Tigers,Chicago White Sox,4.0,4.5,1,3.0,3.5,0.363,124,-166
2026-05-29,Walbert Urena,Los Angeles Angels,Tampa Bay Rays,4.4,3.5,5,-0.5999999999999996,-1.5,0.633,-122,-108
2026-05-29,Zac Gallen,Arizona Diamondbacks,Seattle Mariners,5.02,4.5,2,3.0199999999999996,2.5,0.556,-106,-125
2026-05-30,Anthony Kay,Chicago White Sox,Detroit Tigers,4.68,4.5,3,1.6799999999999997,1.5,0.483,114,-140
2026-05-30,Bailey Ober,Minnesota Twins,Pittsburgh Pirates,4.78,3.5,3,1.7800000000000002,0.5,0.688,-158,118
2026-05-30,Ben Brown,Chicago Cubs,St. Louis Cardinals,4.87,4.5,6,-1.13,-1.5,0.519,-158,118
2026-05-30,Brady Singer,Cincinnati Reds,Atlanta Braves,3.67,4.5,2,1.67,2.5,0.288,110,-134
2026-05-30,Brandon Sproat,Milwaukee Brewers,Houston Astros,4.39,4.5,4,0.3899999999999997,0.5,0.429,-136,102
2026-05-30,Brandon Young,Baltimore Orioles,Toronto Blue Jays,3.5,3.5,7,-3.5,-3.5,0.443,-132,108
2026-05-30,Bryan Woo,Seattle Mariners,Arizona Diamondbacks,5.42,5.5,9,-3.58,-3.5,0.441,-114,-106
2026-05-30,Christian Scott,New York Mets,Miami Marlins,5.04,5.5,8,-2.96,-2.5,0.374,120,-149
2026-05-30,Drew Rasmussen,Tampa Bay Rays,Los Angeles Angels,5.44,5.5,4,1.4400000000000004,1.5,0.444,-130,106
2026-05-30,Framber Valdez,Detroit Tigers,Chicago White Sox,4.84,5.5,4,0.8399999999999999,1.5,0.339,116,-154
2026-05-30,J.T. Ginn,Athletics,New York Yankees,5.52,4.5,4,1.5199999999999996,0.5,0.631,-148,122
2026-05-30,Kumar Rocker,Texas Rangers,Kansas City Royals,3.49,4.5,2,1.4900000000000002,2.5,0.255,138,-170
2026-05-30,Martin Perez,Atlanta Braves,Cincinnati Reds,4.49,4.5,2,2.49,2.5,0.448,-114,-114
2026-05-30,Michael King,San Diego Padres,Washington Nationals,5.84,5.5,2,3.84,3.5,0.513,106,-140
2026-05-30,Parker Messick,Cleveland Guardians,Boston Red Sox,5.95,5.5,4,1.9500000000000002,1.5,0.532,-144,118
2026-05-30,Peter Lambert,Houston Astros,Milwaukee Brewers,4.88,5.5,3,1.88,2.5,0.346,124,-152
2026-05-30,Reid Detmers,Los Angeles Angels,Tampa Bay Rays,5.41,5.5,7,-1.5899999999999999,-1.5,0.44,-110,-120
2026-05-30,Ryan Weathers,New York Yankees,Athletics,5.72,5.5,10,-4.28,-4.5,0.492,-152,114
2026-05-30,Ryne Nelson,Arizona Diamondbacks,Seattle Mariners,5.82,4.5,3,2.8200000000000003,1.5,0.677,-158,116
2026-05-30,Seth Lugo,Kansas City Royals,Texas Rangers,4.71,4.5,6,-1.29,-1.5,0.489,-138,104
2026-05-30,Sonny Gray,Boston Red Sox,Cleveland Guardians,4.06,4.5,7,-2.9400000000000004,-2.5,0.364,-152,114
2026-05-30,Trey Yesavage,Toronto Blue Jays,Baltimore Orioles,6.0,6.5,4,2.0,2.5,0.378,106,-140
2026-05-30,Tyler Phillips,Miami Marlins,New York Mets,4.29,3.5,2,2.29,1.5,0.604,-115,-119
2026-05-31,Andrew Painter,Philadelphia Phillies,Los Angeles Dodgers,4.09,3.5,3,1.0899999999999999,0.5,0.565,102,-136
2026-05-31,Braxton Ashcraft,Pittsburgh Pirates,Minnesota Twins,7.16,4.5,11,-3.84,-6.5,0.827,-150,124
2026-05-31,Bryce Miller,Seattle Mariners,Arizona Diamondbacks,5.24,4.5,6,-0.7599999999999998,-1.5,0.585,110,-150
2026-05-31,Griffin Canning,San Diego Padres,Washington Nationals,4.18,4.5,3,1.1799999999999997,1.5,0.388,110,-146
2026-05-31,Jack Kochanowicz,Los Angeles Angels,Tampa Bay Rays,3.71,3.5,1,2.71,2.5,0.487,108,-144
2026-05-31,Jack Leiter,Texas Rangers,Kansas City Royals,6.1,5.5,10,-3.9000000000000004,-4.5,0.555,112,-138
2026-05-31,Jacob Lopez,Athletics,New York Yankees,4.02,3.5,3,1.0199999999999996,0.5,0.551,-160,130
2026-05-31,Jacob Misiorowski,Milwaukee Brewers,Houston Astros,9.05,8.5,8,1.0500000000000007,0.5,0.538,-110,-120
2026-05-31,Jordan Wicks,Chicago Cubs,St. Louis Cardinals,3.64,3.5,1,2.64,2.5,0.474,103,-132
2026-05-31,Matthew Liberatore,St. Louis Cardinals,Chicago Cubs,4.66,4.5,4,0.6600000000000001,0.5,0.48,-129,101
2026-05-31,Merrill Kelly,Arizona Diamondbacks,Seattle Mariners,5.78,4.5,2,3.7800000000000002,2.5,0.67,-160,120
2026-05-31,Michael Wacha,Kansas City Royals,Texas Rangers,5.82,4.5,5,0.8200000000000003,-0.5,0.677,-160,120
2026-05-31,Nick Lodolo,Cincinnati Reds,Atlanta Braves,5.17,5.5,4,1.17,1.5,0.397,-120,-102
2026-05-31,Ranger Suarez,Boston Red Sox,Cleveland Guardians,5.62,4.5,10,-4.38,-5.5,0.647,-158,116
2026-05-31,Sean Burke,Chicago White Sox,Detroit Tigers,4.85,5.5,6,-1.1500000000000004,-0.5,0.34,116,-142
2026-05-31,Spencer Miles,Toronto Blue Jays,Baltimore Orioles,5.35,3.5,2,3.3499999999999996,1.5,0.769,-136,102
2026-05-31,Spencer Strider,Atlanta Braves,Cincinnati Reds,7.26,6.5,8,-0.7400000000000002,-1.5,0.575,-132,100
2026-05-31,Tanner Bibee,Cleveland Guardians,Boston Red Sox,4.95,4.5,5,-0.04999999999999982,-0.5,0.534,-144,118
2026-05-31,Tanner Gordon,Colorado Rockies,San Francisco Giants,4.93,3.5,2,2.9299999999999997,1.5,0.711,-105,-115
2026-05-31,Tatsuya Imai,Houston Astros,Milwaukee Brewers,4.04,4.5,5,-0.96,-0.5,0.36,-106,-114
2026-05-31,Will Warren,New York Yankees,Athletics,5.79,5.5,5,0.79,0.5,0.505,122,-162
2026-05-31,Zack Littell,Washington Nationals,San Diego Padres,3.2,3.5,5,-1.7999999999999998,-1.5,0.378,110,-134
2026-05-31,Zebby Matthews,Minnesota Twins,Pittsburgh Pirates,6.28,5.5,7,-0.7199999999999998,-1.5,0.583,112,-148
2026-06-01,Cade Cavalli,Washington Nationals,Miami Marlins,6.08,5.5,6,0.08000000000000007,-0.5,0.55,106,-130
2026-06-01,David Sandlin,Chicago White Sox,Minnesota Twins,3.2,4.5,4,-0.7999999999999998,0.5,0.202,130,-174
2026-06-01,Eduardo Rodriguez,Arizona Diamondbacks,Los Angeles Dodgers,5.52,3.5,3,2.5199999999999996,0.5,0.789,-144,118
2026-06-01,Emerson Hancock,Seattle Mariners,New York Mets,5.67,5.5,7,-1.33,-1.5,0.483,132,-162
2026-06-01,Griffin Jax,Tampa Bay Rays,Detroit Tigers,3.9,4.5,5,-1.1,-0.5,0.332,-150,118
2026-06-01,Jacob deGrom,Texas Rangers,St. Louis Cardinals,6.03,5.5,8,-1.9699999999999998,-2.5,0.543,-158,118
2026-06-01,Joe Ryan,Minnesota Twins,Chicago White Sox,4.93,5.5,9,-4.07,-3.5,0.354,-158,116
2026-06-01,Jose Soriano,Los Angeles Angels,Colorado Rockies,6.29,6.5,7,-0.71,-0.5,0.424,-140,114
2026-06-01,Kyle Freeland,Colorado Rockies,Los Angeles Angels,3.79,4.5,4,-0.20999999999999996,0.5,0.31,-146,110
2026-06-01,Landen Roupp,San Francisco Giants,Milwaukee Brewers,5.06,5.5,4,1.0599999999999996,1.5,0.376,-104,-128
2026-06-01,Luinder Avila,Kansas City Royals,Cincinnati Reds,5.6,3.5,5,0.5999999999999996,-1.5,0.798,-106,-125
2026-06-01,Michael McGreevy,St. Louis Cardinals,Texas Rangers,3.15,3.5,1,2.15,2.5,0.363,-102,-120
2026-06-01,Shane Drohan,Milwaukee Brewers,San Francisco Giants,5.0,3.5,5,0.0,-1.5,0.72,105,-159
2026-06-01,Ty Madden,Detroit Tigers,Tampa Bay Rays,4.74,3.5,4,0.7400000000000002,-0.5,0.68,-146,110
2026-06-02,Aaron Nola,Philadelphia Phillies,San Diego Padres,5.33,5.5,8,-2.67,-2.5,0.425,120,-148
2026-06-02,Bryce Elder,Atlanta Braves,Toronto Blue Jays,4.66,4.5,6,-1.3399999999999999,-1.5,0.479,122,-150
2026-06-02,Bubba Chandler,Pittsburgh Pirates,Houston Astros,4.64,4.5,3,1.6399999999999997,1.5,0.475,-152,114
2026-06-02,Cam Schlittler,New York Yankees,Cleveland Guardians,6.55,6.5,3,3.55,3.5,0.465,-110,-118
2026-06-02,Connor Prielipp,Minnesota Twins,Chicago White Sox,5.31,4.5,7,-1.6900000000000004,-2.5,0.596,-150,122
2026-06-02,Davis Martin,Chicago White Sox,Minnesota Twins,6.27,5.5,2,4.27,3.5,0.581,110,-146
2026-06-02,Dustin May,St. Louis Cardinals,Texas Rangers,4.72,4.5,9,-4.28,-4.5,0.49,-144,118
2026-06-02,Eric Lauer,Los Angeles Dodgers,Arizona Diamondbacks,3.74,3.5,1,2.74,2.5,0.494,124,-166
2026-06-02,Gage Jump,Athletics,Chicago Cubs,5.58,4.5,5,0.5800000000000001,-0.5,0.639,-132,100
2026-06-02,Grayson Rodriguez,Los Angeles Angels,Colorado Rockies,5.42,5.5,3,2.42,2.5,0.44,-164,134
2026-06-02,Jack Flaherty,Detroit Tigers,Tampa Bay Rays,5.13,4.5,6,-0.8700000000000001,-1.5,0.564,-152,114
2026-06-02,Jameson Taillon,Chicago Cubs,Athletics,4.2,4.5,6,-1.7999999999999998,-1.5,0.392,-120,-102
2026-06-02,Joey Cantillo,Cleveland Guardians,New York Yankees,4.42,4.5,4,0.41999999999999993,0.5,0.434,-130,-102
2026-06-02,Logan Gilbert,Seattle Mariners,New York Mets,6.29,6.5,8,-1.71,-1.5,0.425,100,-122
2026-06-02,Michael Soroka,Arizona Diamondbacks,Los Angeles Dodgers,5.63,4.5,6,-0.3700000000000001,-1.5,0.647,-118,-104
2026-06-02,Mike Burrows,Houston Astros,Pittsburgh Pirates,5.73,5.5,3,2.7300000000000004,2.5,0.493,126,-154
2026-06-02,Nathan Eovaldi,Texas Rangers,St. Louis Cardinals,6.13,5.5,7,-0.8700000000000001,-1.5,0.559,-138,104
2026-06-02,Noah Cameron,Kansas City Royals,Cincinnati Reds,5.34,5.5,8,-2.66,-2.5,0.426,118,-158
2026-06-02,Shane Baz,Baltimore Orioles,Boston Red Sox,4.98,5.5,6,-1.0199999999999996,-0.5,0.364,136,-182
2026-06-02,Steven Matz,Tampa Bay Rays,Detroit Tigers,3.7,4.5,2,1.7000000000000002,2.5,0.294,-105,-115
2026-06-02,Tomoyuki Sugano,Colorado Rockies,Los Angeles Angels,3.33,3.5,5,-1.67,-1.5,0.405,-114,-114
2026-06-02,Trevor McDonald,San Francisco Giants,Milwaukee Brewers,5.36,4.5,4,1.3600000000000003,0.5,0.603,-125,-106
2026-06-03,Andre Pallante,St. Louis Cardinals,Texas Rangers,4.09,3.5,5,-0.9100000000000001,-1.5,0.565,-162,132
2026-06-03,Chase Burns,Cincinnati Reds,Kansas City Royals,7.29,6.5,9,-1.71,-2.5,0.579,-130,106
2026-06-03,Colin Rea,Chicago Cubs,Athletics,4.61,4.5,3,1.6100000000000003,1.5,0.471,-122,100
2026-06-03,Cristopher Sanchez,Philadelphia Phillies,San Diego Padres,9.39,6.5,8,1.3900000000000006,-1.5,0.793,-150,122
2026-06-03,Freddy Peralta,New York Mets,Seattle Mariners,6.39,5.5,6,0.3899999999999997,-0.5,0.601,-154,116
2026-06-03,Gavin Williams,Cleveland Guardians,New York Yankees,7.58,6.5,6,1.58,0.5,0.62,-158,116
2026-06-03,George Kirby,Seattle Mariners,New York Mets,5.6,5.5,5,0.5999999999999996,0.5,0.472,-110,-110
2026-06-03,Gerrit Cole,New York Yankees,Cleveland Guardians,5.91,5.5,2,3.91,3.5,0.525,-106,-114
2026-06-03,Grant Holmes,Atlanta Braves,Toronto Blue Jays,4.36,4.5,4,0.3600000000000003,0.5,0.423,-110,-110
2026-06-03,Jeffrey Springs,Athletics,Chicago Cubs,4.62,4.5,3,1.62,1.5,0.472,-114,-114
2026-06-03,Logan Webb,San Francisco Giants,Milwaukee Brewers,4.73,5.5,4,0.7300000000000004,1.5,0.321,112,-148
2026-06-03,Max Meyer,Miami Marlins,Washington Nationals,6.19,5.5,7,-0.8099999999999996,-1.5,0.57,-106,-125
2026-06-03,Michael Lorenzen,Colorado Rockies,Los Angeles Angels,3.56,4.5,5,-1.44,-0.5,0.268,-112,-118
2026-06-03,Nick Martinez,Tampa Bay Rays,Detroit Tigers,4.06,4.5,1,3.0599999999999996,3.5,0.364,118,-144
2026-06-03,Patrick Corbin,Toronto Blue Jays,Atlanta Braves,3.73,3.5,1,2.73,2.5,0.493,-144,108
2026-06-03,Payton Tolle,Boston Red Sox,Baltimore Orioles,6.95,6.5,5,1.9500000000000002,1.5,0.529,122,-150
2026-06-03,Robert Gasser,Milwaukee Brewers,San Francisco Giants,3.48,4.5,5,-1.52,-0.5,0.253,118,-144
2026-06-03,Shohei Ohtani,Los Angeles Dodgers,Arizona Diamondbacks,7.37,6.5,6,1.37,0.5,0.591,112,-148
2026-06-03,Spencer Arrighetti,Houston Astros,Pittsburgh Pirates,6.44,5.5,3,3.4400000000000004,2.5,0.608,-114,-106
2026-06-03,Taj Bradley,Minnesota Twins,Chicago White Sox,6.82,5.5,5,1.8200000000000003,0.5,0.663,-138,112
2026-06-03,Troy Melton,Detroit Tigers,Tampa Bay Rays,2.9,3.5,5,-2.1,-1.5,0.31,-106,-125
2026-06-03,Walbert Urena,Los Angeles Angels,Colorado Rockies,5.12,4.5,7,-1.88,-2.5,0.564,-148,120
2026-06-03,Walker Buehler,San Diego Padres,Philadelphia Phillies,4.77,4.5,6,-1.2300000000000004,-1.5,0.502,140,-188
2026-06-03,Zac Gallen,Arizona Diamondbacks,Los Angeles Dodgers,4.96,4.5,1,3.96,3.5,0.535,152,-188
2026-06-04,Adrian Houser,San Francisco Giants,Milwaukee Brewers,3.81,3.5,5,-1.19,-1.5,0.504,-118,-112
2026-06-04,Brayan Bello,Boston Red Sox,Baltimore Orioles,3.5,3.5,4,-0.5,-0.5,0.438,-162,132
2026-06-04,Carlos Rodon,New York Yankees,Cleveland Guardians,4.62,5.5,7,-2.38,-1.5,0.297,130,-160
2026-06-04,Chris Sale,Atlanta Braves,Toronto Blue Jays,7.57,7.5,6,1.5700000000000003,1.5,0.468,122,-150
2026-06-04,Coleman Crow,Milwaukee Brewers,San Francisco Giants,2.74,3.5,2,0.7400000000000002,1.5,0.268,-148,120
2026-06-04,J.T. Ginn,Athletics,Chicago Cubs,5.8,4.5,8,-2.2,-3.5,0.669,122,-162
2026-06-04,Jared Jones,Pittsburgh Pirates,Houston Astros,6.52,5.5,4,2.5199999999999996,1.5,0.617,-112,-118
2026-06-04,Justin Wrobleski,Los Angeles Dodgers,Arizona Diamondbacks,4.75,3.5,4,0.75,-0.5,0.679,-132,100
2026-06-04,Kai-Wei Teng,Houston Astros,Pittsburgh Pirates,4.87,5.5,1,3.87,4.5,0.34,110,-134
2026-06-04,Lucas Giolito,San Diego Padres,Philadelphia Phillies,3.91,3.5,5,-1.0899999999999999,-1.5,0.525,-136,102
2026-06-04,Ryne Nelson,Arizona Diamondbacks,Los Angeles Dodgers,5.3,4.5,3,2.3,1.5,0.591,124,-152
2026-06-04,Shota Imanaga,Chicago Cubs,Athletics,5.36,6.5,5,0.3600000000000003,1.5,0.274,112,-140
2026-06-04,Slade Cecconi,Cleveland Guardians,New York Yankees,3.87,4.5,4,-0.1299999999999999,0.5,0.322,116,-154
2026-06-04,Trevor Rogers,Baltimore Orioles,Boston Red Sox,3.42,4.5,3,0.41999999999999993,1.5,0.237,112,-148
2026-06-05,Brady Singer,Cincinnati Reds,St. Louis Cardinals,3.51,3.5,6,-2.49,-2.5,0.439,-160,120
2026-06-05,Brandon Sproat,Milwaukee Brewers,Colorado Rockies,4.74,4.5,2,2.74,2.5,0.491,116,-154
2026-06-05,Brandon Young,Baltimore Orioles,Toronto Blue Jays,3.76,3.5,4,-0.2400000000000002,-0.5,0.493,-152,114
2026-06-05,Bryan Woo,Seattle Mariners,Detroit Tigers,5.63,5.5,7,-1.37,-1.5,0.474,-138,104
2026-06-05,Christian Scott,New York Mets,San Diego Padres,5.76,5.5,3,2.76,2.5,0.495,110,-146
2026-06-05,Drew Rasmussen,Tampa Bay Rays,Miami Marlins,5.45,4.5,9,-3.55,-4.5,0.615,-128,-104
2026-06-05,Foster Griffin,Washington Nationals,Arizona Diamondbacks,5.76,4.5,4,1.7599999999999998,0.5,0.665,110,-146
2026-06-05,Framber Valdez,Detroit Tigers,Seattle Mariners,4.56,4.5,5,-0.4400000000000004,-0.5,0.457,-140,114
2026-06-05,Jack Perkins,Athletics,Houston Astros,4.82,3.5,6,-1.1799999999999997,-2.5,0.69,-110,-120
2026-06-05,Jesus Luzardo,Philadelphia Phillies,Chicago White Sox,5.61,6.5,2,3.6100000000000003,4.5,0.313,-110,-110
2026-06-05,Kumar Rocker,Texas Rangers,Cleveland Guardians,3.61,3.5,5,-1.3900000000000001,-1.5,0.462,-128,104
2026-06-05,Kyle Leahy,St. Louis Cardinals,Cincinnati Reds,4.91,4.5,1,3.91,3.5,0.522,-132,108
2026-06-05,Martin Perez,Atlanta Braves,Pittsburgh Pirates,4.12,4.5,5,-0.8799999999999999,-0.5,0.371,-120,-102
2026-06-05,Merrill Kelly,Arizona Diamondbacks,Washington Nationals,5.96,4.5,4,1.96,0.5,0.694,124,-152
2026-06-05,Michael King,San Diego Padres,New York Mets,6.24,5.5,4,2.24,1.5,0.574,-105,-115
2026-06-05,Michael Wacha,Kansas City Royals,Minnesota Twins,5.66,4.5,2,3.66,2.5,0.649,-114,-114
2026-06-05,Mitch Keller,Pittsburgh Pirates,Atlanta Braves,4.65,4.5,4,0.6500000000000004,0.5,0.474,124,-166
2026-06-05,Parker Messick,Cleveland Guardians,Texas Rangers,6.24,6.5,4,2.24,2.5,0.413,120,-160
2026-06-05,Peter Lambert,Houston Astros,Athletics,5.0,4.5,4,1.0,0.5,0.537,-140,114
2026-06-05,Robbie Ray,San Francisco Giants,Chicago Cubs,4.61,4.5,4,0.6100000000000003,0.5,0.466,-138,104
2026-06-05,Roki Sasaki,Los Angeles Dodgers,Los Angeles Angels,5.23,5.5,10,-4.77,-4.5,0.403,-150,122
2026-06-05,Ryan Feltner,Colorado Rockies,Milwaukee Brewers,3.72,3.5,4,-0.2799999999999998,-0.5,0.485,102,-124
2026-06-05,Ryan Weathers,New York Yankees,Boston Red Sox,5.78,6.5,4,1.7800000000000002,2.5,0.34,126,-154
2026-06-05,Sonny Gray,Boston Red Sox,New York Yankees,5.33,5.5,3,2.33,2.5,0.422,104,-138
2026-06-05,Trey Yesavage,Toronto Blue Jays,Baltimore Orioles,5.87,6.5,5,0.8700000000000001,1.5,0.353,122,-150
2026-06-05,Zebby Matthews,Minnesota Twins,Kansas City Royals,6.21,4.5,2,4.21,2.5,0.727,-162,132
2026-06-06,Andrew Painter,Philadelphia Phillies,Chicago White Sox,3.98,3.5,4,-0.020000000000000018,-0.5,0.535,-158,128
2026-06-06,Braxton Ashcraft,Pittsburgh Pirates,Atlanta Braves,6.84,5.5,5,1.8399999999999999,0.5,0.66,-114,-114
2026-06-06,Bryce Miller,Seattle Mariners,Detroit Tigers,4.93,4.5,9,-4.07,-4.5,0.523,-140,106
2026-06-06,Eduardo Rodriguez,Arizona Diamondbacks,Washington Nationals,4.48,4.5,5,-0.5199999999999996,-0.5,0.437,110,-134
2026-06-06,Griffin Canning,San Diego Padres,New York Mets,4.55,4.5,6,-1.4500000000000002,-1.5,0.45,-118,-104
2026-06-06,Jack Kochanowicz,Los Angeles Angels,Los Angeles Dodgers,2.99,3.5,1,1.9900000000000002,2.5,0.319,120,-160
2026-06-06,Jack Leiter,Texas Rangers,Cleveland Guardians,5.65,5.5,2,3.6500000000000004,3.5,0.474,124,-152
2026-06-06,Jacob Misiorowski,Milwaukee Brewers,Colorado Rockies,9.23,8.5,8,1.2300000000000004,0.5,0.556,120,-160
2026-06-06,Joe Ryan,Minnesota Twins,Kansas City Royals,6.52,6.5,5,1.5199999999999996,1.5,0.454,128,-158
2026-06-06,Keider Montero,Detroit Tigers,Seattle Mariners,4.28,4.5,1,3.2800000000000002,3.5,0.399,134,-164
2026-06-06,Kyle Bradish,Baltimore Orioles,Toronto Blue Jays,5.95,5.5,3,2.95,2.5,0.524,124,-166
2026-06-06,Landen Roupp,San Francisco Giants,Chicago Cubs,4.86,4.5,5,-0.13999999999999968,-0.5,0.509,-158,118
2026-06-06,Luinder Avila,Kansas City Royals,Minnesota Twins,5.36,3.5,3,2.3600000000000003,0.5,0.764,-132,100
2026-06-06,Matthew Liberatore,St. Louis Cardinals,Cincinnati Reds,4.21,4.5,4,0.20999999999999996,0.5,0.385,-134,110
2026-06-06,Nick Lodolo,Cincinnati Reds,St. Louis Cardinals,4.05,4.5,3,1.0499999999999998,1.5,0.354,-140,106
2026-06-06,Nolan McLean,New York Mets,San Diego Padres,6.42,5.5,5,1.42,0.5,0.599,-144,108
2026-06-06,Spencer Strider,Atlanta Braves,Pittsburgh Pirates,6.88,6.5,3,3.88,3.5,0.511,114,-140
2026-06-06,Tanner Bibee,Cleveland Guardians,Texas Rangers,5.66,4.5,3,2.66,1.5,0.646,-168,126
2026-06-06,Tatsuya Imai,Houston Astros,Athletics,3.73,4.5,8,-4.27,-3.5,0.292,-154,126
2026-06-06,Yoshinobu Yamamoto,Los Angeles Dodgers,Los Angeles Angels,6.85,7.5,4,2.8499999999999996,3.5,0.358,106,-130
2026-06-06,Zack Littell,Washington Nationals,Arizona Diamondbacks,2.84,3.5,4,-1.1600000000000001,-0.5,0.285,128,-172
2026-06-07,Bryce Elder,Atlanta Braves,Pittsburgh Pirates,4.15,4.5,4,0.15000000000000036,0.5,0.369,-140,114
2026-06-07,Cade Cavalli,Washington Nationals,Arizona Diamondbacks,5.5,4.5,2,3.5,2.5,0.617,-114,-114
2026-06-07,Cam Schlittler,New York Yankees,Boston Red Sox,6.59,6.5,5,1.5899999999999999,1.5,0.462,132,-164
2026-06-07,Connor Prielipp,Minnesota Twins,Kansas City Royals,4.41,4.5,7,-2.59,-2.5,0.421,-115,-105
2026-06-07,Emmet Sheehan,Los Angeles Dodgers,Los Angeles Angels,5.2,6.5,2,3.2,4.5,0.243,104,-128
2026-06-07,Gage Jump,Athletics,Houston Astros,4.6,4.5,3,1.5999999999999996,1.5,0.457,-136,102
2026-06-07,Griffin Jax,Tampa Bay Rays,Miami Marlins,3.95,4.5,4,-0.04999999999999982,0.5,0.332,102,-136
2026-06-07,Jack Flaherty,Detroit Tigers,Seattle Mariners,5.94,5.5,7,-1.0599999999999996,-1.5,0.519,-142,116
2026-06-07,Jameson Taillon,Chicago Cubs,San Francisco Giants,4.4,4.5,2,2.4000000000000004,2.5,0.419,114,-140
2026-06-07,Joey Cantillo,Cleveland Guardians,Texas Rangers,4.65,5.5,7,-2.3499999999999996,-1.5,0.297,118,-158
2026-06-07,Jose Soriano,Los Angeles Angels,Los Angeles Dodgers,5.7,5.5,2,3.7,3.5,0.478,106,-140
2026-06-07,Kevin Gausman,Toronto Blue Jays,Baltimore Orioles,5.87,6.5,5,0.8700000000000001,1.5,0.348,118,-144
2026-06-07,Kyle Freeland,Colorado Rockies,Milwaukee Brewers,3.57,3.5,2,1.5699999999999998,1.5,0.444,-115,-105
2026-06-07,Luis Castillo,Seattle Mariners,Detroit Tigers,5.26,4.5,5,0.2599999999999998,-0.5,0.577,-104,-128
2026-06-07,Michael McGreevy,St. Louis Cardinals,Cincinnati Reds,3.71,3.5,5,-1.29,-1.5,0.474,-160,130
2026-06-07,Michael Soroka,Arizona Diamondbacks,Washington Nationals,4.75,4.5,6,-1.25,-1.5,0.486,-150,122
2026-06-07,Mike Burrows,Houston Astros,Athletics,5.62,5.5,3,2.62,2.5,0.465,124,-152
2026-06-07,Noah Cameron,Kansas City Royals,Minnesota Twins,4.54,4.5,7,-2.46,-2.5,0.445,-125,-106
2026-06-07,Randy Vasquez,San Diego Padres,New York Mets,3.6,3.5,3,0.6000000000000001,0.5,0.452,-140,114
2026-06-07,Ranger Suarez,Boston Red Sox,New York Yankees,4.13,5.5,6,-1.87,-0.5,0.21,124,-160
2026-06-07,Rhett Lowder,Cincinnati Reds,St. Louis Cardinals,2.88,3.5,4,-1.12,-0.5,0.291,130,-174
2026-06-07,Sandy Alcantara,Miami Marlins,Tampa Bay Rays,4.44,4.5,7,-2.5599999999999996,-2.5,0.427,106,-130
2026-06-07,Shane Drohan,Milwaukee Brewers,Colorado Rockies,8.8,3.5,4,4.800000000000001,-0.5,0.849,-154,116
2026-06-08,Connelly Early,Boston Red Sox,Tampa Bay Rays,5.95,4.5,6,-0.04999999999999982,-1.5,0.684,-158,118
2026-06-08,Cristopher Sanchez,Philadelphia Phillies,Toronto Blue Jays,6.44,6.5,10,-3.5599999999999996,-3.5,0.438,116,-154
2026-06-08,Emerson Hancock,Seattle Mariners,Baltimore Orioles,5.8,5.5,3,2.8,2.5,0.493,118,-158
2026-06-08,Gavin Williams,Cleveland Guardians,New York Yankees,7.87,6.5,5,2.87,1.5,0.648,-138,112
2026-06-08,Grayson Rodriguez,Los Angeles Angels,Houston Astros,4.83,5.5,6,-1.17,-0.5,0.326,114,-140
2026-06-08,Kyle Harrison,Milwaukee Brewers,Athletics,7.31,6.5,4,3.3099999999999996,2.5,0.572,-166,126
2026-06-08,Logan Webb,San Francisco Giants,Washington Nationals,4.51,5.5,7,-2.49,-1.5,0.27,124,-150
2026-06-08,Patrick Corbin,Toronto Blue Jays,Philadelphia Phillies,3.34,3.5,3,0.33999999999999986,0.5,0.391,-168,136
2026-06-08,Spencer Arrighetti,Houston Astros,Los Angeles Angels,5.89,5.5,7,-1.1100000000000003,-1.5,0.508,-112,-118
2026-06-08,Trey Gibson,Baltimore Orioles,Seattle Mariners,2.69,3.5,0,2.69,3.5,0.247,-122,100
2026-06-08,Walker Buehler,San Diego Padres,Cincinnati Reds,5.47,4.5,4,1.4699999999999998,0.5,0.611,-132,108
2026-06-08,Will Warren,New York Yankees,Cleveland Guardians,5.48,4.5,5,0.4800000000000004,-0.5,0.613,106,-140
2026-06-09,Adrian Houser,San Francisco Giants,Washington Nationals,3.18,3.5,6,-2.82,-2.5,0.353,-105,-115
2026-06-09,Andrew Alvarez,Washington Nationals,San Francisco Giants,4.81,4.5,4,0.8099999999999996,0.5,0.493,-102,-130
2026-06-09,Chase Burns,Cincinnati Reds,San Diego Padres,7.35,6.5,7,0.34999999999999964,-0.5,0.575,-152,114
2026-06-09,Colin Rea,Chicago Cubs,Colorado Rockies,4.34,3.5,2,2.34,1.5,0.598,-136,102
2026-06-09,Dustin May,St. Louis Cardinals,New York Mets,5.87,4.5,6,-0.1299999999999999,-1.5,0.671,-182,136
2026-06-09,Dylan Cease,Toronto Blue Jays,Philadelphia Phillies,7.64,6.5,11,-3.3600000000000003,-4.5,0.617,-138,112
2026-06-09,Eric Lauer,Los Angeles Dodgers,Pittsburgh Pirates,3.31,3.5,5,-1.69,-1.5,0.382,-138,104
2026-06-09,Freddy Peralta,New York Mets,St. Louis Cardinals,7.06,5.5,5,2.0599999999999996,0.5,0.684,-142,116
2026-06-09,Gerrit Cole,New York Yankees,Cleveland Guardians,6.17,4.5,4,2.17,0.5,0.714,-152,114
2026-06-09,Grant Holmes,Atlanta Braves,Chicago White Sox,4.84,4.5,2,2.84,2.5,0.498,-110,-120
2026-06-09,J.T. Ginn,Athletics,Milwaukee Brewers,5.34,4.5,5,0.33999999999999986,-0.5,0.587,-105,-115
2026-06-09,Kai-Wei Teng,Houston Astros,Los Angeles Angels,4.42,4.5,5,-0.5800000000000001,-0.5,0.419,-154,116
2026-06-09,Logan Gilbert,Seattle Mariners,Baltimore Orioles,7.05,6.5,5,2.05,1.5,0.531,-102,-130
2026-06-09,Lucas Giolito,San Diego Padres,Cincinnati Reds,4.06,4.5,3,1.0599999999999996,1.5,0.347,-132,108
2026-06-09,Max Meyer,Miami Marlins,Arizona Diamondbacks,5.97,5.5,5,0.9699999999999998,0.5,0.52,-120,-102
2026-06-09,Nathan Eovaldi,Texas Rangers,Kansas City Royals,5.89,5.5,3,2.8899999999999997,2.5,0.506,128,-172
2026-06-09,Nick Martinez,Tampa Bay Rays,Boston Red Sox,3.09,3.5,2,1.0899999999999999,1.5,0.332,-102,-120
2026-06-09,Paul Skenes,Pittsburgh Pirates,Los Angeles Dodgers,6.32,6.5,7,-0.6799999999999997,-0.5,0.416,-110,-110
2026-06-09,Robert Gasser,Milwaukee Brewers,Athletics,3.93,4.5,7,-3.07,-2.5,0.322,-120,-110
2026-06-09,Slade Cecconi,Cleveland Guardians,New York Yankees,5.0,4.5,7,-2.0,-2.5,0.527,100,-122
2026-06-09,Stephen Kolek,Kansas City Royals,Texas Rangers,3.95,3.5,3,0.9500000000000002,0.5,0.521,-148,120
2026-06-09,Taj Bradley,Minnesota Twins,Detroit Tigers,5.56,5.5,3,2.5599999999999996,2.5,0.45,-118,-112
2026-06-09,Tomoyuki Sugano,Colorado Rockies,Chicago Cubs,3.04,2.5,3,0.040000000000000036,-0.5,0.544,-148,120
2026-06-09,Trevor Rogers,Baltimore Orioles,Seattle Mariners,4.5,4.5,3,1.5,1.5,0.433,-176,142
2026-06-09,Troy Melton,Detroit Tigers,Minnesota Twins,3.7,3.5,5,-1.2999999999999998,-1.5,0.468,-164,134
2026-06-09,Walbert Urena,Los Angeles Angels,Houston Astros,4.73,4.5,7,-2.2699999999999996,-2.5,0.477,-120,-114
2026-06-09,Zac Gallen,Arizona Diamondbacks,Miami Marlins,4.3,4.5,3,1.2999999999999998,1.5,0.395,120,-160
2026-06-09,Zack Wheeler,Philadelphia Phillies,Toronto Blue Jays,5.49,5.5,5,0.4900000000000002,0.5,0.438,-136,100
2026-06-10,Andre Pallante,St. Louis Cardinals,New York Mets,3.72,3.5,5,-1.2799999999999998,-1.5,0.471,-158,118
2026-06-10,Brady Singer,Cincinnati Reds,San Diego Padres,3.6,4.5,5,-1.4,-0.5,0.259,112,-148
2026-06-10,Brandon Young,Baltimore Orioles,Seattle Mariners,4.31,4.5,5,-0.6900000000000004,-0.5,0.395,-110,-110
2026-06-10,Carlos Rodon,New York Yankees,Cleveland Guardians,6.79,5.5,7,-0.20999999999999996,-1.5,0.646,-110,-120
2026-06-10,Chris Sale,Atlanta Braves,Chicago White Sox,9.14,7.5,6,3.1400000000000006,1.5,0.671,-106,-125
2026-06-10,Drew Rasmussen,Tampa Bay Rays,Boston Red Sox,4.83,4.5,13,-8.17,-8.5,0.495,-144,118
2026-06-10,Foster Griffin,Washington Nationals,San Francisco Giants,4.42,5.5,5,-0.5800000000000001,0.5,0.252,124,-166
2026-06-10,Framber Valdez,Detroit Tigers,Minnesota Twins,5.39,4.5,2,3.3899999999999997,2.5,0.595,-154,126
2026-06-10,George Kirby,Seattle Mariners,Baltimore Orioles,4.82,5.5,10,-5.18,-4.5,0.32,124,-166
2026-06-10,Jack Perkins,Athletics,Milwaukee Brewers,5.67,4.5,4,1.67,0.5,0.641,-128,-120
2026-06-10,Jake Bennett,Boston Red Sox,Tampa Bay Rays,1.96,3.5,4,-2.04,-0.5,0.105,140,-188
2026-06-10,Jared Jones,Pittsburgh Pirates,Los Angeles Dodgers,5.69,4.5,4,1.6900000000000004,0.5,0.643,-144,118
2026-06-10,Max Scherzer,Toronto Blue Jays,Philadelphia Phillies,3.28,3.5,4,-0.7200000000000002,-0.5,0.374,-142,116
2026-06-10,Michael King,San Diego Padres,Cincinnati Reds,5.57,6.5,3,2.5700000000000003,3.5,0.296,116,-142
2026-06-10,Michael Lorenzen,Colorado Rockies,Chicago Cubs,3.55,3.5,7,-3.45,-3.5,0.434,-105,-115
2026-06-10,Parker Messick,Cleveland Guardians,New York Yankees,6.82,5.5,4,2.8200000000000003,1.5,0.65,104,-128
2026-06-10,Peter Lambert,Houston Astros,Los Angeles Angels,5.49,4.5,6,-0.5099999999999998,-1.5,0.612,-136,102
2026-06-10,Reid Detmers,Los Angeles Angels,Houston Astros,8.75,6.5,9,-0.25,-2.5,0.751,104,-128
2026-06-10,Robbie Ray,San Francisco Giants,Washington Nationals,4.36,5.5,3,1.3600000000000003,2.5,0.243,130,-160
2026-06-10,Ryan Gusto,Miami Marlins,Arizona Diamondbacks,5.04,3.5,4,1.04,-0.5,0.714,-107,-125
2026-06-10,Ryne Nelson,Arizona Diamondbacks,Miami Marlins,4.82,4.5,2,2.8200000000000003,2.5,0.494,104,-138
2026-06-10,Shota Imanaga,Chicago Cubs,Colorado Rockies,8.01,5.5,7,1.0099999999999998,-1.5,0.792,120,-160
2026-06-11,Bryan Woo,Seattle Mariners,Baltimore Orioles,6.38,6.5,4,2.38,2.5,0.428,106,-154
2026-06-11,Christian Scott,New York Mets,St. Louis Cardinals,4.97,5.5,6,-1.0300000000000002,-0.5,0.35,118,-144
2026-06-11,Edward Cabrera,Chicago Cubs,Colorado Rockies,4.59,4.5,5,-0.41000000000000014,-0.5,0.453,-118,-112
2026-06-11,Hunter Dobbins,St. Louis Cardinals,New York Mets,4.28,3.5,5,-0.7199999999999998,-1.5,0.588,-106,-125
2026-06-11,Justin Wrobleski,Los Angeles Dodgers,Pittsburgh Pirates,4.66,4.5,1,3.66,3.5,0.467,-144,108
2026-06-11,Keider Montero,Detroit Tigers,Minnesota Twins,3.65,3.5,4,-0.3500000000000001,-0.5,0.459,-130,106
2026-06-11,Kumar Rocker,Texas Rangers,Kansas City Royals,3.78,3.5,3,0.7799999999999998,0.5,0.489,-136,102
2026-06-11,Kyle Bradish,Baltimore Orioles,Seattle Mariners,6.37,5.5,5,1.37,0.5,0.587,106,-130
2026-06-11,Merrill Kelly,Arizona Diamondbacks,Miami Marlins,4.78,4.5,1,3.7800000000000002,3.5,0.489,118,-158
2026-06-11,Michael Wacha,Kansas City Royals,Texas Rangers,5.33,4.5,2,3.33,2.5,0.587,-104,-118
2026-06-11,Mitch Keller,Pittsburgh Pirates,Los Angeles Dodgers,4.2,4.5,3,1.2000000000000002,1.5,0.377,122,-150
2026-06-11,Ryan Feltner,Colorado Rockies,Chicago Cubs,3.37,3.5,3,0.3700000000000001,0.5,0.398,-110,-110
2026-06-11,Tyler Phillips,Miami Marlins,Arizona Diamondbacks,4.28,3.5,5,-0.7199999999999998,-1.5,0.589,-124,102
2026-06-11,Zebby Matthews,Minnesota Twins,Detroit Tigers,5.78,4.5,4,1.7800000000000002,0.5,0.66,-146,110
2026-06-12,Anthony Kay,Chicago White Sox,Los Angeles Dodgers,3.48,3.5,7,-3.52,-3.5,0.42,116,-142
2026-06-12,Braxton Ashcraft,Pittsburgh Pirates,Miami Marlins,6.69,5.5,4,2.6900000000000004,1.5,0.632,-138,112
2026-06-12,Bryce Miller,Seattle Mariners,Washington Nationals,4.55,4.5,7,-2.45,-2.5,0.444,-144,108
2026-06-12,Gage Jump,Athletics,Colorado Rockies,6.66,5.5,6,0.6600000000000001,-0.5,0.628,-102,-120
2026-06-12,Griffin Canning,San Diego Padres,Baltimore Orioles,4.23,4.5,6,-1.7699999999999996,-1.5,0.381,-108,-122
2026-06-12,Jack Flaherty,Detroit Tigers,Cleveland Guardians,5.59,5.5,1,4.59,4.5,0.456,132,-178
2026-06-12,Jack Leiter,Texas Rangers,Boston Red Sox,5.23,5.5,3,2.2300000000000004,2.5,0.393,140,-188
2026-06-12,Jacob Misiorowski,Milwaukee Brewers,Philadelphia Phillies,9.42,8.5,15,-5.58,-6.5,0.576,-106,-114
2026-06-12,Joe Ryan,Minnesota Twins,St. Louis Cardinals,6.87,6.5,8,-1.13,-1.5,0.503,130,-160
2026-06-12,Kyle Leahy,St. Louis Cardinals,Minnesota Twins,3.74,3.5,5,-1.2599999999999998,-1.5,0.476,-162,122
2026-06-12,Landen Roupp,San Francisco Giants,Chicago Cubs,4.93,5.5,5,-0.07000000000000028,0.5,0.34,124,-152
2026-06-12,Luinder Avila,Kansas City Royals,Houston Astros,4.34,3.5,0,4.34,3.5,0.597,-120,-102
2026-06-12,Nolan McLean,New York Mets,Atlanta Braves,5.7,5.5,6,-0.2999999999999998,-0.5,0.474,-128,104
2026-06-12,Roki Sasaki,Los Angeles Dodgers,Chicago White Sox,5.31,5.5,4,1.3099999999999996,1.5,0.407,-122,-110
2026-06-12,Ryan Weathers,New York Yankees,Toronto Blue Jays,5.0,5.5,2,3.0,3.5,0.352,132,-178
2026-06-12,Sam Aldegheri,Los Angeles Angels,Tampa Bay Rays,4.21,3.5,4,0.20999999999999996,-0.5,0.572,132,-162
2026-06-12,Sandy Alcantara,Miami Marlins,Pittsburgh Pirates,5.11,4.5,7,-1.8899999999999997,-2.5,0.548,106,-140
2026-06-12,Shane Baz,Baltimore Orioles,San Diego Padres,4.91,5.5,1,3.91,4.5,0.337,138,-170
2026-06-12,Shane McClanahan,Tampa Bay Rays,Los Angeles Angels,4.81,5.5,7,-2.1900000000000004,-1.5,0.319,-136,102
2026-06-12,Sonny Gray,Boston Red Sox,Texas Rangers,5.59,5.5,7,-1.4100000000000001,-1.5,0.456,136,-168
2026-06-12,Spencer Strider,Atlanta Braves,New York Mets,6.51,5.5,3,3.51,2.5,0.606,-138,104
2026-06-12,Tanner Bibee,Cleveland Guardians,Detroit Tigers,5.86,5.5,8,-2.1399999999999997,-2.5,0.501,132,-162
2026-06-12,Tatsuya Imai,Houston Astros,Kansas City Royals,5.26,4.5,1,4.26,3.5,0.574,-104,-128
2026-06-12,Trey Yesavage,Toronto Blue Jays,New York Yankees,6.47,6.5,3,3.4699999999999998,3.5,0.44,122,-148
2026-06-12,Zack Littell,Washington Nationals,Seattle Mariners,3.74,3.5,0,3.74,3.5,0.476,118,-144
2026-06-13,Aaron Nola,Philadelphia Phillies,Milwaukee Brewers,4.63,4.5,3,1.63,1.5,0.455,-166,124
2026-06-13,Ben Brown,Chicago Cubs,San Francisco Giants,5.64,4.5,3,2.6399999999999997,1.5,0.634,-118,-112
2026-06-13,Bubba Chandler,Pittsburgh Pirates,Miami Marlins,4.11,4.5,6,-1.8899999999999997,-1.5,0.354,-104,-118
2026-06-13,Cade Cavalli,Washington Nationals,Seattle Mariners,6.09,5.5,5,1.0899999999999999,0.5,0.537,120,-148
2026-06-13,Cam Schlittler,New York Yankees,Toronto Blue Jays,5.75,5.5,7,-1.25,-1.5,0.48,-104,-125
2026-06-13,Connor Prielipp,Minnesota Twins,St. Louis Cardinals,5.77,4.5,2,3.7699999999999996,2.5,0.654,-132,108
2026-06-13,Griffin Jax,Tampa Bay Rays,Los Angeles Angels,4.42,4.5,5,-0.5800000000000001,-0.5,0.415,-166,124
2026-06-13,Jacob deGrom,Texas Rangers,Boston Red Sox,5.9,6.5,5,0.9000000000000004,1.5,0.347,122,-162
2026-06-13,Joey Cantillo,Cleveland Guardians,Detroit Tigers,4.41,4.5,4,0.41000000000000014,0.5,0.413,-154,126
2026-06-13,Joey Estes,Athletics,Colorado Rockies,3.94,3.5,4,-0.06000000000000005,-0.5,0.514,106,-130
2026-06-13,Jose Soriano,Los Angeles Angels,Tampa Bay Rays,5.33,5.5,5,0.33000000000000007,0.5,0.407,-108,-112
2026-06-13,Kevin Gausman,Toronto Blue Jays,New York Yankees,6.34,6.5,7,-0.6600000000000001,-0.5,0.417,130,-160
2026-06-13,Kyle Freeland,Colorado Rockies,Athletics,3.78,4.5,4,-0.2200000000000002,0.5,0.291,102,-136
2026-06-13,Luis Castillo,Seattle Mariners,Washington Nationals,4.55,4.5,4,0.5499999999999998,0.5,0.439,102,-136
2026-06-13,Martin Perez,Atlanta Braves,New York Mets,4.21,3.5,4,0.20999999999999996,-0.5,0.57,-154,116
2026-06-13,Matthew Liberatore,St. Louis Cardinals,Minnesota Twins,4.47,4.5,4,0.46999999999999975,0.5,0.425,-108,-122
2026-06-13,Michael Soroka,Arizona Diamondbacks,Cincinnati Reds,5.94,5.5,7,-1.0599999999999996,-1.5,0.513,-144,108
2026-06-13,Mike Burrows,Houston Astros,Kansas City Royals,4.88,4.5,5,-0.1200000000000001,-0.5,0.502,128,-172
2026-06-13,Noah Cameron,Kansas City Royals,Houston Astros,5.26,4.5,1,4.26,3.5,0.571,-110,-110
2026-06-13,Randy Vasquez,San Diego Padres,Baltimore Orioles,3.54,3.5,5,-1.46,-1.5,0.43,-130,-102
2026-06-13,Ranger Suarez,Boston Red Sox,Texas Rangers,5.53,5.5,7,-1.4699999999999998,-1.5,0.443,-115,-105
2026-06-13,Rhett Lowder,Cincinnati Reds,Arizona Diamondbacks,2.74,3.5,6,-3.26,-2.5,0.253,-110,-110
2026-06-13,Sean Burke,Chicago White Sox,Los Angeles Dodgers,5.15,4.5,6,-0.8499999999999996,-1.5,0.551,-128,104
2026-06-13,Sean Manaea,New York Mets,Atlanta Braves,3.58,4.5,6,-2.42,-1.5,0.254,-132,108
2026-06-13,Shane Drohan,Milwaukee Brewers,Philadelphia Phillies,4.85,4.5,7,-2.1500000000000004,-2.5,0.497,-164,134
2026-06-13,Tarik Skubal,Detroit Tigers,Cleveland Guardians,7.88,5.5,4,3.88,1.5,0.778,-104,-128
2026-06-13,Trevor McDonald,San Francisco Giants,Chicago Cubs,4.52,4.5,4,0.5199999999999996,0.5,0.433,100,-122
2026-06-13,Trey Gibson,Baltimore Orioles,San Diego Padres,1.49,3.5,7,-5.51,-3.5,0.042,120,-148
2026-06-13,Yoshinobu Yamamoto,Los Angeles Dodgers,Chicago White Sox,7.3,6.5,7,0.2999999999999998,-0.5,0.565,118,-158
2026-06-14,Andrew Abbott,Cincinnati Reds,Arizona Diamondbacks,4.04,3.5,5,-0.96,-1.5,0.538,-124,102
2026-06-14,Connelly Early,Boston Red Sox,Texas Rangers,6.36,5.5,3,3.3600000000000003,2.5,0.583,106,-130
2026-06-14,Cristopher Sanchez,Philadelphia Phillies,Milwaukee Brewers,7.24,7.5,3,4.24,4.5,0.41,124,-166
2026-06-14,Emerson Hancock,Seattle Mariners,Washington Nationals,3.96,4.5,2,1.96,2.5,0.327,124,-166
2026-06-14,Emmet Sheehan,Los Angeles Dodgers,Chicago White Sox,5.14,5.5,8,-2.8600000000000003,-2.5,0.376,102,-136
2026-06-14,Freddy Peralta,New York Mets,Atlanta Braves,5.99,5.5,2,3.99,3.5,0.523,110,-134
2026-06-14,Grayson Rodriguez,Los Angeles Angels,Tampa Bay Rays,4.7,4.5,1,3.7,3.5,0.47,-150,122
2026-06-14,Jeffrey Springs,Athletics,Colorado Rockies,5.92,4.5,5,0.9199999999999999,-0.5,0.679,-138,112
2026-06-14,Kyle Harrison,Milwaukee Brewers,Philadelphia Phillies,5.97,7.5,3,2.9699999999999998,4.5,0.227,124,-152
2026-06-14,Logan Webb,San Francisco Giants,Chicago Cubs,4.77,5.5,7,-2.2300000000000004,-1.5,0.312,100,-122
2026-06-14,Max Meyer,Miami Marlins,Pittsburgh Pirates,5.85,5.5,9,-3.1500000000000004,-3.5,0.498,-114,-114
2026-06-14,Michael McGreevy,St. Louis Cardinals,Minnesota Twins,3.5,3.5,2,1.5,1.5,0.422,-108,-122
2026-06-14,Nathan Eovaldi,Texas Rangers,Boston Red Sox,5.55,4.5,6,-0.4500000000000002,-1.5,0.62,-154,116
2026-06-14,Patrick Corbin,Toronto Blue Jays,New York Yankees,3.55,3.5,3,0.5499999999999998,0.5,0.434,-124,102
2026-06-14,Paul Skenes,Pittsburgh Pirates,Miami Marlins,6.07,6.5,10,-3.9299999999999997,-3.5,0.376,-130,106
2026-06-14,Spencer Arrighetti,Houston Astros,Kansas City Royals,5.78,4.5,7,-1.2199999999999998,-2.5,0.658,-138,104
2026-06-14,Stephen Kolek,Kansas City Royals,Houston Astros,4.77,3.5,4,0.7699999999999996,-0.5,0.671,-150,122
2026-06-14,Taj Bradley,Minnesota Twins,St. Louis Cardinals,5.08,5.5,7,-1.92,-1.5,0.366,122,-150
2026-06-14,Tomoyuki Sugano,Colorado Rockies,Athletics,3.18,3.5,2,1.1800000000000002,1.5,0.351,130,-174
2026-06-14,Trevor Rogers,Baltimore Orioles,San Diego Padres,4.12,4.5,4,0.1200000000000001,0.5,0.359,116,-142
2026-06-14,Walker Buehler,San Diego Padres,Baltimore Orioles,4.91,3.5,5,-0.08999999999999986,-1.5,0.695,-158,118
2026-06-14,Will Warren,New York Yankees,Toronto Blue Jays,5.04,4.5,1,4.04,3.5,0.533,-138,104
2026-06-14,Zac Gallen,Arizona Diamondbacks,Cincinnati Reds,4.76,4.5,4,0.7599999999999998,0.5,0.482,-138,104
2026-06-15,Andrew Alvarez,Washington Nationals,Kansas City Royals,5.36,4.5,5,0.3600000000000003,-0.5,0.588,108,-132
2026-06-15,Chase Burns,Cincinnati Reds,New York Mets,7.22,7.5,7,0.21999999999999975,0.5,0.405,116,-142
2026-06-15,Dustin May,St. Louis Cardinals,San Diego Padres,4.86,5.5,9,-4.14,-3.5,0.326,126,-154
2026-06-15,J.T. Ginn,Athletics,Pittsburgh Pirates,5.42,4.5,3,2.42,1.5,0.599,-142,116
2026-06-15,Jared Jones,Pittsburgh Pirates,Athletics,4.5,4.5,4,0.5,0.5,0.432,-158,118
2026-06-15,Kai-Wei Teng,Houston Astros,Detroit Tigers,5.17,5.5,9,-3.83,-3.5,0.381,122,-150
2026-06-15,MacKenzie Gore,Texas Rangers,Minnesota Twins,4.8,5.5,10,-5.2,-4.5,0.316,-162,132
2026-06-15,Michael Lorenzen,Colorado Rockies,Chicago Cubs,3.37,3.5,5,-1.63,-1.5,0.393,-188,140
2026-06-15,Mitch Spence,Kansas City Royals,Washington Nationals,3.27,3.5,1,2.27,2.5,0.37,118,-158
2026-06-15,Ryan Gusto,Miami Marlins,Philadelphia Phillies,5.31,3.5,1,4.31,2.5,0.751,-146,110
2026-06-15,Ryne Nelson,Arizona Diamondbacks,Los Angeles Angels,4.78,4.5,5,-0.21999999999999975,-0.5,0.484,-150,122
2026-06-15,Shota Imanaga,Chicago Cubs,Colorado Rockies,6.49,6.5,3,3.49,3.5,0.441,132,-162
2026-06-15,Walbert Urena,Los Angeles Angels,Arizona Diamondbacks,5.4,4.5,3,2.4000000000000004,1.5,0.596,116,-154
2026-06-15,Zack Wheeler,Philadelphia Phillies,Miami Marlins,5.89,6.5,9,-3.1100000000000003,-2.5,0.345,130,-160
2026-06-16,Adrian Houser,San Francisco Giants,Atlanta Braves,3.31,3.5,2,1.31,1.5,0.382,114,-152
2026-06-16,Andre Pallante,St. Louis Cardinals,San Diego Padres,3.55,3.5,6,-2.45,-2.5,0.436,-140,114
2026-06-16,Brady Singer,Cincinnati Reds,New York Mets,3.71,4.5,5,-1.29,-0.5,0.282,100,-122
2026-06-16,Davis Martin,Chicago White Sox,New York Yankees,5.59,5.5,4,1.5899999999999999,1.5,0.456,-102,-130
2026-06-16,Dylan Cease,Toronto Blue Jays,Boston Red Sox,7.6,6.5,7,0.5999999999999996,-0.5,0.611,-128,-104
2026-06-16,Edward Cabrera,Chicago Cubs,Colorado Rockies,4.55,5.5,3,1.5499999999999998,2.5,0.275,116,-142
2026-06-16,Foster Griffin,Washington Nationals,Kansas City Royals,4.3,5.5,6,-1.7000000000000002,-0.5,0.235,124,-152
2026-06-16,Gerrit Cole,New York Yankees,Chicago White Sox,5.41,5.5,6,-0.5899999999999999,-0.5,0.425,-118,-104
2026-06-16,Hunter Brown,Houston Astros,Detroit Tigers,6.66,6.5,7,-0.33999999999999986,-0.5,0.471,-124,102
2026-06-16,Jack Perkins,Athletics,Pittsburgh Pirates,6.12,4.5,6,0.1200000000000001,-1.5,0.707,-142,116
2026-06-16,Jesus Luzardo,Philadelphia Phillies,Miami Marlins,5.06,6.5,9,-3.9400000000000004,-2.5,0.22,104,-128
2026-06-16,Justin Wrobleski,Los Angeles Dodgers,Tampa Bay Rays,3.95,4.5,5,-1.0499999999999998,-0.5,0.326,134,-164
2026-06-16,Kodai Senga,New York Mets,Cincinnati Reds,4.63,5.5,5,-0.3700000000000001,0.5,0.288,130,-174
2026-06-16,Logan Gilbert,Seattle Mariners,Baltimore Orioles,6.83,6.5,10,-3.17,-3.5,0.497,-140,114
2026-06-16,Merrill Kelly,Arizona Diamondbacks,Los Angeles Angels,4.3,4.5,4,0.2999999999999998,0.5,0.396,120,-148
2026-06-16,Michael King,San Diego Padres,St. Louis Cardinals,5.23,4.5,1,4.23,3.5,0.568,104,-138
2026-06-16,Michael Wacha,Kansas City Royals,Washington Nationals,4.36,4.5,3,1.3600000000000003,1.5,0.407,130,-174
2026-06-16,Mitch Keller,Pittsburgh Pirates,Athletics,4.15,4.5,7,-2.8499999999999996,-2.5,0.365,114,-152
2026-06-16,Payton Tolle,Boston Red Sox,Toronto Blue Jays,5.64,5.5,6,-0.3600000000000003,-0.5,0.465,116,-144
2026-06-16,Reid Detmers,Los Angeles Angels,Arizona Diamondbacks,6.88,5.5,3,3.88,2.5,0.659,128,-172
2026-06-16,Robert Gasser,Milwaukee Brewers,Cleveland Guardians,5.05,5.5,5,0.04999999999999982,0.5,0.362,130,-160
2026-06-16,Ryan Feltner,Colorado Rockies,Chicago Cubs,3.67,3.5,7,-3.33,-3.5,0.462,-132,100
2026-06-16,Slade Cecconi,Cleveland Guardians,Milwaukee Brewers,4.41,4.5,4,0.41000000000000014,0.5,0.416,108,-144
2026-06-16,Tyler Phillips,Miami Marlins,Philadelphia Phillies,3.31,3.5,4,-0.69,-0.5,0.382,-154,116
2026-06-16,Zebby Matthews,Minnesota Twins,Texas Rangers,4.85,4.5,4,0.8499999999999996,0.5,0.501,-110,-120
2026-06-17,Aaron Civale,Athletics,Pittsburgh Pirates,4.01,3.5,2,2.01,1.5,0.536,100,-122
2026-06-17,Andrew Painter,Philadelphia Phillies,Miami Marlins,3.92,3.5,3,0.9199999999999999,0.5,0.517,-134,110
2026-06-17,Anthony Kay,Chicago White Sox,New York Yankees,4.73,4.5,2,2.7300000000000004,2.5,0.479,-110,-120
2026-06-17,Brandon Sproat,Milwaukee Brewers,Cleveland Guardians,5.02,4.5,6,-0.9800000000000004,-1.5,0.534,-140,112
2026-06-17,Braxton Ashcraft,Pittsburgh Pirates,Athletics,6.21,5.5,7,-0.79,-1.5,0.562,-104,-128
2026-06-17,Carson Whisenhunt,San Francisco Giants,Atlanta Braves,3.28,3.5,2,1.2799999999999998,1.5,0.379,-152,119
2026-06-17,Casey Mize,Detroit Tigers,Houston Astros,3.83,4.5,3,0.8300000000000001,1.5,0.306,116,-154
2026-06-17,Eduardo Rodriguez,Arizona Diamondbacks,Los Angeles Angels,4.45,5.5,5,-0.5499999999999998,0.5,0.262,124,-152
2026-06-17,Gavin Williams,Cleveland Guardians,Milwaukee Brewers,6.28,6.5,4,2.2800000000000002,2.5,0.412,-114,-114
2026-06-17,George Kirby,Seattle Mariners,Baltimore Orioles,5.06,6.5,5,0.05999999999999961,1.5,0.222,134,-164
2026-06-17,Jake Bennett,Boston Red Sox,Toronto Blue Jays,1.68,3.5,5,-3.3200000000000003,-1.5,0.068,136,-164
2026-06-17,Javier Assad,Chicago Cubs,Colorado Rockies,3.94,4.5,1,2.94,3.5,0.328,138,-170
2026-06-17,JR Ritchie,Atlanta Braves,San Francisco Giants,4.95,3.5,4,0.9500000000000002,-0.5,0.704,-144,116
2026-06-17,Kyle Bradish,Baltimore Orioles,Seattle Mariners,5.25,5.5,12,-6.75,-6.5,0.399,-108,-122
2026-06-17,Kyle Leahy,St. Louis Cardinals,San Diego Padres,3.32,3.5,7,-3.68,-3.5,0.387,-134,110
2026-06-17,Nick Lodolo,Cincinnati Reds,New York Mets,6.28,5.5,2,4.28,3.5,0.574,118,-144
2026-06-17,Nolan McLean,New York Mets,Cincinnati Reds,5.66,6.5,9,-3.34,-2.5,0.313,118,-158
2026-06-17,Peter Lambert,Houston Astros,Detroit Tigers,4.56,5.5,5,-0.4400000000000004,0.5,0.279,126,-154
2026-06-17,Sam Aldegheri,Los Angeles Angels,Arizona Diamondbacks,3.59,2.5,1,2.59,1.5,0.664,-135,-101
2026-06-17,Sandy Alcantara,Miami Marlins,Philadelphia Phillies,4.94,4.5,6,-1.0599999999999996,-1.5,0.519,-118,-112
2026-06-17,Zack Littell,Washington Nationals,Kansas City Royals,3.03,3.5,2,1.0299999999999998,1.5,0.324,114,-140
2026-06-18,Aaron Nola,Philadelphia Phillies,New York Mets,5.26,5.5,6,-0.7400000000000002,-0.5,0.401,126,-154
2026-06-18,Bryan Woo,Seattle Mariners,Baltimore Orioles,6.04,6.5,9,-2.96,-2.5,0.375,108,-132
2026-06-18,Gage Jump,Athletics,Los Angeles Angels,3.47,5.5,7,-3.53,-1.5,0.118,-105,-115
2026-06-18,Jack Leiter,Texas Rangers,Minnesota Twins,5.54,5.5,4,1.54,1.5,0.452,104,-128
2026-06-18,Joe Ryan,Minnesota Twins,Texas Rangers,7.08,6.5,7,0.08000000000000007,-0.5,0.539,-125,-106
2026-06-18,Matthew Liberatore,St. Louis Cardinals,Kansas City Royals,4.45,3.5,2,2.45,1.5,0.621,-180,134
2026-06-18,Parker Messick,Cleveland Guardians,Milwaukee Brewers,5.0,5.5,9,-4.0,-3.5,0.356,120,-160
2026-06-18,Ryan Weathers,New York Yankees,Chicago White Sox,7.02,5.5,8,-0.9800000000000004,-2.5,0.681,-110,-110
2026-06-18,Shane Drohan,Milwaukee Brewers,Cleveland Guardians,6.83,5.5,3,3.83,2.5,0.656,-128,104
2026-06-18,Sonny Gray,Boston Red Sox,Toronto Blue Jays,4.03,4.5,4,0.03000000000000025,0.5,0.347,106,-130
2026-06-18,Trey Yesavage,Toronto Blue Jays,Boston Red Sox,4.61,4.5,6,-1.3899999999999997,-1.5,0.458,-172,128
2026-06-19,Ben Brown,Chicago Cubs,Toronto Blue Jays,5.21,4.5,4,1.21,0.5,0.57,-118,-104
2026-06-19,Bryce Miller,Seattle Mariners,Boston Red Sox,5.7,4.5,7,-1.2999999999999998,-2.5,0.65,-172,140
2026-06-19,Bubba Chandler,Pittsburgh Pirates,Colorado Rockies,4.4,4.5,1,3.4000000000000004,3.5,0.419,-130,-102
2026-06-19,Cam Schlittler,New York Yankees,Cincinnati Reds,6.65,6.5,13,-6.35,-6.5,0.474,-140,114
2026-06-19,Connor Prielipp,Minnesota Twins,Arizona Diamondbacks,4.09,3.5,4,0.08999999999999986,-0.5,0.553,-148,112
2026-06-19,Griffin Jax,Tampa Bay Rays,Washington Nationals,3.97,4.5,5,-1.0299999999999998,-0.5,0.336,-122,100
2026-06-19,Jacob deGrom,Texas Rangers,San Diego Padres,6.03,6.5,9,-2.9699999999999998,-2.5,0.374,-102,-120
2026-06-19,Jacob Misiorowski,Milwaukee Brewers,Atlanta Braves,10.33,8.5,7,3.33,1.5,0.687,100,-132
2026-06-19,Jeffrey Springs,Athletics,Los Angeles Angels,4.45,4.5,4,0.4500000000000002,0.5,0.429,-144,118
2026-06-19,Kyle Freeland,Colorado Rockies,Pittsburgh Pirates,3.84,3.5,8,-4.16,-4.5,0.504,-144,118
2026-06-19,Landen Roupp,San Francisco Giants,Miami Marlins,5.53,5.5,7,-1.4699999999999998,-1.5,0.45,110,-146
2026-06-19,Martin Perez,Atlanta Braves,Milwaukee Brewers,3.99,3.5,5,-1.0099999999999998,-1.5,0.534,-148,120
2026-06-19,Michael McGreevy,St. Louis Cardinals,Kansas City Royals,3.28,3.5,2,1.2799999999999998,1.5,0.381,104,-138
2026-06-19,Michael Soroka,Arizona Diamondbacks,Minnesota Twins,5.74,5.5,0,5.74,5.5,0.486,118,-144
2026-06-19,Randy Vasquez,San Diego Padres,Texas Rangers,3.71,3.5,1,2.71,2.5,0.476,-114,-114
2026-06-19,Ranger Suarez,Boston Red Sox,Seattle Mariners,5.78,5.5,5,0.7800000000000002,0.5,0.492,-152,114
2026-06-19,Rhett Lowder,Cincinnati Reds,New York Yankees,3.23,4.5,5,-1.77,-0.5,0.197,118,-158
2026-06-19,Roki Sasaki,Los Angeles Dodgers,Baltimore Orioles,6.29,5.5,6,0.29000000000000004,-0.5,0.577,-148,120
2026-06-19,Tanner Bibee,Cleveland Guardians,Houston Astros,4.97,4.5,7,-2.0300000000000002,-2.5,0.528,-112,-118
2026-06-19,Tarik Skubal,Detroit Tigers,Chicago White Sox,8.48,6.5,8,0.4800000000000004,-1.5,0.725,-110,-110
2026-06-19,Tatsuya Imai,Houston Astros,Cleveland Guardians,5.31,4.5,11,-5.69,-6.5,0.587,-150,124
2026-06-19,Trey Gibson,Baltimore Orioles,Los Angeles Dodgers,2.73,3.5,8,-5.27,-4.5,0.26,104,-138
2026-06-20,Andrew Abbott,Cincinnati Reds,New York Yankees,4.91,4.5,6,-1.0899999999999999,-1.5,0.52,100,-132
2026-06-20,Cade Cavalli,Washington Nationals,Tampa Bay Rays,5.35,4.5,1,4.35,3.5,0.596,-110,-120
2026-06-20,Chris Sale,Atlanta Braves,Milwaukee Brewers,7.24,7.5,7,0.2400000000000002,0.5,0.417,116,-142
2026-06-20,Connelly Early,Boston Red Sox,Seattle Mariners,5.99,5.5,7,-1.0099999999999998,-1.5,0.53,-144,108
2026-06-20,Cristopher Sanchez,Philadelphia Phillies,New York Mets,8.18,7.5,5,3.1799999999999997,2.5,0.553,120,-148
2026-06-20,Emerson Hancock,Seattle Mariners,Boston Red Sox,4.09,4.5,6,-1.9100000000000001,-1.5,0.363,-134,110
2026-06-20,Freddy Peralta,New York Mets,Philadelphia Phillies,5.86,5.5,2,3.8600000000000003,3.5,0.508,114,-152
2026-06-20,Ian Seymour,Tampa Bay Rays,Washington Nationals,6.08,4.5,4,2.08,0.5,0.707,-115,-105
2026-06-20,J.T. Ginn,Athletics,Los Angeles Angels,4.77,5.5,5,-0.23000000000000043,0.5,0.32,128,-158
2026-06-20,Joey Cantillo,Cleveland Guardians,Houston Astros,4.38,4.5,9,-4.62,-4.5,0.418,-130,-102
2026-06-20,Kyle Harrison,Milwaukee Brewers,Atlanta Braves,6.87,5.5,7,-0.1299999999999999,-1.5,0.664,-146,110
2026-06-20,MacKenzie Gore,Texas Rangers,San Diego Padres,5.85,6.5,6,-0.15000000000000036,0.5,0.347,118,-144
2026-06-20,Max Meyer,Miami Marlins,San Francisco Giants,6.73,5.5,7,-0.2699999999999996,-1.5,0.644,-140,114
2026-06-20,Patrick Corbin,Toronto Blue Jays,Chicago Cubs,3.6,3.5,4,-0.3999999999999999,-0.5,0.456,-122,-108
2026-06-20,Paul Skenes,Pittsburgh Pirates,Colorado Rockies,6.85,6.5,8,-1.1500000000000004,-1.5,0.507,-128,-104
2026-06-20,Spencer Arrighetti,Houston Astros,Cleveland Guardians,6.49,5.5,8,-1.5099999999999998,-2.5,0.61,-140,114
2026-06-20,Taj Bradley,Minnesota Twins,Arizona Diamondbacks,5.44,4.5,4,1.4400000000000004,0.5,0.611,-162,122
2026-06-20,Tomoyuki Sugano,Colorado Rockies,Pittsburgh Pirates,3.1,2.5,5,-1.9,-2.5,0.569,-160,110
2026-06-20,Trevor McDonald,San Francisco Giants,Miami Marlins,4.44,4.5,1,3.4400000000000004,3.5,0.431,-106,-125
2026-06-20,Trevor Rogers,Baltimore Orioles,Los Angeles Dodgers,3.95,3.5,6,-2.05,-2.5,0.528,-162,122
2026-06-20,Troy Melton,Detroit Tigers,Chicago White Sox,3.92,4.5,5,-1.08,-0.5,0.33,128,-158
2026-06-20,Walbert Urena,Los Angeles Angels,Athletics,5.38,3.5,6,-0.6200000000000001,-2.5,0.768,-168,126
2026-06-20,Walker Buehler,San Diego Padres,Texas Rangers,5.62,4.5,7,-1.38,-2.5,0.64,130,-174
2026-06-20,Will Warren,New York Yankees,Cincinnati Reds,5.54,5.5,8,-2.46,-2.5,0.454,-128,104
2026-06-20,Yoshinobu Yamamoto,Los Angeles Dodgers,Baltimore Orioles,7.85,6.5,6,1.8499999999999996,0.5,0.65,-164,134
2026-06-21,Andrew Alvarez,Washington Nationals,Tampa Bay Rays,3.96,4.5,6,-2.04,-1.5,0.338,134,-180
2026-06-21,Brandon Young,Baltimore Orioles,Los Angeles Dodgers,4.61,3.5,5,-0.3899999999999997,-1.5,0.654,-148,112
2026-06-21,Bryce Elder,Atlanta Braves,Milwaukee Brewers,3.72,4.5,6,-2.28,-1.5,0.291,106,-130
2026-06-21,Chase Burns,Cincinnati Reds,New York Yankees,7.16,7.5,7,0.16000000000000014,0.5,0.405,110,-146
2026-06-21,David Peterson,New York Mets,Philadelphia Phillies,4.06,4.5,5,-0.9400000000000004,-0.5,0.356,-128,-104
2026-06-21,Davis Martin,Chicago White Sox,Detroit Tigers,5.81,5.5,4,1.8099999999999996,1.5,0.501,126,-166
2026-06-21,Dustin May,St. Louis Cardinals,Kansas City Royals,6.2,5.5,2,4.2,3.5,0.565,126,-168
2026-06-21,Elmer Rodriguez,New York Yankees,Cincinnati Reds,1.88,3.5,4,-2.12,-0.5,0.1,-140,114
2026-06-21,Emmet Sheehan,Los Angeles Dodgers,Baltimore Orioles,5.5,6.5,4,1.5,2.5,0.294,-106,-114
2026-06-21,Jack Perkins,Athletics,Los Angeles Angels,5.77,5.5,8,-2.2300000000000004,-2.5,0.494,-108,-112
2026-06-21,Jared Jones,Pittsburgh Pirates,Colorado Rockies,4.24,5.5,3,1.2400000000000002,2.5,0.232,124,-166
2026-06-21,Kai-Wei Teng,Houston Astros,Cleveland Guardians,6.25,5.5,4,2.25,1.5,0.573,-115,-105
2026-06-21,Logan Gilbert,Seattle Mariners,Boston Red Sox,6.36,6.5,8,-1.6399999999999997,-1.5,0.43,-140,114
2026-06-21,Logan Webb,San Francisco Giants,Miami Marlins,5.92,5.5,5,0.9199999999999999,0.5,0.52,-140,-114
2026-06-21,Michael Lorenzen,Colorado Rockies,Pittsburgh Pirates,3.33,3.5,5,-1.67,-1.5,0.396,-142,116
2026-06-21,Mike Paredes,Minnesota Twins,Arizona Diamondbacks,3.55,2.5,1,2.55,1.5,0.664,-149,117
2026-06-21,Nathan Eovaldi,Texas Rangers,San Diego Padres,5.09,5.5,9,-3.91,-3.5,0.376,-132,108
2026-06-21,Nick Martinez,Tampa Bay Rays,Washington Nationals,3.61,3.5,5,-1.3900000000000001,-1.5,0.458,-144,118
2026-06-21,Payton Tolle,Boston Red Sox,Seattle Mariners,6.23,6.5,2,4.23,4.5,0.408,116,-154
2026-06-21,Reid Detmers,Los Angeles Angels,Athletics,7.68,6.5,4,3.6799999999999997,2.5,0.628,-118,-112
2026-06-21,Robert Gasser,Milwaukee Brewers,Atlanta Braves,3.53,4.5,7,-3.47,-2.5,0.254,124,-166
2026-06-21,Ryan Gusto,Miami Marlins,San Francisco Giants,2.89,3.5,6,-3.11,-2.5,0.299,-150,110
2026-06-21,Slade Cecconi,Cleveland Guardians,Houston Astros,4.0,3.5,1,3.0,2.5,0.54,-178,132
2026-06-21,Stephen Kolek,Kansas City Royals,St. Louis Cardinals,4.22,3.5,0,4.22,3.5,0.584,-108,-112
2026-06-21,Zack Wheeler,Philadelphia Phillies,New York Mets,5.95,6.5,7,-1.0499999999999998,-0.5,0.363,-112,-108
2026-06-22,Brady Singer,Cincinnati Reds,Milwaukee Brewers,3.99,4.5,7,-3.01,-2.5,0.343,-104,-118
2026-06-22,Foster Griffin,Washington Nationals,Philadelphia Phillies,5.04,5.5,9,-3.96,-3.5,0.369,108,-132
2026-06-22,Framber Valdez,Detroit Tigers,New York Yankees,4.81,4.5,8,-3.1900000000000004,-3.5,0.502,-152,124
2026-06-22,Grant Holmes,Atlanta Braves,San Diego Padres,3.67,4.5,4,-0.33000000000000007,0.5,0.282,120,-160
2026-06-22,Jake Bennett,Boston Red Sox,Colorado Rockies,3.97,3.5,9,-5.029999999999999,-5.5,0.534,-104,-128
2026-06-22,Kyle Bradish,Baltimore Orioles,Los Angeles Angels,6.36,6.5,9,-2.6399999999999997,-2.5,0.43,-110,-120
2026-06-22,Merrill Kelly,Arizona Diamondbacks,St. Louis Cardinals,4.1,3.5,2,2.0999999999999996,1.5,0.56,-112,-118
2026-06-22,Michael King,San Diego Padres,Atlanta Braves,4.66,4.5,5,-0.33999999999999986,-0.5,0.473,-130,106
2026-06-22,Ryan Feltner,Colorado Rockies,Boston Red Sox,3.54,3.5,2,1.54,1.5,0.444,-115,-105
2026-06-22,Sam Aldegheri,Los Angeles Angels,Baltimore Orioles,3.43,3.5,3,0.43000000000000016,0.5,0.419,-162,132
2026-06-22,Tyler Phillips,Miami Marlins,Texas Rangers,3.57,4.5,4,-0.43000000000000016,0.5,0.263,124,-152
2026-06-22,Zebby Matthews,Minnesota Twins,Los Angeles Dodgers,5.18,4.5,5,0.17999999999999972,-0.5,0.568,100,-122
2026-06-23,Aaron Civale,Athletics,San Francisco Giants,3.14,3.5,5,-1.8599999999999999,-1.5,0.358,-108,-122
2026-06-23,Brandon Sproat,Milwaukee Brewers,Cincinnati Reds,4.29,4.5,10,-5.71,-5.5,0.406,-122,-108
2026-06-23,Casey Mize,Detroit Tigers,New York Yankees,4.42,5.5,6,-1.58,-0.5,0.263,100,-122
2026-06-23,Eduardo Rodriguez,Arizona Diamondbacks,St. Louis Cardinals,4.63,3.5,5,-0.3700000000000001,-1.5,0.66,-154,116
2026-06-23,Edward Cabrera,Chicago Cubs,New York Mets,4.34,4.5,4,0.33999999999999986,0.5,0.415,-136,102
2026-06-23,George Kirby,Seattle Mariners,Pittsburgh Pirates,4.77,5.5,5,-0.23000000000000043,0.5,0.324,116,-154
2026-06-23,JR Ritchie,Atlanta Braves,San Diego Padres,3.8,3.5,7,-3.2,-3.5,0.502,-172,128
2026-06-23,Justin Wrobleski,Los Angeles Dodgers,Minnesota Twins,3.91,4.5,3,0.9100000000000001,1.5,0.331,-104,-128
2026-06-23,Mitch Keller,Pittsburgh Pirates,Seattle Mariners,3.98,4.5,4,-0.020000000000000018,0.5,0.345,-110,-110
2026-06-23,Nick Lodolo,Cincinnati Reds,Milwaukee Brewers,4.11,4.5,6,-1.8899999999999997,-1.5,0.369,-150,122
2026-06-23,Peter Lambert,Houston Astros,Toronto Blue Jays,4.5,3.5,6,-1.5,-2.5,0.637,-140,106
2026-06-23,Robbie Ray,San Francisco Giants,Athletics,4.7,6.5,6,-1.2999999999999998,0.5,0.18,132,-162
2026-06-23,Ryan Johnson,Los Angeles Angels,Baltimore Orioles,4.26,4.5,8,-3.74,-3.5,0.4,116,-142
2026-06-23,Sean Sullivan,Colorado Rockies,Boston Red Sox,2.72,3.5,3,-0.2799999999999998,0.5,0.265,118,-144
2026-06-23,Shane Baz,Baltimore Orioles,Los Angeles Angels,6.69,5.5,5,1.6900000000000004,0.5,0.641,-110,-120
2026-06-23,Shane Bieber,Toronto Blue Jays,Houston Astros,6.06,4.5,2,4.06,2.5,0.708,100,-122
2026-06-23,Shane McClanahan,Tampa Bay Rays,Kansas City Royals,5.04,5.5,4,1.04,1.5,0.37,124,-152
2026-06-23,Sonny Gray,Boston Red Sox,Colorado Rockies,4.77,4.5,11,-6.23,-6.5,0.497,-158,118
2026-06-24,Eury Perez,Miami Marlins,Texas Rangers,5.88,4.5,1,4.88,3.5,0.684,-120,-102
2026-06-24,Gage Jump,Athletics,San Francisco Giants,4.96,5.5,9,-4.04,-3.5,0.36,118,-158
2026-06-24,Javier Assad,Chicago Cubs,New York Mets,3.81,3.5,5,-1.19,-1.5,0.508,-162,122
2026-06-24,Joe Ryan,Minnesota Twins,Los Angeles Dodgers,6.81,5.5,9,-2.1900000000000004,-3.5,0.661,-144,118
2026-06-24,Jose Soriano,Los Angeles Angels,Baltimore Orioles,5.64,6.5,4,1.6399999999999997,2.5,0.321,100,-122
2026-06-24,JP Sears,San Diego Padres,Atlanta Braves,3.94,3.5,5,-1.06,-1.5,0.535,-164,132
2026-06-24,Kyle Freeland,Colorado Rockies,Boston Red Sox,3.97,4.5,4,-0.029999999999999805,0.5,0.347,136,-168
2026-06-24,Matthew Liberatore,St. Louis Cardinals,Arizona Diamondbacks,2.79,3.5,3,-0.20999999999999996,0.5,0.286,128,-158
2026-06-24,Mike Burrows,Houston Astros,Toronto Blue Jays,4.6,3.5,3,1.5999999999999996,0.5,0.658,-158,118
2026-06-24,Nolan McLean,New York Mets,Chicago Cubs,5.88,5.5,9,-3.12,-3.5,0.519,-150,122
2026-06-24,Ranger Suarez,Boston Red Sox,Colorado Rockies,6.67,4.5,9,-2.33,-4.5,0.784,-160,120
2026-06-24,Rhett Lowder,Cincinnati Reds,Milwaukee Brewers,2.87,4.5,6,-3.13,-1.5,0.148,120,-148
2026-06-24,Sean Manaea,New York Mets,Chicago Cubs,4.75,5.5,4,0.75,1.5,0.324,124,-152
2026-06-24,Shohei Ohtani,Los Angeles Dodgers,Minnesota Twins,6.91,6.5,8,-1.0899999999999999,-1.5,0.523,108,-144
2026-06-24,Tanner Bibee,Cleveland Guardians,Chicago White Sox,6.23,4.5,3,3.2300000000000004,1.5,0.732,-192,142
2026-06-24,Trey Gibson,Baltimore Orioles,Los Angeles Angels,4.15,4.5,5,-0.8499999999999996,-0.5,0.382,-118,-112
2026-06-24,Trey Yesavage,Toronto Blue Jays,Houston Astros,5.13,5.5,5,0.1299999999999999,0.5,0.389,-105,-115
2026-06-24,Tyler Mahle,San Francisco Giants,Athletics,5.05,4.5,4,1.0499999999999998,0.5,0.552,114,-140
2026-06-25,Bryce Miller,Seattle Mariners,Pittsburgh Pirates,6.05,5.5,11,-4.95,-5.5,0.549,-104,-128
2026-06-25,Bubba Chandler,Pittsburgh Pirates,Seattle Mariners,5.55,4.5,4,1.5499999999999998,0.5,0.636,-138,112
2026-06-25,Cade Cavalli,Washington Nationals,Philadelphia Phillies,4.34,4.5,7,-2.66,-2.5,0.42,-140,112
2026-06-25,Connelly Early,Boston Red Sox,New York Yankees,5.13,5.5,9,-3.87,-3.5,0.392,-110,-110
2026-06-25,Freddy Peralta,New York Mets,Chicago Cubs,5.05,5.5,5,0.04999999999999982,0.5,0.378,112,-138
2026-06-25,Jeffrey Springs,Athletics,San Francisco Giants,3.85,4.5,6,-2.15,-1.5,0.325,-118,-112
2026-06-25,Kevin Gausman,Toronto Blue Jays,Texas Rangers,5.27,5.5,4,1.2699999999999996,1.5,0.417,-138,112
2026-06-25,Landen Roupp,San Francisco Giants,Athletics,5.33,5.5,6,-0.6699999999999999,-0.5,0.426,-150,122
2026-06-25,Troy Melton,Detroit Tigers,Houston Astros,3.66,4.5,6,-2.34,-1.5,0.289,122,-148
2026-06-26,Andrew Abbott,Cincinnati Reds,Pittsburgh Pirates,4.68,4.5,6,-1.3200000000000003,-1.5,0.488,-154,116
2026-06-26,Andrew Alvarez,Washington Nationals,Baltimore Orioles,4.86,4.5,5,-0.13999999999999968,-0.5,0.522,-158,118
2026-06-26,Colin Rea,Chicago Cubs,Milwaukee Brewers,3.78,4.5,4,-0.2200000000000002,0.5,0.314,134,-180
2026-06-26,David Sandlin,Chicago White Sox,Kansas City Royals,5.46,4.5,6,-0.54,-1.5,0.625,118,-144
2026-06-26,Jacob Misiorowski,Milwaukee Brewers,Chicago Cubs,9.98,8.5,8,1.9800000000000004,0.5,0.656,-142,116
2026-06-26,Joey Cantillo,Cleveland Guardians,Seattle Mariners,5.3,5.5,9,-3.7,-3.5,0.423,100,-122
2026-06-26,Keider Montero,Detroit Tigers,Houston Astros,3.58,3.5,3,0.5800000000000001,0.5,0.463,-112,-108
2026-06-26,Max Meyer,Miami Marlins,St. Louis Cardinals,6.09,5.5,5,1.0899999999999999,0.5,0.556,102,-136
2026-06-26,Patrick Corbin,Toronto Blue Jays,Texas Rangers,3.5,3.5,5,-1.5,-1.5,0.447,-172,140
2026-06-26,Paul Skenes,Pittsburgh Pirates,Cincinnati Reds,7.03,8.5,7,0.03000000000000025,1.5,0.265,124,-152
2026-06-26,Payton Tolle,Boston Red Sox,New York Yankees,5.33,5.5,7,-1.67,-1.5,0.428,-114,-106
2026-06-26,Reynaldo Lopez,Atlanta Braves,San Francisco Giants,5.05,2.5,1,4.05,1.5,0.873,-104,-122
2026-06-26,Roki Sasaki,Los Angeles Dodgers,San Diego Padres,5.04,5.5,2,3.04,3.5,0.377,100,-132
2026-06-26,Taj Bradley,Minnesota Twins,Colorado Rockies,5.36,6.5,7,-1.6399999999999997,-0.5,0.28,108,-132
2026-06-26,Tomoyuki Sugano,Colorado Rockies,Minnesota Twins,3.01,3.5,2,1.0099999999999998,1.5,0.338,116,-154
2026-06-26,Walker Buehler,San Diego Padres,Los Angeles Dodgers,4.64,4.5,5,-0.3600000000000003,-0.5,0.479,136,-168
2026-06-26,Zach Thornton,New York Mets,Philadelphia Phillies,3.65,4.5,7,-3.35,-2.5,0.288,128,-164
2026-06-26,Zack Wheeler,Philadelphia Phillies,New York Mets,6.19,6.5,5,1.1900000000000004,1.5,0.412,-112,-118
2026-06-27,Andre Pallante,St. Louis Cardinals,Miami Marlins,4.09,4.5,4,0.08999999999999986,0.5,0.373,-102,-120
2026-06-27,Chase Burns,Cincinnati Reds,Pittsburgh Pirates,6.4,7.5,10,-3.5999999999999996,-2.5,0.302,122,-162
2026-06-27,David Peterson,Chicago Cubs,Milwaukee Brewers,3.56,4.5,2,1.56,2.5,0.271,-102,-130
2026-06-27,Davis Martin,Chicago White Sox,Kansas City Royals,4.7,5.5,3,1.7000000000000002,2.5,0.318,128,-158
2026-06-27,Foster Griffin,Washington Nationals,Baltimore Orioles,5.81,6.5,9,-3.1900000000000004,-2.5,0.351,126,-168
2026-06-27,Gerrit Cole,New York Yankees,Boston Red Sox,4.67,4.5,5,-0.33000000000000007,-0.5,0.486,-168,126
2026-06-27,Jack Perkins,Athletics,Los Angeles Angels,5.74,5.5,5,0.7400000000000002,0.5,0.5,-148,114
2026-06-27,Jake Bennett,Boston Red Sox,New York Yankees,3.46,4.5,3,0.45999999999999996,1.5,0.252,118,-144
2026-06-27,Jared Jones,Pittsburgh Pirates,Cincinnati Reds,3.88,5.5,4,-0.1200000000000001,1.5,0.184,114,-140
2026-06-27,Jose Cabrera,Arizona Diamondbacks,Tampa Bay Rays,3.17,3.5,4,-0.8300000000000001,-0.5,0.373,-136,102
2026-06-27,Kyle Harrison,Milwaukee Brewers,Chicago Cubs,5.84,5.5,9,-3.16,-3.5,0.516,-148,120
2026-06-27,Logan Gilbert,Seattle Mariners,Cleveland Guardians,6.59,6.5,7,-0.41000000000000014,-0.5,0.475,-152,114
2026-06-27,Logan Webb,San Francisco Giants,Atlanta Braves,5.69,5.5,6,-0.3099999999999996,-0.5,0.49,118,-144
2026-06-27,Michael Lorenzen,Colorado Rockies,Minnesota Twins,3.42,4.5,1,2.42,3.5,0.246,118,-158
2026-06-27,Mike Paredes,Minnesota Twins,Colorado Rockies,1.98,3.5,2,-0.020000000000000018,1.5,0.126,-102,-120
2026-06-27,Reid Detmers,Los Angeles Angels,Athletics,6.96,7.5,8,-1.04,-0.5,0.384,116,-142
2026-06-27,Ryan Gusto,Miami Marlins,St. Louis Cardinals,3.27,3.5,4,-0.73,-0.5,0.396,-114,-114
2026-06-28,Aaron Civale,Athletics,Los Angeles Angels,3.08,4.5,2,1.08,2.5,0.186,120,-160
2026-06-28,Anthony Kay,Chicago White Sox,Kansas City Royals,4.27,4.5,2,2.2699999999999996,2.5,0.41,-112,-108
2026-06-28,Brandon Woodruff,Milwaukee Brewers,Chicago Cubs,5.7,5.5,6,-0.2999999999999998,-0.5,0.493,-144,118
2026-06-28,Chris Sale,Atlanta Braves,San Francisco Giants,7.12,7.5,10,-2.88,-2.5,0.409,-158,118
2026-06-28,Drew Rasmussen,Tampa Bay Rays,Arizona Diamondbacks,5.93,5.5,5,0.9299999999999997,0.5,0.531,-102,-120
2026-06-28,Emmet Sheehan,Los Angeles Dodgers,San Diego Padres,4.65,5.5,5,-0.34999999999999964,0.5,0.311,-114,-114
2026-06-28,Gavin Williams,Cleveland Guardians,Seattle Mariners,6.15,6.5,6,0.15000000000000036,0.5,0.406,-122,100
2026-06-28,Jack Flaherty,Detroit Tigers,Houston Astros,4.3,5.5,9,-4.7,-3.5,0.251,-104,-118
2026-06-28,Kumar Rocker,Texas Rangers,Toronto Blue Jays,3.43,3.5,5,-1.5699999999999998,-1.5,0.433,-152,114
2026-06-28,Kyle Bradish,Baltimore Orioles,Washington Nationals,5.19,5.5,2,3.1900000000000004,3.5,0.405,-132,108
2026-06-28,Kyle Leahy,St. Louis Cardinals,Miami Marlins,4.32,4.5,5,-0.6799999999999997,-0.5,0.419,104,-128
2026-06-28,Merrill Kelly,Arizona Diamondbacks,Tampa Bay Rays,3.59,3.5,3,0.5899999999999999,0.5,0.468,-138,104
2026-06-28,Michael King,San Diego Padres,Los Angeles Dodgers,5.46,4.5,5,0.45999999999999996,-0.5,0.625,-138,112
2026-06-28,Mitch Keller,Pittsburgh Pirates,Cincinnati Reds,4.25,4.5,4,0.25,0.5,0.406,-152,124
2026-06-28,Robbie Ray,San Francisco Giants,Atlanta Braves,4.85,5.5,2,2.8499999999999996,3.5,0.345,128,-158
2026-06-28,Ryan Feltner,Colorado Rockies,Minnesota Twins,4.55,4.5,0,4.55,4.5,0.464,128,-172
2026-06-28,Sam Aldegheri,Los Angeles Angels,Athletics,2.92,3.5,4,-1.08,-0.5,0.318,-172,140
2026-06-28,Shane Bieber,Toronto Blue Jays,Texas Rangers,5.45,4.5,4,1.4500000000000002,0.5,0.624,-134,110
2026-06-28,Sonny Gray,Boston Red Sox,New York Yankees,6.39,5.5,9,-2.6100000000000003,-3.5,0.604,-130,106
2026-06-28,Tyler Phillips,Miami Marlins,St. Louis Cardinals,3.17,3.5,1,2.17,2.5,0.376,-102,-130
2026-06-28,Zack Littell,Washington Nationals,Baltimore Orioles,3.19,3.5,3,0.18999999999999995,0.5,0.379,-110,-120
2026-06-29,Aaron Nola,Philadelphia Phillies,Pittsburgh Pirates,5.43,5.5,5,0.4299999999999997,0.5,0.447,-118,-104
2026-06-29,Braxton Ashcraft,Pittsburgh Pirates,Philadelphia Phillies,5.82,6.5,8,-2.1799999999999997,-1.5,0.353,116,-154
2026-06-29,Casey Mize,Detroit Tigers,New York Yankees,4.89,5.5,10,-5.11,-4.5,0.352,104,-138
2026-06-29,Eduardo Rodriguez,Arizona Diamondbacks,San Francisco Giants,4.6,4.5,1,3.5999999999999996,3.5,0.472,-130,106
2026-06-29,Eric Lauer,Los Angeles Dodgers,Athletics,4.39,3.5,2,2.3899999999999997,1.5,0.626,-158,118
2026-06-29,Gage Jump,Athletics,Los Angeles Dodgers,5.71,4.5,5,0.71,-0.5,0.662,-152,124
2026-06-29,George Kirby,Seattle Mariners,Los Angeles Angels,5.72,6.5,7,-1.2800000000000002,-0.5,0.336,-102,-120
2026-06-29,Griffin Canning,San Diego Padres,Chicago Cubs,5.2,3.5,3,2.2,0.5,0.752,-130,-102
2026-06-29,Miles Mikolas,Washington Nationals,Boston Red Sox,3.55,2.5,3,0.5499999999999998,-0.5,0.674,-112,-114
2026-06-29,Nick Lodolo,Cincinnati Reds,Milwaukee Brewers,4.26,4.5,4,0.2599999999999998,0.5,0.406,-114,-114
2026-06-29,Parker Messick,Cleveland Guardians,Texas Rangers,6.96,6.5,5,1.96,1.5,0.533,118,-144
2026-06-29,Peter Lambert,Houston Astros,Minnesota Twins,4.8,4.5,4,0.7999999999999998,0.5,0.511,-152,124
2026-06-29,Ranger Suarez,Boston Red Sox,Washington Nationals,5.91,5.5,8,-2.09,-2.5,0.527,-102,-120
2026-06-29,Robert Gasser,Milwaukee Brewers,Cincinnati Reds,4.54,5.5,5,-0.45999999999999996,0.5,0.29,-115,-105
2026-06-29,Ryan Weathers,New York Yankees,Detroit Tigers,6.02,6.5,3,3.0199999999999996,3.5,0.385,110,-134
2026-06-29,Sandy Alcantara,Miami Marlins,Colorado Rockies,5.29,4.5,3,2.29,1.5,0.596,-108,-122
2026-06-29,Sean Sullivan,Colorado Rockies,Miami Marlins,1.78,3.5,5,-3.2199999999999998,-1.5,0.093,104,-128
2026-06-29,Shota Imanaga,Chicago Cubs,San Diego Padres,4.96,4.5,4,0.96,0.5,0.539,-150,122
2026-06-29,Trey Yesavage,Toronto Blue Jays,New York Mets,5.0,5.5,3,2.0,2.5,0.371,-130,106
2026-06-29,Tyler Mahle,San Francisco Giants,Arizona Diamondbacks,4.76,4.5,3,1.7599999999999998,1.5,0.502,134,-180
2026-06-29,Zebby Matthews,Minnesota Twins,Houston Astros,5.47,4.5,7,-1.5300000000000002,-2.5,0.625,-158,118
2026-06-30,Brandon Pfaadt,Arizona Diamondbacks,San Francisco Giants,5.01,3.5,2,3.01,1.5,0.726,128,-158
2026-06-30,Bryan Woo,Seattle Mariners,Los Angeles Angels,6.44,7.5,5,1.4400000000000004,2.5,0.306,110,-134
2026-06-30,Bubba Chandler,Pittsburgh Pirates,Philadelphia Phillies,4.67,4.5,6,-1.33,-1.5,0.484,-132,100
2026-06-30,Cade Cavalli,Washington Nationals,Boston Red Sox,4.25,4.5,13,-8.75,-8.5,0.405,-130,-102
2026-06-30,Connelly Early,Boston Red Sox,Washington Nationals,5.38,5.5,5,0.3799999999999999,0.5,0.436,-114,-106
2026-06-30,Cristopher Sanchez,Philadelphia Phillies,Pittsburgh Pirates,7.08,7.5,9,-1.92,-1.5,0.401,-118,-104
2026-06-30,Jacob deGrom,Texas Rangers,Cleveland Guardians,7.63,6.5,9,-1.37,-2.5,0.629,-138,104
2026-06-30,Jeffrey Springs,Athletics,Los Angeles Dodgers,3.9,4.5,2,1.9,2.5,0.337,128,-158
2026-06-30,Joe Ryan,Minnesota Twins,Houston Astros,6.15,6.5,5,1.1500000000000004,1.5,0.405,-152,114
2026-06-30,Jose Soriano,Los Angeles Angels,Seattle Mariners,4.55,5.5,9,-4.45,-3.5,0.291,-130,-102
2026-06-30,JP Sears,San Diego Padres,Chicago Cubs,4.58,3.5,4,0.5800000000000001,-0.5,0.658,-162,122
2026-06-30,Justin Wrobleski,Los Angeles Dodgers,Athletics,4.29,4.5,11,-6.71,-6.5,0.411,-154,116
2026-06-30,Kevin Gausman,Toronto Blue Jays,New York Mets,4.71,5.5,7,-2.29,-1.5,0.32,-114,-106
2026-06-30,Landen Roupp,San Francisco Giants,Arizona Diamondbacks,5.48,4.5,4,1.4800000000000004,0.5,0.627,-130,-102
2026-06-30,Martin Pérez,Atlanta Braves,St. Louis Cardinals,3.42,3.5,1,2.42,2.5,0.429,-142,116
2026-06-30,Matthew Boyd,Chicago Cubs,San Diego Padres,5.69,5.5,2,3.6900000000000004,3.5,0.489,126,-154
2026-06-30,Matthew Liberatore,St. Louis Cardinals,Atlanta Braves,3.51,4.5,9,-5.49,-4.5,0.262,134,-180
2026-06-30,Mike Burrows,Houston Astros,Minnesota Twins,4.77,4.5,3,1.7699999999999996,1.5,0.504,-134,110
2026-06-30,Nolan McLean,New York Mets,Toronto Blue Jays,5.18,5.5,7,-1.8200000000000003,-1.5,0.401,-114,-114
2026-06-30,Rhett Lowder,Cincinnati Reds,Milwaukee Brewers,3.51,4.5,8,-4.49,-3.5,0.261,118,-158
2026-06-30,Tanner Bibee,Cleveland Guardians,Texas Rangers,5.99,5.5,2,3.99,3.5,0.54,126,-154
2026-06-30,Tanner Gordon,Colorado Rockies,Miami Marlins,4.18,3.5,4,0.17999999999999972,-0.5,0.585,122,-150
2026-06-30,Tarik Skubal,Detroit Tigers,New York Yankees,6.76,7.5,9,-2.24,-1.5,0.353,-104,-128
2026-06-30,Trey Gibson,Baltimore Orioles,Chicago White Sox,4.57,4.5,5,-0.4299999999999997,-0.5,0.466,124,-152
2026-07-01,Colin Rea,Chicago Cubs,San Diego Padres,3.37,3.5,5,-1.63,-1.5,0.419,-144,118
2026-07-01,Dean Kremer,Baltimore Orioles,Chicago White Sox,5.08,5.5,4,1.08,1.5,0.385,122,-150
2026-07-01,Freddy Peralta,New York Mets,Toronto Blue Jays,4.65,4.5,4,0.6500000000000004,0.5,0.482,-132,100
2026-07-01,J.T. Ginn,Athletics,Los Angeles Dodgers,5.15,4.5,4,1.1500000000000004,0.5,0.574,112,-142
2026-07-01,Kyle Freeland,Colorado Rockies,Miami Marlins,3.92,3.5,7,-3.08,-3.5,0.536,-156,122
2026-07-01,Michael McGreevy,St. Louis Cardinals,Atlanta Braves,3.51,3.5,3,0.5099999999999998,0.5,0.449,128,-164
2026-07-01,Paul Skenes,Pittsburgh Pirates,Philadelphia Phillies,6.96,6.5,5,1.96,1.5,0.534,-162,122
2026-07-01,Payton Tolle,Boston Red Sox,Washington Nationals,6.39,5.5,5,1.3899999999999997,0.5,0.604,-115,-105
2026-07-01,Reynaldo Lopez,Atlanta Braves,St. Louis Cardinals,4.73,3.5,6,-1.2699999999999996,-2.5,0.684,118,-150
2026-07-01,Taj Bradley,Minnesota Twins,Houston Astros,5.35,5.5,11,-5.65,-5.5,0.432,-140,106
2026-07-01,Tatsuya Imai,Houston Astros,Minnesota Twins,5.8,5.5,2,3.8,3.5,0.509,-150,122
2026-07-01,Walker Buehler,San Diego Padres,Chicago Cubs,4.98,3.5,6,-1.0199999999999996,-2.5,0.721,-178,132
2026-07-01,Will Warren,New York Yankees,Detroit Tigers,5.52,5.5,7,-1.4800000000000004,-1.5,0.463,-122,100
2026-07-01,Zac Gallen,Arizona Diamondbacks,San Francisco Giants,4.1,3.5,4,0.09999999999999964,-0.5,0.572,-113,-113
2026-07-01,Zack Wheeler,Philadelphia Phillies,Pittsburgh Pirates,6.76,6.5,10,-3.24,-3.5,0.502,-150,122
2026-07-02,Alan Rangel,Philadelphia Phillies,Pittsburgh Pirates,5.37,4.5,4,1.37,0.5,0.612,118,-150
2026-07-02,Chase Burns,Cincinnati Reds,Milwaukee Brewers,6.85,7.5,4,2.8499999999999996,3.5,0.369,108,-138
2026-07-02,Dustin May,St. Louis Cardinals,Atlanta Braves,5.61,4.5,1,4.61,3.5,0.648,-104,-120
2026-07-02,Framber Valdez,Detroit Tigers,Texas Rangers,4.92,5.5,1,3.92,4.5,0.357,118,-150
2026-07-02,Hurston Waldrep,Atlanta Braves,St. Louis Cardinals,5.02,3.5,4,1.0199999999999996,-0.5,0.728,-115,-111
2026-07-02,Jacob Misiorowski,Milwaukee Brewers,Cincinnati Reds,10.25,9.5,10,0.25,-0.5,0.565,100,-128
2026-07-02,Jared Jones,Pittsburgh Pirates,Philadelphia Phillies,3.93,4.5,6,-2.07,-1.5,0.344,-158,124
2026-07-02,Nathan Eovaldi,Texas Rangers,Detroit Tigers,6.31,6.5,9,-2.6900000000000004,-2.5,0.432,-108,-118
2026-07-02,Randy Vasquez,San Diego Padres,Los Angeles Dodgers,2.85,3.5,0,2.85,3.5,0.304,128,-164
2026-07-02,Ryan Gusto,Miami Marlins,Colorado Rockies,3.23,3.5,2,1.23,1.5,0.389,-111,-115
2026-07-02,Slade Cecconi,Cleveland Guardians,Chicago White Sox,4.94,4.5,3,1.9400000000000004,1.5,0.536,120,-154
2026-07-02,Walbert Urena,Los Angeles Angels,Seattle Mariners,5.81,4.5,6,-0.1900000000000004,-1.5,0.678,-142,112
2026-07-03,Andre Pallante,St. Louis Cardinals,Chicago Cubs,4.49,3.5,2,2.49,1.5,0.642,-154,120
2026-07-03,Anthony Kay,Chicago White Sox,Cleveland Guardians,4.73,4.5,2,2.7300000000000004,2.5,0.497,-136,106
2026-07-03,Christian Scott,New York Mets,Atlanta Braves,5.31,4.5,7,-1.6900000000000004,-2.5,0.599,-120,-106
2026-07-03,Dylan Cease,Toronto Blue Jays,Seattle Mariners,7.54,7.5,9,-1.46,-1.5,0.47,-120,-106
2026-07-03,Gerrit Cole,New York Yankees,Minnesota Twins,4.99,5.5,7,-2.01,-1.5,0.368,102,-130
2026-07-03,Grant Holmes,Atlanta Braves,New York Mets,3.68,4.5,2,1.6800000000000002,2.5,0.293,-113,-113
2026-07-03,Jack Perkins,Athletics,Miami Marlins,5.03,5.5,8,-2.9699999999999998,-2.5,0.375,118,-150
2026-07-03,Jose Cabrera,Arizona Diamondbacks,Milwaukee Brewers,3.59,3.5,3,0.5899999999999999,0.5,0.466,-162,126
2026-07-03,Kyle Harrison,Milwaukee Brewers,Arizona Diamondbacks,4.79,5.5,3,1.79,2.5,0.334,128,-164
2026-07-03,Logan Webb,San Francisco Giants,Colorado Rockies,6.85,4.5,2,4.85,2.5,0.805,-162,128
2026-07-03,Luis Castillo,Seattle Mariners,Toronto Blue Jays,4.78,4.5,4,0.7800000000000002,0.5,0.506,-148,116
2026-07-03,Michael King,San Diego Padres,Los Angeles Dodgers,5.26,4.5,5,0.2599999999999998,-0.5,0.591,-136,106
2026-07-03,Mike Paredes,Minnesota Twins,New York Yankees,2.19,3.5,2,0.18999999999999995,1.5,0.163,110,-140
2026-07-03,Nick Martinez,Tampa Bay Rays,Houston Astros,3.45,3.5,3,0.4500000000000002,0.5,0.435,-142,112
2026-07-03,Ryan Feltner,Colorado Rockies,San Francisco Giants,4.35,3.5,9,-4.65,-5.5,0.618,112,-142
2026-07-03,Spencer Arrighetti,Houston Astros,Tampa Bay Rays,4.78,4.5,4,0.7800000000000002,0.5,0.505,-164,128
2026-07-03,Tyler Phillips,Miami Marlins,Athletics,4.01,4.5,2,2.01,2.5,0.357,122,-156
2026-07-04,Aaron Civale,Athletics,Miami Marlins,3.26,3.5,6,-2.74,-2.5,0.393,-136,106
2026-07-04,Brandon Woodruff,Milwaukee Brewers,Arizona Diamondbacks,5.02,4.5,6,-0.9800000000000004,-1.5,0.548,-102,-125
2026-07-04,Brandon Young,Baltimore Orioles,Cincinnati Reds,4.64,4.5,5,-0.3600000000000003,-0.5,0.48,-138,108
2026-07-04,Braxton Ashcraft,Pittsburgh Pirates,Washington Nationals,5.24,5.5,7,-1.7599999999999998,-1.5,0.411,-150,110
2026-07-04,Hunter Brown,Houston Astros,Tampa Bay Rays,5.8,6.5,3,2.8,3.5,0.349,118,-150
2026-07-04,Hunter Greene,Cincinnati Reds,Baltimore Orioles,7.76,6.5,7,0.7599999999999998,-0.5,0.646,-142,112
2026-07-04,Jack Flaherty,Detroit Tigers,Texas Rangers,5.48,5.5,5,0.4800000000000004,0.5,0.454,-113,-113
2026-07-04,Jesus Luzardo,Philadelphia Phillies,Kansas City Royals,6.87,6.5,9,-2.13,-2.5,0.519,102,-130
2026-07-04,Logan Gilbert,Seattle Mariners,Toronto Blue Jays,5.88,5.5,7,-1.12,-1.5,0.521,110,-140
2026-07-04,Parker Messick,Cleveland Guardians,Chicago White Sox,8.6,6.5,3,5.6,3.5,0.746,102,-130
2026-07-04,Robbie Ray,San Francisco Giants,Colorado Rockies,7.57,4.5,4,3.5700000000000003,0.5,0.827,-122,-104
2026-07-04,Sean Sullivan,Colorado Rockies,San Francisco Giants,2.21,3.5,4,-1.79,-0.5,0.167,-102,-120
2026-07-04,Shane Bieber,Toronto Blue Jays,Seattle Mariners,5.61,4.5,3,2.6100000000000003,1.5,0.647,-156,122
2026-07-04,Zebby Matthews,Minnesota Twins,New York Yankees,5.86,4.5,5,0.8600000000000003,-0.5,0.684,-125,-102
2026-07-05,Brandon Sproat,Milwaukee Brewers,Arizona Diamondbacks,5.01,4.5,4,1.0099999999999998,0.5,0.545,132,-170
2026-07-05,Bubba Chandler,Pittsburgh Pirates,Washington Nationals,4.66,4.5,0,4.66,4.5,0.483,-104,-120
2026-07-05,Cade Cavalli,Washington Nationals,Pittsburgh Pirates,5.44,6.5,3,2.4400000000000004,3.5,0.291,126,-162
2026-07-05,Eduardo Rodriguez,Arizona Diamondbacks,Milwaukee Brewers,4.81,3.5,3,1.8099999999999996,0.5,0.694,-162,126
2026-07-05,Emerson Hancock,Seattle Mariners,Toronto Blue Jays,3.73,4.5,5,-1.27,-0.5,0.301,-104,-122
2026-07-05,Gage Jump,Athletics,Miami Marlins,4.72,5.5,1,3.7199999999999998,4.5,0.32,102,-130
2026-07-05,Joe Ryan,Minnesota Twins,New York Yankees,5.46,6.5,9,-3.54,-2.5,0.294,-113,-113
2026-07-05,Kumar Rocker,Texas Rangers,Detroit Tigers,4.68,4.5,4,0.6799999999999997,0.5,0.486,-142,112
2026-07-05,Kyle Bradish,Baltimore Orioles,Cincinnati Reds,5.97,6.5,5,0.9699999999999998,1.5,0.375,-115,-111
2026-07-05,Luinder Avila,Kansas City Royals,Philadelphia Phillies,3.29,4.5,4,-0.71,0.5,0.22,136,-174
2026-07-05,Mason Englert,Tampa Bay Rays,Houston Astros,4.15,3.5,9,-4.85,-5.5,0.579,-110,-114
2026-07-05,Matthew Liberatore,St. Louis Cardinals,Chicago Cubs,3.64,4.5,3,0.6400000000000001,1.5,0.285,114,-146
2026-07-05,Nick Lodolo,Cincinnati Reds,Baltimore Orioles,4.71,5.5,4,0.71,1.5,0.319,-120,-106
2026-07-05,Nolan McLean,New York Mets,Atlanta Braves,6.99,5.5,5,1.9900000000000002,0.5,0.687,-138,108
2026-07-05,Peter Lambert,Houston Astros,Tampa Bay Rays,4.4,4.5,6,-1.5999999999999996,-1.5,0.432,-108,-118
2026-07-05,Ranger Suarez,Boston Red Sox,Los Angeles Angels,5.25,6.5,5,0.25,1.5,0.262,102,-130
2026-07-05,Ryan Johnson,Los Angeles Angels,Boston Red Sox,3.91,4.5,6,-2.09,-1.5,0.337,114,-146
2026-07-05,Ryan Weathers,New York Yankees,Minnesota Twins,4.24,5.5,6,-1.7599999999999998,-0.5,0.24,-120,-106
2026-07-05,Tanner Bibee,Cleveland Guardians,Chicago White Sox,6.21,5.5,1,5.21,4.5,0.575,124,-160
2026-07-05,Tanner Gordon,Colorado Rockies,San Francisco Giants,3.81,3.5,7,-3.19,-3.5,0.512,102,-130
2026-07-05,Tyler Mahle,San Francisco Giants,Colorado Rockies,4.83,3.5,5,-0.16999999999999993,-1.5,0.697,-180,140
2026-07-06,Brandon Pfaadt,Arizona Diamondbacks,San Diego Padres,4.3,3.5,6,-1.7000000000000002,-2.5,0.606,-120,-106
2026-07-06,Cam Schlittler,New York Yankees,Tampa Bay Rays,5.54,5.5,8,-2.46,-2.5,0.463,-162,126
2026-07-06,Cristopher Sanchez,Philadelphia Phillies,Kansas City Royals,5.64,6.5,1,4.64,5.5,0.322,-120,-106
2026-07-06,Dustin May,St. Louis Cardinals,Milwaukee Brewers,3.88,4.5,7,-3.12,-2.5,0.331,120,-154
2026-07-06,Eric Lauer,Los Angeles Dodgers,Colorado Rockies,4.97,4.5,3,1.9699999999999998,1.5,0.538,100,-128
2026-07-06,Freddy Peralta,New York Mets,Atlanta Braves,4.9,4.5,6,-1.0999999999999996,-1.5,0.526,-158,124
2026-07-06,Griffin Jax,Tampa Bay Rays,New York Yankees,5.35,5.5,10,-4.65,-4.5,0.43,-102,-125
2026-07-06,Mike Burrows,Houston Astros,Washington Nationals,3.83,3.5,3,0.8300000000000001,0.5,0.515,-162,126
2026-07-06,Noah Cameron,Kansas City Royals,Philadelphia Phillies,3.75,4.5,7,-3.25,-2.5,0.304,-162,126
2026-07-06,Shane Drohan,Milwaukee Brewers,St. Louis Cardinals,4.84,4.5,2,2.84,2.5,0.514,126,-162
2026-07-07,Andrew Abbott,Cincinnati Reds,Philadelphia Phillies,4.62,5.5,8,-3.38,-2.5,0.303,120,-154
2026-07-07,Andrew Alvarez,Washington Nationals,Houston Astros,4.29,4.5,3,1.29,1.5,0.412,-120,-104
2026-07-07,Hunter Dobbins,St. Louis Cardinals,Milwaukee Brewers,4.39,3.5,4,0.3899999999999997,-0.5,0.623,-122,-104
2026-07-07,Hurston Waldrep,Atlanta Braves,Pittsburgh Pirates,5.01,4.5,2,3.01,2.5,0.546,-113,-113
2026-07-07,Ian Seymour,Tampa Bay Rays,New York Yankees,5.36,5.5,12,-6.64,-6.5,0.433,-115,-111
2026-07-07,Jacob Misiorowski,Milwaukee Brewers,St. Louis Cardinals,9.01,7.5,11,-1.9900000000000002,-3.5,0.668,-130,100
2026-07-07,Joey Cantillo,Cleveland Guardians,Minnesota Twins,5.86,4.5,7,-1.1399999999999997,-2.5,0.683,-170,132
2026-07-07,Jose Soriano,Los Angeles Angels,Texas Rangers,5.05,5.5,4,1.0499999999999998,1.5,0.378,108,-138
2026-07-07,Justin Wrobleski,Los Angeles Dodgers,Colorado Rockies,6.22,5.5,9,-2.7800000000000002,-3.5,0.576,122,-156
2026-07-07,Matthew Boyd,Chicago Cubs,Baltimore Orioles,4.55,4.5,7,-2.45,-2.5,0.462,-162,126
2026-07-07,Noah Schultz,Chicago White Sox,Boston Red Sox,3.67,4.5,3,0.6699999999999999,1.5,0.29,-128,100
2026-07-07,Paul Skenes,Pittsburgh Pirates,Atlanta Braves,6.09,6.5,4,2.09,2.5,0.395,-106,-120
2026-07-07,Payton Tolle,Boston Red Sox,Chicago White Sox,6.96,5.5,6,0.96,-0.5,0.683,-122,-104
2026-07-07,Seth Lugo,Kansas City Royals,New York Mets,4.31,4.5,4,0.3099999999999996,0.5,0.415,-104,-122
2026-07-07,Tarik Skubal,Detroit Tigers,Athletics,6.51,8.5,9,-2.49,-0.5,0.2,112,-142
2026-07-07,Tatsuya Imai,Houston Astros,Washington Nationals,3.71,4.5,3,0.71,1.5,0.299,-125,-102
2026-07-07,Trevor McDonald,San Francisco Giants,Toronto Blue Jays,4.9,3.5,0,4.9,3.5,0.708,-130,102
2026-07-07,Zack Wheeler,Philadelphia Phillies,Cincinnati Reds,6.41,7.5,14,-7.59,-6.5,0.301,112,-142
2026-07-08,Alan Rangel,Philadelphia Phillies,Cincinnati Reds,5.32,4.5,5,0.3200000000000003,-0.5,0.602,108,-138
2026-07-08,Chase Burns,Cincinnati Reds,Philadelphia Phillies,6.07,7.5,2,4.07,5.5,0.256,124,-158
2026-07-08,Christian Scott,New York Mets,Kansas City Royals,5.5,5.5,5,0.5,0.5,0.459,-136,106
2026-07-08,Colin Rea,Chicago Cubs,Baltimore Orioles,3.99,4.5,2,1.9900000000000002,2.5,0.355,130,-166
2026-07-08,Connor Prielipp,Minnesota Twins,Cleveland Guardians,7.36,5.5,6,1.3600000000000003,-0.5,0.735,-154,120
2026-07-08,Dylan Cease,Toronto Blue Jays,San Francisco Giants,7.68,7.5,11,-3.3200000000000003,-3.5,0.491,124,-158
2026-07-08,Foster Griffin,Washington Nationals,Houston Astros,5.69,4.5,9,-3.3099999999999996,-4.5,0.661,-166,130
2026-07-08,Gabriel Hughes,Colorado Rockies,Los Angeles Dodgers,1.54,3.5,7,-5.46,-3.5,0.062,128,-163
2026-07-08,Gerrit Cole,New York Yankees,Tampa Bay Rays,4.68,5.5,6,-1.3200000000000003,-0.5,0.316,128,-164
2026-07-08,Jake Bennett,Boston Red Sox,Chicago White Sox,4.88,4.5,4,0.8799999999999999,0.5,0.526,104,-132
2026-07-08,Jared Jones,Pittsburgh Pirates,Atlanta Braves,4.27,4.5,8,-3.7300000000000004,-3.5,0.41,-142,112
2026-07-08,Jeffrey Springs,Athletics,Detroit Tigers,4.39,4.5,4,0.3899999999999997,0.5,0.433,-104,-122
2026-07-08,Jose Cabrera,Arizona Diamondbacks,San Diego Padres,3.25,3.5,2,1.25,1.5,0.392,-138,108
2026-07-08,Kyle Harrison,Milwaukee Brewers,St. Louis Cardinals,4.6,5.5,2,2.5999999999999996,3.5,0.303,120,-154
2026-07-08,Michael King,San Diego Padres,Arizona Diamondbacks,5.28,4.5,4,1.2800000000000002,0.5,0.596,-111,-115
2026-07-08,Michael McGreevy,St. Louis Cardinals,Milwaukee Brewers,3.38,3.5,6,-2.62,-2.5,0.422,-122,-104
2026-07-08,Roki Sasaki,Los Angeles Dodgers,Colorado Rockies,4.41,5.5,5,-0.5899999999999999,0.5,0.27,-118,-108
2026-07-08,Shane McClanahan,Tampa Bay Rays,New York Yankees,4.43,5.5,5,-0.5700000000000003,0.5,0.274,-106,-120
2026-07-08,Troy Melton,Detroit Tigers,Athletics,4.27,4.5,9,-4.73,-4.5,0.41,-136,106
2026-07-08,Tyler Phillips,Miami Marlins,Seattle Mariners,3.83,4.5,3,0.8300000000000001,1.5,0.324,118,-150
2026-07-08,Walbert Urena,Los Angeles Angels,Texas Rangers,5.27,4.5,3,2.2699999999999996,1.5,0.594,-115,-111
2026-07-09,Andre Pallante,St. Louis Cardinals,Milwaukee Brewers,3.64,3.5,2,1.6400000000000001,1.5,0.478,-142,112
2026-07-09,Anthony Kay,Chicago White Sox,Boston Red Sox,3.9,4.5,4,-0.10000000000000009,0.5,0.337,132,-170
2026-07-09,Bailey Ober,Minnesota Twins,Cleveland Guardians,4.94,3.5,5,-0.05999999999999961,-1.5,0.716,-148,120
2026-07-09,Brady Singer,Cincinnati Reds,Philadelphia Phillies,4.87,4.5,5,-0.1299999999999999,-0.5,0.524,-170,132
2026-07-09,Bryce Elder,Atlanta Braves,Pittsburgh Pirates,3.9,4.5,3,0.8999999999999999,1.5,0.337,-104,-122
2026-07-09,Carson Whisenhunt,San Francisco Giants,Colorado Rockies,4.43,3.5,4,0.4299999999999997,-0.5,0.634,-158,124
2026-07-09,Drew Rasmussen,Tampa Bay Rays,New York Yankees,5.32,6.5,2,3.3200000000000003,4.5,0.275,120,-154
2026-07-09,Framber Valdez,Detroit Tigers,Athletics,4.37,5.5,9,-4.63,-3.5,0.262,124,-158
2026-07-09,Gavin Williams,Cleveland Guardians,Minnesota Twins,5.72,6.5,11,-5.28,-4.5,0.337,122,-156
2026-07-09,Griffin Canning,San Diego Padres,Arizona Diamondbacks,4.88,3.5,5,-0.1200000000000001,-1.5,0.706,-154,120
2026-07-09,Jesus Luzardo,Philadelphia Phillies,Cincinnati Reds,7.13,7.5,11,-3.87,-3.5,0.41,-102,-128
2026-07-09,Logan Henderson,Milwaukee Brewers,St. Louis Cardinals,5.64,4.5,4,1.6399999999999997,0.5,0.653,-138,108
2026-07-09,Nathan Eovaldi,Texas Rangers,Los Angeles Angels,5.92,7.5,10,-4.08,-2.5,0.235,118,-150
2026-07-09,Patrick Sandoval,Boston Red Sox,Chicago White Sox,5.31,4.5,5,0.3099999999999996,-0.5,0.6,122,-156
2026-07-09,Ryan Feltner,Colorado Rockies,San Francisco Giants,4.74,3.5,3,1.7400000000000002,0.5,0.686,-156,122
2026-07-09,Sean Manaea,New York Mets,Kansas City Royals,4.68,4.5,6,-1.3200000000000003,-1.5,0.488,-165,126
2026-07-09,Trevor Rogers,Baltimore Orioles,Chicago Cubs,4.97,4.5,4,0.9699999999999998,0.5,0.542,-106,-120
2026-07-10,Cal Quantrill,Texas Rangers,Houston Astros,2.47,3.5,1,1.4700000000000002,2.5,0.222,136,-174
2026-07-10,Hunter Greene,Cincinnati Reds,Chicago Cubs,7.19,6.5,12,-4.81,-5.5,0.569,-106,-120
2026-07-10,Jack Flaherty,Detroit Tigers,Philadelphia Phillies,5.43,5.5,6,-0.5700000000000003,-0.5,0.448,-128,100
2026-07-10,Luinder Avila,Kansas City Royals,Baltimore Orioles,3.96,4.5,3,0.96,1.5,0.35,126,-162
2026-07-10,Nick Martinez,Tampa Bay Rays,Seattle Mariners,4.53,4.5,1,3.5300000000000002,3.5,0.461,126,-162
2026-07-10,Nolan McLean,New York Mets,Boston Red Sox,6.25,6.5,7,-0.75,-0.5,0.423,-120,-106
2026-07-10,Parker Messick,Cleveland Guardians,Miami Marlins,5.11,5.5,1,4.11,4.5,0.392,-104,-122
2026-07-10,Ryan Weathers,New York Yankees,Washington Nationals,4.66,5.5,6,-1.3399999999999999,-0.5,0.314,112,-142
2026-07-10,Sean Burke,Chicago White Sox,Athletics,4.98,5.5,9,-4.02,-3.5,0.37,-111,-115
2026-07-10,Shota Imanaga,Chicago Cubs,Cincinnati Reds,4.88,5.5,5,-0.1200000000000001,0.5,0.351,-115,-111
2026-07-10,Sonny Gray,Boston Red Sox,New York Mets,5.41,5.5,3,2.41,2.5,0.444,-128,100
2026-07-11,Brandon Pfaadt,Arizona Diamondbacks,Los Angeles Dodgers,4.68,3.5,2,2.6799999999999997,1.5,0.677,-106,-120
2026-07-11,Brandon Sproat,Milwaukee Brewers,Pittsburgh Pirates,5.09,5.5,3,2.09,2.5,0.388,110,-140
2026-07-11,Braxton Ashcraft,Pittsburgh Pirates,Milwaukee Brewers,5.56,6.5,6,-0.4400000000000004,0.5,0.313,120,-154
2026-07-11,Bubba Chandler,Pittsburgh Pirates,Milwaukee Brewers,3.64,4.5,6,-2.36,-1.5,0.289,110,-140
2026-07-11,Casey Mize,Detroit Tigers,Philadelphia Phillies,5.18,5.5,5,0.17999999999999972,0.5,0.404,110,-140
2026-07-11,Cristopher Sanchez,Philadelphia Phillies,Detroit Tigers,5.81,6.5,7,-1.1900000000000004,-0.5,0.353,-138,108
2026-07-11,Freddy Peralta,New York Mets,Boston Red Sox,4.61,5.5,6,-1.3899999999999997,-0.5,0.306,-128,100
2026-07-11,Gage Jump,Athletics,Chicago White Sox,5.28,5.5,7,-1.7199999999999998,-1.5,0.422,-104,-122
2026-07-11,Joe Ryan,Minnesota Twins,Los Angeles Angels,6.26,7.5,6,0.2599999999999998,1.5,0.283,-113,-113
2026-07-11,Kumar Rocker,Texas Rangers,Houston Astros,3.6,4.5,6,-2.4,-1.5,0.282,106,-136
2026-07-11,Kyle Bradish,Baltimore Orioles,Kansas City Royals,6.24,5.5,5,1.2400000000000002,0.5,0.582,108,-138
2026-07-11,Kyle Freeland,Colorado Rockies,San Francisco Giants,4.03,4.5,9,-4.97,-4.5,0.365,118,-150
2026-07-11,Matthew Liberatore,St. Louis Cardinals,Atlanta Braves,3.7,4.5,6,-2.3,-1.5,0.3,-113,-113
2026-07-11,Nick Lodolo,Cincinnati Reds,Chicago Cubs,4.57,4.5,4,0.5700000000000003,0.5,0.469,-148,116
2026-07-11,Noah Cameron,Kansas City Royals,Baltimore Orioles,4.18,5.5,9,-4.82,-3.5,0.234,114,-146
2026-07-11,Peter Lambert,Houston Astros,Texas Rangers,5.37,4.5,7,-1.63,-2.5,0.611,-120,-106
2026-07-11,Trey Yesavage,Toronto Blue Jays,San Diego Padres,5.15,5.5,1,4.15,4.5,0.398,108,-136
2026-07-11,Tyler Mahle,San Francisco Giants,Colorado Rockies,4.68,4.5,4,0.6799999999999997,0.5,0.491,-170,132
2026-07-11,Walker Buehler,San Diego Padres,Toronto Blue Jays,4.37,3.5,1,3.37,2.5,0.623,-132,104
2026-07-11,Yoshinobu Yamamoto,Los Angeles Dodgers,Arizona Diamondbacks,6.64,5.5,6,0.6399999999999997,-0.5,0.642,-148,116
2026-07-12,Cade Cavalli,Washington Nationals,New York Yankees,4.42,5.5,5,-0.5800000000000001,0.5,0.275,-102,-128
2026-07-12,Cristian Javier,Houston Astros,Texas Rangers,3.26,3.5,4,-0.7400000000000002,-0.5,0.398,108,-138
2026-07-12,Dustin May,St. Louis Cardinals,Atlanta Braves,3.81,4.5,4,-0.18999999999999995,0.5,0.324,-136,106
2026-07-12,Emmet Sheehan,Los Angeles Dodgers,Arizona Diamondbacks,4.04,5.5,7,-2.96,-1.5,0.213,128,-166
2026-07-12,German Marquez,San Diego Padres,Toronto Blue Jays,3.93,2.5,4,-0.06999999999999984,-1.5,0.742,-210,138
2026-07-12,J.T. Ginn,Athletics,Chicago White Sox,5.37,4.5,7,-1.63,-2.5,0.613,100,-130
2026-07-12,Joey Cantillo,Cleveland Guardians,Miami Marlins,5.53,4.5,9,-3.4699999999999998,-4.5,0.638,-166,130
2026-07-12,Jose Soriano,Los Angeles Angels,Minnesota Twins,4.92,5.5,0,4.92,5.5,0.36,124,-160
2026-07-12,Kevin Gausman,Toronto Blue Jays,San Diego Padres,4.77,5.5,8,-3.2300000000000004,-2.5,0.334,-104,-122
2026-07-12,Michael Lorenzen,Colorado Rockies,San Francisco Giants,4.23,3.5,1,3.2300000000000004,2.5,0.599,-136,106
2026-07-12,Mitch Bratt,Arizona Diamondbacks,Los Angeles Dodgers,4.67,3.5,0,4.67,3.5,0.677,118,-150
2026-07-12,Noah Schultz,Chicago White Sox,Athletics,3.79,4.5,4,-0.20999999999999996,0.5,0.319,104,-132
2026-07-12,Paul Skenes,Pittsburgh Pirates,Milwaukee Brewers,6.14,6.5,7,-0.8600000000000003,-0.5,0.407,-130,102
2026-07-12,Payton Tolle,Boston Red Sox,New York Mets,6.2,4.5,7,-0.7999999999999998,-2.5,0.734,-130,102
2026-07-12,Robert Gasser,Milwaukee Brewers,Pittsburgh Pirates,4.71,4.5,3,1.71,1.5,0.496,-154,120
2026-07-12,Seth Lugo,Kansas City Royals,Baltimore Orioles,4.5,4.5,6,-1.5,-1.5,0.456,-115,-111
2026-07-12,Shane Baz,Baltimore Orioles,Kansas City Royals,5.54,5.5,9,-3.46,-3.5,0.468,126,-162
2026-07-12,Taj Bradley,Minnesota Twins,Los Angeles Angels,7.53,6.5,6,1.5300000000000002,0.5,0.618,-111,-115
2026-07-12,Tarik Skubal,Detroit Tigers,Philadelphia Phillies,5.96,7.5,5,0.96,2.5,0.244,-120,-106
2026-07-12,Trevor McDonald,San Francisco Giants,Colorado Rockies,3.21,4.5,4,-0.79,0.5,0.212,108,-138
2026-07-12,Zach Thornton,New York Mets,Boston Red Sox,5.03,4.5,5,0.03000000000000025,-0.5,0.554,116,-148
2026-07-12,Zack Wheeler,Philadelphia Phillies,Detroit Tigers,6.9,7.5,10,-3.0999999999999996,-2.5,0.378,110,-140
2026-07-16,Aaron Nola,Philadelphia Phillies,New York Mets,5.07,5.5,6,-0.9299999999999997,-0.5,0.388,114,-146
2026-07-16,Christian Scott,New York Mets,Philadelphia Phillies,4.88,5.5,7,-2.12,-1.5,0.354,-102,-125
2026-07-17,Anthony Kay,Chicago White Sox,Toronto Blue Jays,3.09,3.5,5,-1.9100000000000001,-1.5,0.361,104,-132
2026-07-17,Bailey Ober,Minnesota Twins,Chicago Cubs,4.6,3.5,7,-2.4000000000000004,-3.5,0.666,-138,108
2026-07-17,Brady Singer,Cincinnati Reds,Colorado Rockies,4.84,4.5,6,-1.1600000000000001,-1.5,0.522,118,-150
2026-07-17,Bryce Miller,Seattle Mariners,San Francisco Giants,6.68,5.5,6,0.6799999999999997,-0.5,0.65,-142,112
2026-07-17,Cade Cavalli,Washington Nationals,Athletics,4.71,4.5,9,-4.29,-4.5,0.498,-132,104
2026-07-17,Cal Quantrill,Texas Rangers,Atlanta Braves,2.7,3.5,3,-0.2999999999999998,0.5,0.275,138,-178
2026-07-17,Chris Sale,Atlanta Braves,Texas Rangers,6.24,7.5,6,0.2400000000000002,1.5,0.282,110,-140
2026-07-17,Dean Kremer,Baltimore Orioles,Houston Astros,4.77,4.5,5,-0.23000000000000043,-0.5,0.509,-146,114
2026-07-17,Eduardo Rivera,Boston Red Sox,Tampa Bay Rays,3.89,3.5,3,0.8900000000000001,0.5,0.534,110,-140
2026-07-17,Gerrit Cole,New York Yankees,Los Angeles Dodgers,5.59,5.5,8,-2.41,-2.5,0.479,114,-146
2026-07-17,Griffin Jax,Tampa Bay Rays,Boston Red Sox,5.56,4.5,6,-0.4400000000000004,-1.5,0.645,-154,120
2026-07-17,Jake Bennett,Boston Red Sox,Tampa Bay Rays,3.52,3.5,3,0.52,0.5,0.457,-132,104
2026-07-17,Logan Henderson,Milwaukee Brewers,Miami Marlins,6.11,5.5,4,2.1100000000000003,1.5,0.565,112,-142
2026-07-17,Merrill Kelly,Arizona Diamondbacks,St. Louis Cardinals,4.59,3.5,3,1.5899999999999999,0.5,0.665,-113,-113
2026-07-17,Reid Detmers,Los Angeles Angels,Detroit Tigers,6.47,6.5,7,-0.5300000000000002,-0.5,0.462,-128,100
2026-07-17,Roki Sasaki,Los Angeles Dodgers,New York Yankees,4.35,4.5,5,-0.6500000000000004,-0.5,0.43,-156,122
2026-07-17,Spencer Miles,Toronto Blue Jays,Chicago White Sox,5.43,3.5,4,1.4299999999999997,-0.5,0.785,-128,100
2026-07-18,Brandon Pfaadt,Arizona Diamondbacks,St. Louis Cardinals,4.25,3.5,3,1.25,0.5,0.606,-125,-102
2026-07-18,Bryan Woo,Seattle Mariners,San Francisco Giants,5.62,5.5,7,-1.38,-1.5,0.484,-125,-102
2026-07-18,Davis Martin,Chicago White Sox,Toronto Blue Jays,3.17,3.5,5,-1.83,-1.5,0.382,-118,-108
2026-07-18,Dustin May,St. Louis Cardinals,Arizona Diamondbacks,3.5,3.5,6,-2.5,-2.5,0.455,-156,122
2026-07-18,Gavin Williams,Cleveland Guardians,Pittsburgh Pirates,5.92,7.5,11,-5.08,-3.5,0.24,120,-154
2026-07-18,Grayson Rodriguez,Los Angeles Angels,Detroit Tigers,4.09,4.5,3,1.0899999999999999,1.5,0.381,-166,130
2026-07-18,Griffin Canning,San Diego Padres,Kansas City Royals,4.37,3.5,4,0.3700000000000001,-0.5,0.627,-125,-102
2026-07-18,Jared Jones,Pittsburgh Pirates,Cleveland Guardians,4.93,5.5,9,-4.07,-3.5,0.365,108,-138
2026-07-18,Jesus Luzardo,Philadelphia Phillies,New York Mets,7.76,6.5,7,0.7599999999999998,-0.5,0.651,-138,108
2026-07-18,Logan Allen,Cleveland Guardians,Pittsburgh Pirates,5.61,4.5,3,2.6100000000000003,1.5,0.654,-132,100
2026-07-18,Matthew Boyd,Chicago Cubs,Minnesota Twins,4.82,4.5,4,0.8200000000000003,0.5,0.52,-162,126
2026-07-18,Owen Murphy,Atlanta Braves,Texas Rangers,5.92,3.5,2,3.92,1.5,0.837,-142,112
2026-07-18,Rhett Lowder,Cincinnati Reds,Colorado Rockies,3.91,3.5,2,1.9100000000000001,1.5,0.54,118,-150
2026-07-18,Sean Manaea,New York Mets,Philadelphia Phillies,4.68,5.5,7,-2.3200000000000003,-1.5,0.321,120,-154
2026-07-18,Shane Bieber,Toronto Blue Jays,Chicago White Sox,4.53,4.5,6,-1.4699999999999998,-1.5,0.466,-146,114
2026-07-18,Spencer Arrighetti,Houston Astros,Baltimore Orioles,5.42,5.5,6,-0.5800000000000001,-0.5,0.451,-138,108
2026-07-18,Taj Bradley,Minnesota Twins,Chicago Cubs,6.74,5.5,6,0.7400000000000002,-0.5,0.659,-140,112
2026-07-19,Alan Rangel,Philadelphia Phillies,New York Mets,5.26,3.5,4,1.2599999999999998,-0.5,0.765,-132,104
2026-07-19,Andre Pallante,St. Louis Cardinals,Arizona Diamondbacks,4.31,3.5,3,1.3099999999999996,0.5,0.618,122,-156
2026-07-19,Brandon Young,Baltimore Orioles,Houston Astros,4.17,4.5,7,-2.83,-2.5,0.397,-115,-111
2026-07-19,Casey Mize,Detroit Tigers,Los Angeles Angels,5.57,5.5,5,0.5700000000000003,0.5,0.477,-136,106
2026-07-19,Eduardo Rodriguez,Arizona Diamondbacks,St. Louis Cardinals,4.75,3.5,3,1.75,0.5,0.692,-156,122
2026-07-19,Eury Perez,Miami Marlins,Milwaukee Brewers,6.02,5.5,9,-2.9800000000000004,-3.5,0.551,-170,132
2026-07-19,Foster Griffin,Washington Nationals,Athletics,5.61,5.5,2,3.6100000000000003,3.5,0.483,114,-146
2026-07-19,German Marquez,San Diego Padres,Kansas City Royals,4.25,3.5,2,2.25,1.5,0.607,118,-150
2026-07-19,Grant Holmes,Atlanta Braves,Texas Rangers,4.13,4.5,2,2.13,2.5,0.39,-108,-118
2026-07-19,Hunter Brown,Houston Astros,Baltimore Orioles,5.7,6.5,4,1.7000000000000002,2.5,0.34,-156,122
2026-07-19,Hunter Greene,Cincinnati Reds,Colorado Rockies,7.33,6.5,7,0.33000000000000007,-0.5,0.593,-138,108
2026-07-19,Jacob Lopez,Athletics,Washington Nationals,3.4,3.5,6,-2.6,-2.5,0.433,-150,118
2026-07-19,Logan Gilbert,Seattle Mariners,San Francisco Giants,7.22,6.5,10,-2.7800000000000002,-3.5,0.577,-115,-111
2026-07-19,Nathan Eovaldi,Texas Rangers,Atlanta Braves,5.88,5.5,2,3.88,3.5,0.528,-150,118
2026-07-19,Nolan McLean,New York Mets,Philadelphia Phillies,6.85,6.5,10,-3.1500000000000004,-3.5,0.523,112,-142
2026-07-19,Paul Skenes,Pittsburgh Pirates,Cleveland Guardians,6.62,6.5,8,-1.38,-1.5,0.486,-164,128
2026-07-19,Robbie Ray,San Francisco Giants,Seattle Mariners,7.19,5.5,6,1.1900000000000004,-0.5,0.718,106,-136
2026-07-19,Ryan Feltner,Colorado Rockies,Cincinnati Reds,3.98,4.5,3,0.98,1.5,0.36,122,-156
2026-07-19,Ryan Johnson,Los Angeles Angels,Detroit Tigers,4.38,4.5,5,-0.6200000000000001,-0.5,0.437,-115,-111
2026-07-19,Sean Burke,Chicago White Sox,Toronto Blue Jays,6.1,5.5,5,1.0999999999999996,0.5,0.565,-106,-120
2026-07-19,Shota Imanaga,Chicago Cubs,Minnesota Twins,4.15,5.5,4,0.15000000000000036,1.5,0.233,110,-140
2026-07-19,Sonny Gray,Boston Red Sox,Tampa Bay Rays,5.53,4.5,5,0.5300000000000002,-0.5,0.642,-142,112
2026-07-19,Trey Yesavage,Toronto Blue Jays,Chicago White Sox,5.01,5.5,9,-3.99,-3.5,0.379,-154,120
2026-07-19,Zebby Matthews,Minnesota Twins,Chicago Cubs,5.05,4.5,4,1.0499999999999998,0.5,0.561,-120,-106
2026-07-20,Andrew Alvarez,Washington Nationals,Colorado Rockies,5.82,4.5,2,3.8200000000000003,2.5,0.684,112,-142
2026-07-20,Braxton Ashcraft,Pittsburgh Pirates,New York Yankees,6.17,6.5,2,4.17,4.5,0.414,-128,100
2026-07-20,Bryce Elder,Atlanta Braves,San Diego Padres,3.35,3.5,4,-0.6499999999999999,-0.5,0.422,-166,130
2026-07-20,Cristopher Sanchez,Philadelphia Phillies,Los Angeles Dodgers,5.09,6.5,7,-1.9100000000000001,-0.5,0.246,112,-142
2026-07-20,Dylan Cease,Toronto Blue Jays,Tampa Bay Rays,6.64,7.5,7,-0.3600000000000003,0.5,0.342,110,-140
2026-07-20,Emmet Sheehan,Los Angeles Dodgers,Philadelphia Phillies,5.06,5.5,6,-0.9400000000000004,-0.5,0.388,-122,-104
2026-07-20,Erick Fedde,Chicago White Sox,Texas Rangers,4.24,3.5,6,-1.7599999999999998,-2.5,0.604,114,-146
2026-07-20,Freddy Peralta,New York Mets,Milwaukee Brewers,4.42,5.5,6,-1.58,-0.5,0.277,102,-130
2026-07-20,George Kirby,Seattle Mariners,Cincinnati Reds,6.02,6.5,6,0.019999999999999574,0.5,0.39,-125,-102
2026-07-20,Jacob deGrom,Texas Rangers,Chicago White Sox,7.92,6.5,6,1.92,0.5,0.672,-146,114
2026-07-20,Jameson Taillon,Chicago Cubs,Detroit Tigers,3.94,4.5,6,-2.06,-1.5,0.352,132,-170
2026-07-20,Joe Ryan,Minnesota Twins,Cleveland Guardians,6.52,6.5,3,3.5199999999999996,3.5,0.47,-118,-108
2026-07-20,Jose Soriano,Los Angeles Angels,St. Louis Cardinals,4.53,5.5,7,-2.4699999999999998,-1.5,0.295,114,-146
2026-07-20,JP Sears,San Diego Padres,Atlanta Braves,3.75,3.5,3,0.75,0.5,0.507,-156,122
2026-07-20,Kyle Freeland,Colorado Rockies,Washington Nationals,5.03,4.5,4,1.0300000000000002,0.5,0.557,108,-138
2026-07-20,Kyle Leahy,St. Louis Cardinals,Los Angeles Angels,4.25,4.5,4,0.25,0.5,0.412,-128,100
2026-07-20,Michael Wacha,Kansas City Royals,San Francisco Giants,5.27,4.5,5,0.2699999999999996,-0.5,0.599,104,-132
2026-07-20,Mitch Bratt,Arizona Diamondbacks,Athletics,2.25,3.5,4,-1.75,-0.5,0.182,118,-150
2026-07-20,Nick Martinez,Tampa Bay Rays,Toronto Blue Jays,2.81,3.5,0,2.81,3.5,0.301,126,-162
2026-07-20,Payton Tolle,Boston Red Sox,Baltimore Orioles,6.01,6.5,9,-2.99,-2.5,0.389,-106,-120
2026-07-20,Ronel Blanco,Houston Astros,Miami Marlins,5.91,3.5,8,-2.09,-4.5,0.837,-162,126
2026-07-20,Ryan Weathers,New York Yankees,Pittsburgh Pirates,4.88,6.5,5,-0.1200000000000001,1.5,0.214,-102,-125
2026-07-20,Trevor McDonald,San Francisco Giants,Kansas City Royals,3.87,3.5,3,0.8700000000000001,0.5,0.532,118,-150
2026-07-21,Chase Burns,Cincinnati Reds,Seattle Mariners,6.3,6.5,6,0.2999999999999998,0.5,0.434,-156,122
2026-07-21,David Peterson,Chicago Cubs,Detroit Tigers,4.22,4.5,4,0.21999999999999975,0.5,0.406,108,-136
2026-07-21,Jack Perkins,Athletics,Arizona Diamondbacks,5.23,4.5,4,1.2300000000000004,0.5,0.591,104,-132
2026-07-21,Kevin Gausman,Toronto Blue Jays,Tampa Bay Rays,4.38,5.5,1,3.38,4.5,0.269,108,-138
2026-07-21,Kumar Rocker,Texas Rangers,Chicago White Sox,4.48,4.5,6,-1.5199999999999996,-1.5,0.456,-156,122
2026-07-21,Luinder Avila,Kansas City Royals,San Francisco Giants,4.39,3.5,7,-2.6100000000000003,-3.5,0.631,-154,120
2026-07-21,Luis Castillo,Seattle Mariners,Cincinnati Reds,5.53,5.5,3,2.5300000000000002,2.5,0.468,-122,-104
2026-07-21,Matthew Liberatore,St. Louis Cardinals,Los Angeles Angels,3.49,5.5,7,-3.51,-1.5,0.135,126,-162
2026-07-21,Noah Schultz,Chicago White Sox,Texas Rangers,3.62,4.5,2,1.62,2.5,0.289,112,-142
2026-07-21,Reynaldo Lopez,Atlanta Braves,San Diego Padres,3.76,4.5,6,-2.24,-1.5,0.317,118,-150
2026-07-21,Tatsuya Imai,Houston Astros,Miami Marlins,4.09,5.5,8,-3.91,-2.5,0.223,118,-150
2026-07-21,Tyler Mahle,San Francisco Giants,Kansas City Royals,4.96,4.5,4,0.96,0.5,0.545,130,-166
2026-07-21,Tyler Phillips,Miami Marlins,Houston Astros,2.89,3.5,2,0.8900000000000001,1.5,0.318,104,-132
2026-07-21,Walbert Urena,Los Angeles Angels,St. Louis Cardinals,4.67,4.5,5,-0.33000000000000007,-0.5,0.492,122,-156
2026-07-22,Anthony Kay,Chicago White Sox,Texas Rangers,3.92,4.5,4,-0.08000000000000007,0.5,0.347,108,-138
2026-07-22,Bailey Ober,Minnesota Twins,Cleveland Guardians,3.92,4.5,2,1.92,2.5,0.346,126,-162
2026-07-22,Brady Singer,Cincinnati Reds,Seattle Mariners,5.82,5.5,6,-0.17999999999999972,-0.5,0.518,110,-140
2026-07-22,Bubba Chandler,Pittsburgh Pirates,New York Yankees,4.64,4.5,5,-0.3600000000000003,-0.5,0.486,-140,110
2026-07-22,Cade Cavalli,Washington Nationals,Colorado Rockies,5.77,5.5,8,-2.2300000000000004,-2.5,0.509,114,-146
2026-07-22,Christian Scott,New York Mets,Milwaukee Brewers,4.99,5.5,6,-1.0099999999999998,-0.5,0.375,-125,-102
2026-07-22,Colin Rea,Chicago Cubs,Detroit Tigers,4.39,4.5,5,-0.6100000000000003,-0.5,0.439,-104,-122
2026-07-22,Eduardo Rivera,Boston Red Sox,Baltimore Orioles,6.27,3.5,1,5.27,2.5,0.849,-120,-106
2026-07-22,Emerson Hancock,Seattle Mariners,Cincinnati Reds,3.93,5.5,3,0.9300000000000002,2.5,0.198,-113,-113
2026-07-22,Gage Jump,Athletics,Arizona Diamondbacks,4.29,4.5,5,-0.71,-0.5,0.42,100,-128
2026-07-22,Gerrit Cole,New York Yankees,Pittsburgh Pirates,5.66,6.5,11,-5.34,-4.5,0.332,-111,-115
2026-07-22,Griffin Jax,Tampa Bay Rays,Toronto Blue Jays,4.3,4.5,5,-0.7000000000000002,-0.5,0.422,-111,-115
2026-07-22,Hunter Dobbins,St. Louis Cardinals,Los Angeles Angels,3.99,4.5,5,-1.0099999999999998,-0.5,0.361,108,-138
2026-07-22,Jake Bennett,Boston Red Sox,Baltimore Orioles,5.46,4.5,4,1.46,0.5,0.629,-148,116
2026-07-22,Keider Montero,Detroit Tigers,Chicago Cubs,4.34,3.5,8,-3.66,-4.5,0.623,-111,-115
2026-07-22,Kyle Bradish,Baltimore Orioles,Boston Red Sox,6.75,5.5,4,2.75,1.5,0.66,130,-166
2026-07-22,Max Fried,New York Yankees,Pittsburgh Pirates,4.94,3.5,7,-2.0599999999999996,-3.5,0.72,-160,124
2026-07-22,Merrill Kelly,Arizona Diamondbacks,Athletics,4.37,3.5,3,1.37,0.5,0.628,-156,122
2026-07-22,Michael King,San Diego Padres,Atlanta Braves,5.58,4.5,7,-1.42,-2.5,0.648,102,-130
2026-07-22,Peter Lambert,Houston Astros,Miami Marlins,4.85,5.5,3,1.8499999999999996,2.5,0.349,114,-146
2026-07-22,Sandy Alcantara,Miami Marlins,Houston Astros,4.93,4.5,3,1.9299999999999997,1.5,0.54,-162,126
2026-07-23,Brandon Pfaadt,Arizona Diamondbacks,St. Louis Cardinals,4.11,3.5,1,3.1100000000000003,2.5,0.581,-104,-122
2026-07-23,Chris Sale,Atlanta Braves,San Diego Padres,6.37,7.5,11,-4.63,-3.5,0.303,115,-155
2026-07-23,Shane Bieber,Toronto Blue Jays,Tampa Bay Rays,3.89,4.5,3,0.8900000000000001,1.5,0.343,122,-156
2026-07-23,Taj Bradley,Minnesota Twins,Cleveland Guardians,6.48,5.5,5,1.4800000000000004,0.5,0.622,-154,120
2026-07-24,Bryce Miller,Seattle Mariners,Texas Rangers,6.36,5.5,0,6.36,5.5,0.604,-142,112
2026-07-24,Cam Schlittler,New York Yankees,Philadelphia Phillies,6.27,7.5,12,-5.73,-4.5,0.288,116,-148
2026-07-24,Davis Martin,Chicago White Sox,Houston Astros,3.51,4.5,3,0.5099999999999998,1.5,0.269,110,-140
2026-07-24,Dustin May,St. Louis Cardinals,Cincinnati Reds,2.95,5.5,8,-5.05,-2.5,0.084,-125,-102
2026-07-24,Eduardo Rodriguez,Arizona Diamondbacks,Washington Nationals,5.04,4.5,4,1.04,0.5,0.56,112,-142
2026-07-24,Grant Holmes,Atlanta Braves,Baltimore Orioles,4.02,4.5,5,-0.9800000000000004,-0.5,0.368,-156,122
2026-07-24,Grayson Rodriguez,Los Angeles Angels,San Francisco Giants,3.67,4.5,3,0.6699999999999999,1.5,0.3,126,-162
2026-07-24,Jacob Lopez,Athletics,Minnesota Twins,2.97,4.5,4,-1.0299999999999998,0.5,0.174,132,-170
2026-07-24,Jared Jones,Pittsburgh Pirates,Chicago Cubs,4.75,5.5,5,-0.25,0.5,0.334,100,-130
2026-07-24,Jesus Luzardo,Philadelphia Phillies,New York Yankees,6.8,7.5,9,-2.2,-1.5,0.366,-111,-115
2026-07-24,Logan Webb,San Francisco Giants,Los Angeles Angels,5.14,5.5,4,1.1399999999999997,1.5,0.402,-170,132
2026-07-24,MacKenzie Gore,Texas Rangers,Seattle Mariners,6.69,6.5,5,1.6900000000000004,1.5,0.497,122,-156
2026-07-24,Matthew Boyd,Chicago Cubs,Pittsburgh Pirates,5.0,5.5,4,1.0,1.5,0.377,104,-132
2026-07-24,Patrick Sandoval,Boston Red Sox,Toronto Blue Jays,3.99,4.5,3,0.9900000000000002,1.5,0.361,112,-142
2026-07-24,Rhett Lowder,Cincinnati Reds,St. Louis Cardinals,3.77,3.5,4,-0.22999999999999998,-0.5,0.513,126,-162
2026-07-24,Roki Sasaki,Los Angeles Dodgers,New York Mets,4.24,5.5,9,-4.76,-3.5,0.247,126,-162
2026-07-24,Sean Manaea,New York Mets,Los Angeles Dodgers,4.7,5.5,3,1.7000000000000002,2.5,0.325,124,-158
2026-07-24,Shane Drohan,Milwaukee Brewers,Colorado Rockies,7.43,5.5,6,1.4299999999999997,-0.5,0.747,-122,-104
2026-07-24,Spencer Arrighetti,Houston Astros,Chicago White Sox,4.87,5.5,0,4.87,5.5,0.355,112,-142
2026-07-24,Tarik Skubal,Detroit Tigers,Kansas City Royals,6.79,7.5,12,-5.21,-4.5,0.364,-122,-104
2026-07-24,Trevor Rogers,Baltimore Orioles,Atlanta Braves,5.51,4.5,6,-0.4900000000000002,-1.5,0.637,-138,108
2026-07-24,Trey Yesavage,Toronto Blue Jays,Boston Red Sox,4.28,5.5,9,-4.72,-3.5,0.253,114,-146
2026-07-24,Zebby Matthews,Minnesota Twins,Athletics,4.92,4.5,1,3.92,3.5,0.539,112,-142
2026-07-25,Andre Pallante,St. Louis Cardinals,Cincinnati Reds,3.83,4.5,8,-4.17,-3.5,0.333,118,-150
2026-07-25,Bryan Woo,Seattle Mariners,Texas Rangers,5.61,5.5,5,0.6100000000000003,0.5,0.485,-125,-102
2026-07-25,Casey Mize,Detroit Tigers,Kansas City Royals,5.04,5.5,3,2.04,2.5,0.386,-102,-125
2026-07-25,Dylan Cease,Toronto Blue Jays,Boston Red Sox,7.3,7.5,12,-4.7,-4.5,0.442,-111,-115
2026-07-25,Eury Pérez,Miami Marlins,San Diego Padres,5.8,5.5,2,3.8,3.5,0.517,-162,126
2026-07-25,Foster Griffin,Washington Nationals,Arizona Diamondbacks,5.41,4.5,2,3.41,2.5,0.623,-128,100
2026-07-25,Hunter Brown,Houston Astros,Chicago White Sox,4.85,5.5,7,-2.1500000000000004,-1.5,0.354,-132,104
2026-07-25,Hunter Greene,Cincinnati Reds,St. Louis Cardinals,6.92,6.5,3,3.92,3.5,0.534,100,-128
2026-07-25,Mitch Bratt,Arizona Diamondbacks,Washington Nationals,2.3,3.5,3,-0.7000000000000002,0.5,0.195,-113,-113
2026-07-25,Nathan Eovaldi,Texas Rangers,Seattle Mariners,6.02,6.5,8,-1.9800000000000004,-1.5,0.392,110,-140
2026-07-25,Nolan McLean,New York Mets,Los Angeles Dodgers,6.89,6.5,7,-0.11000000000000032,-0.5,0.53,116,-148
2026-07-25,Paul Skenes,Pittsburgh Pirates,Chicago Cubs,6.13,6.5,11,-4.87,-4.5,0.41,-148,116
2026-07-25,Robbie Ray,San Francisco Giants,Los Angeles Angels,4.96,5.5,5,-0.040000000000000036,0.5,0.372,-130,102
2026-07-25,Robert Gasser,Milwaukee Brewers,Colorado Rockies,6.64,5.5,4,2.6399999999999997,1.5,0.648,110,-140
2026-07-25,Ryan Feltner,Colorado Rockies,Milwaukee Brewers,3.93,4.5,4,-0.06999999999999984,0.5,0.352,126,-162
2026-07-25,Ryan Johnson,Los Angeles Angels,San Francisco Giants,4.06,3.5,4,0.05999999999999961,-0.5,0.572,-122,-104
2026-07-25,Ryan Weathers,New York Yankees,Philadelphia Phillies,4.66,6.5,7,-2.34,-0.5,0.187,126,-162
2026-07-25,Shota Imanaga,Chicago Cubs,Pittsburgh Pirates,4.65,5.5,4,0.6500000000000004,1.5,0.319,-106,-120
2026-07-25,Yoshinobu Yamamoto,Los Angeles Dodgers,New York Mets,6.73,6.5,5,1.7300000000000004,1.5,0.505,108,-138
2026-07-26,Braxton Ashcraft,Pittsburgh Pirates,Chicago Cubs,5.37,5.5,5,0.3700000000000001,0.5,0.444,-130,102
2026-07-26,Carson Whisenhunt,San Francisco Giants,Los Angeles Angels,2.75,4.5,7,-4.25,-2.5,0.141,108,-138
2026-07-26,Connor Prielipp,Minnesota Twins,Athletics,5.03,4.5,5,0.03000000000000025,-0.5,0.56,114,-146
2026-07-26,Cristopher Sanchez,Philadelphia Phillies,New York Yankees,5.25,7.5,6,-0.75,1.5,0.157,106,-136
2026-07-26,Drew Rasmussen,Tampa Bay Rays,Cleveland Guardians,4.39,4.5,9,-4.61,-4.5,0.441,-162,126
2026-07-26,Emmet Sheehan,Los Angeles Dodgers,New York Mets,5.0,5.5,5,0.0,0.5,0.378,-130,102
2026-07-26,Framber Valdez,Detroit Tigers,Kansas City Royals,3.95,4.5,4,-0.04999999999999982,0.5,0.355,-136,106
2026-07-26,Freddy Peralta,New York Mets,Los Angeles Dodgers,4.92,5.5,3,1.92,2.5,0.365,108,-138
2026-07-26,Jacob deGrom,Texas Rangers,Seattle Mariners,7.53,7.5,4,3.5300000000000002,3.5,0.476,126,-162
2026-07-26,Jameson Taillon,Chicago Cubs,Pittsburgh Pirates,3.37,4.5,3,0.3700000000000001,1.5,0.244,-122,-104
2026-07-26,Janson Junk,Miami Marlins,San Diego Padres,3.08,3.5,6,-2.92,-2.5,0.364,-156,122
2026-07-26,Jose Soriano,Los Angeles Angels,San Francisco Giants,4.8,4.5,5,-0.20000000000000018,-0.5,0.518,-150,118
2026-07-26,Kevin Gausman,Toronto Blue Jays,Boston Red Sox,5.13,5.5,6,-0.8700000000000001,-0.5,0.401,112,-142
2026-07-26,Kohl Drake,Arizona Diamondbacks,Washington Nationals,6.13,3.5,1,5.13,2.5,0.849,-146,114
2026-07-26,Kyle Freeland,Colorado Rockies,Milwaukee Brewers,4.03,4.5,2,2.0300000000000002,2.5,0.372,112,-142
2026-07-26,Kyle Leahy,St. Louis Cardinals,Cincinnati Reds,3.79,4.5,9,-5.21,-4.5,0.325,-102,-125
2026-07-26,Luinder Avila,Kansas City Royals,Detroit Tigers,4.67,3.5,2,2.67,1.5,0.68,-154,120
2026-07-26,Miles Mikolas,Washington Nationals,Arizona Diamondbacks,3.11,2.5,1,2.11,1.5,0.595,-134,105
2026-07-26,Ranger Suarez,Boston Red Sox,Toronto Blue Jays,4.18,4.5,6,-1.8200000000000003,-1.5,0.4,106,-132
2026-07-26,Reynaldo Lopez,Atlanta Braves,Baltimore Orioles,4.26,4.5,6,-1.7400000000000002,-1.5,0.417,-162,126
2026-07-26,Ronel Blanco,Houston Astros,Chicago White Sox,6.39,5.5,4,2.3899999999999997,1.5,0.61,126,-162
2026-07-26,Shane Baz,Baltimore Orioles,Atlanta Braves,4.92,5.5,2,2.92,3.5,0.365,120,-154
2026-07-27,Brandon Sproat,Milwaukee Brewers,San Francisco Giants,5.15,4.5,5,0.15000000000000036,-0.5,0.58,-111,-115
2026-07-27,David Peterson,Chicago Cubs,St. Louis Cardinals,3.64,3.5,3,0.6400000000000001,0.5,0.488,112,-142
2026-07-27,George Kirby,Seattle Mariners,Texas Rangers,6.3,5.5,3,3.3,2.5,0.597,104,-132
2026-07-27,Kumar Rocker,Texas Rangers,Seattle Mariners,5.14,4.5,7,-1.8600000000000003,-2.5,0.579,-113,-113
2026-07-27,Kyle Bradish,Baltimore Orioles,Detroit Tigers,6.36,5.5,4,2.3600000000000003,1.5,0.605,-120,-104
2026-07-27,Martin Pérez,Atlanta Braves,New York Mets,3.27,3.5,4,-0.73,-0.5,0.408,-130,102
2026-07-27,Max Fried,New York Yankees,Chicago White Sox,4.85,5.5,4,0.8499999999999996,1.5,0.353,120,-154
2026-07-27,Max Scherzer,Toronto Blue Jays,Washington Nationals,2.59,3.5,4,-1.4100000000000001,-0.5,0.256,130,-166
2026-07-27,Merrill Kelly,Arizona Diamondbacks,Pittsburgh Pirates,4.07,4.5,6,-1.9299999999999997,-1.5,0.38,104,-132
2026-07-27,Payton Tolle,Boston Red Sox,Athletics,4.82,5.5,7,-2.1799999999999997,-1.5,0.347,-115,-111
2026-07-27,Tyler Mahle,San Francisco Giants,Milwaukee Brewers,4.47,4.5,3,1.4699999999999998,1.5,0.457,-136,106
2026-07-27,Tyler Phillips,Miami Marlins,Philadelphia Phillies,2.75,3.5,5,-2.25,-1.5,0.29,-128,100
2026-07-27,Zac Thornton,New York Mets,Atlanta Braves,4.11,4.5,5,-0.8899999999999997,-0.5,0.387,104,-132
2026-07-28,Aaron Nola,Philadelphia Phillies,Miami Marlins,5.74,5.5,4,1.7400000000000002,1.5,0.508,126,-162
2026-07-28,Anthony Kay,Chicago White Sox,New York Yankees,3.26,4.5,7,-3.74,-2.5,0.226,-120,-106
2026-07-28,Brandon Pfaadt,Arizona Diamondbacks,Pittsburgh Pirates,4.26,3.5,4,0.2599999999999998,-0.5,0.611,-148,116
2026-07-28,Cal Quantrill,Texas Rangers,Tampa Bay Rays,2.62,2.5,7,-4.38,-4.5,0.48,-166,130
2026-07-28,Chase Burns,Cincinnati Reds,Cleveland Guardians,5.78,6.5,4,1.7800000000000002,2.5,0.354,104,-132
2026-07-28,Colin Rea,Chicago Cubs,St. Louis Cardinals,4.18,3.5,2,2.1799999999999997,1.5,0.596,100,-128
2026-07-28,Dean Kremer,Baltimore Orioles,Detroit Tigers,4.86,4.5,4,0.8600000000000003,0.5,0.53,-154,120
2026-07-28,Gage Jump,Athletics,Boston Red Sox,4.54,5.5,7,-2.46,-1.5,0.299,102,-130
2026-07-28,Gavin Williams,Cleveland Guardians,Cincinnati Reds,6.99,7.5,12,-5.01,-4.5,0.396,-125,-102
2026-07-28,Griffin Jax,Tampa Bay Rays,Texas Rangers,6.25,5.5,10,-3.75,-4.5,0.59,-102,-128
2026-07-28,Jake Bennett,Boston Red Sox,Athletics,4.52,3.5,4,0.5199999999999996,-0.5,0.657,-148,116
2026-07-28,Justin Wrobleski,Los Angeles Dodgers,Seattle Mariners,6.43,5.5,7,-0.5700000000000003,-1.5,0.617,100,-128
2026-07-28,Landen Roupp,San Francisco Giants,Milwaukee Brewers,4.84,5.5,1,3.84,4.5,0.352,-115,-111
2026-07-28,Logan Henderson,Milwaukee Brewers,San Francisco Giants,6.28,5.5,7,-0.7199999999999998,-1.5,0.595,110,-140
2026-07-28,Luis Castillo,Seattle Mariners,Los Angeles Dodgers,5.34,4.5,2,3.34,2.5,0.612,114,-146
2026-07-28,Michael King,San Diego Padres,Colorado Rockies,5.67,5.5,6,-0.33000000000000007,-0.5,0.496,110,-140
2026-07-28,Michael Lorenzen,Colorado Rockies,San Diego Padres,3.52,3.5,2,1.52,1.5,0.461,-120,-106
2026-07-28,Peter Lambert,Houston Astros,Los Angeles Angels,5.27,5.5,6,-0.7300000000000004,-0.5,0.426,100,-128
2026-07-28,Reid Detmers,Los Angeles Angels,Houston Astros,5.25,6.5,9,-3.75,-2.5,0.271,114,-146
2026-07-28,Sandy Alcantara,Miami Marlins,Philadelphia Phillies,4.39,5.5,5,-0.6100000000000003,0.5,0.274,118,-150
2026-07-28,Seth Lugo,Kansas City Royals,Minnesota Twins,4.65,4.5,2,2.6500000000000004,2.5,0.492,124,-158
2026-07-28,Slade Cecconi,Cleveland Guardians,Cincinnati Reds,3.74,4.5,2,1.7400000000000002,2.5,0.315,-115,-111
2026-07-28,Taj Bradley,Minnesota Twins,Kansas City Royals,6.74,6.5,10,-3.26,-3.5,0.506,110,-140
2026-07-29,AJ Smith-Shawver,Atlanta Braves,New York Mets,4.06,4.5,4,0.05999999999999961,0.5,0.379,-120,-106
2026-07-29,Brady Singer,Cincinnati Reds,Cleveland Guardians,5.31,4.5,3,2.3099999999999996,1.5,0.609,-104,-122
2026-07-29,Chris Sale,Atlanta Braves,New York Mets,6.8,7.5,9,-2.2,-1.5,0.369,-102,-125
2026-07-29,Davis Martin,Chicago White Sox,New York Yankees,3.94,4.5,6,-2.06,-1.5,0.357,-148,116
2026-07-29,Dustin May,St. Louis Cardinals,Chicago Cubs,4.06,5.5,3,1.0599999999999996,2.5,0.221,-102,-125
2026-07-29,Eric Lauer,Los Angeles Dodgers,Seattle Mariners,4.48,4.5,4,0.4800000000000004,0.5,0.461,138,-178
2026-07-29,Gabriel Hughes,Colorado Rockies,San Diego Padres,4.84,4.5,2,2.84,2.5,0.527,110,-140
2026-07-29,Grayson Rodriguez,Los Angeles Angels,Houston Astros,3.45,4.5,6,-2.55,-1.5,0.262,122,-156
2026-07-29,Jacob Lopez,Athletics,Boston Red Sox,3.07,4.5,8,-4.93,-3.5,0.194,-102,-125
2026-07-29,Jesus Luzardo,Philadelphia Phillies,Miami Marlins,5.36,7.5,5,0.3600000000000003,2.5,0.172,126,-162
2026-07-29,Joey Cantillo,Cleveland Guardians,Cincinnati Reds,5.37,6.5,8,-2.63,-1.5,0.291,116,-148
2026-07-29,Logan Webb,San Francisco Giants,Milwaukee Brewers,4.7,5.5,4,0.7000000000000002,1.5,0.328,106,-136
2026-07-29,MacKenzie Gore,Texas Rangers,Tampa Bay Rays,4.83,5.5,9,-4.17,-3.5,0.351,120,-154
2026-07-29,Patrick Sandoval,Boston Red Sox,Athletics,4.41,4.5,7,-2.59,-2.5,0.447,-122,-104
2026-07-29,Randy Dobnak,Kansas City Royals,Minnesota Twins,2.88,2.5,4,-1.12,-1.5,0.546,-111,-115
2026-07-29,Ryan Gusto,Miami Marlins,Philadelphia Phillies,2.75,3.5,3,-0.25,0.5,0.293,-128,100
2026-07-29,Tarik Skubal,Detroit Tigers,Baltimore Orioles,7.95,8.5,6,1.9500000000000002,2.5,0.397,102,-130
2026-07-29,Thomas Pannone,Milwaukee Brewers,San Francisco Giants,3.22,4.5,2,1.2200000000000002,2.5,0.22,-144,113
2026-07-29,Trevor Rogers,Baltimore Orioles,Detroit Tigers,5.2,4.5,6,-0.7999999999999998,-1.5,0.592,-130,102
2026-07-29,Trey Yesavage,Toronto Blue Jays,Washington Nationals,4.75,5.5,4,0.75,1.5,0.337,106,-136
2026-07-29,Zack Littell,Washington Nationals,Toronto Blue Jays,2.58,2.5,2,0.5800000000000001,0.5,0.473,-154,120
2026-07-30,Bryan Woo,Seattle Mariners,Los Angeles Dodgers,4.42,5.5,8,-3.58,-2.5,0.281,118,-150
2026-07-30,Eury Perez,Miami Marlins,New York Mets,6.59,5.5,6,0.5899999999999999,-0.5,0.643,-148,116
2026-07-30,Grant Holmes,Atlanta Braves,Washington Nationals,4.01,4.5,4,0.009999999999999787,0.5,0.37,108,-138
2026-07-30,Javier Assad,Chicago Cubs,St. Louis Cardinals,3.35,2.5,6,-2.65,-3.5,0.648,-130,102
2026-07-30,JP Sears,San Diego Padres,San Francisco Giants,3.32,3.5,2,1.3199999999999998,1.5,0.422,-106,-120
2026-07-30,Noah Cameron,Kansas City Royals,Minnesota Twins,4.02,4.5,7,-2.9800000000000004,-2.5,0.372,-130,102
2026-07-30,Rhett Lowder,Cincinnati Reds,Pittsburgh Pirates,4.39,4.5,5,-0.6100000000000003,-0.5,0.444,-130,102
2026-07-30,Robbie Ray,San Francisco Giants,San Diego Padres,5.99,4.5,6,-0.009999999999999787,-1.5,0.712,-102,-125
2026-07-30,Ryan Weathers,New York Yankees,Chicago White Sox,4.75,6.5,4,0.75,2.5,0.2,124,-160
2026-07-30,Shane McClanahan,Tampa Bay Rays,Texas Rangers,5.38,5.5,3,2.38,2.5,0.448,142,-184
2026-07-31,Carson Whisenhunt,San Francisco Giants,San Diego Padres,4.52,3.5,3,1.5199999999999996,0.5,0.66,-154,120
2026-07-31,Dylan Cease,Toronto Blue Jays,St. Louis Cardinals,9.42,7.5,7,2.42,0.5,0.723,-130,102
2026-07-31,Erick Fedde,Chicago White Sox,Tampa Bay Rays,3.01,3.5,6,-2.99,-2.5,0.354,122,-156
2026-07-31,Foster Griffin,Washington Nationals,Atlanta Braves,5.61,4.5,3,2.6100000000000003,1.5,0.659,-148,116
2026-07-31,Janson Junk,Miami Marlins,New York Mets,3.52,3.5,4,-0.48,-0.5,0.467,-170,132
2026-07-31,Jeffrey Springs,Athletics,Detroit Tigers,3.78,4.5,2,1.7799999999999998,2.5,0.328,124,-160
2026-07-31,Kodai Senga,New York Mets,Miami Marlins,3.43,3.5,4,-0.5699999999999998,-0.5,0.446,-138,112
2026-07-31,Michael Wacha,Kansas City Royals,Colorado Rockies,5.04,4.5,7,-1.96,-2.5,0.566,-106,-120
2026-07-31,Mitch Bratt,Arizona Diamondbacks,Cleveland Guardians,2.59,3.5,2,0.5899999999999999,1.5,0.26,-104,-122
2026-07-31,Nathan Eovaldi,Texas Rangers,Houston Astros,5.22,6.5,5,0.21999999999999975,1.5,0.27,116,-148
2026-07-31,Nick Martinez,Tampa Bay Rays,Chicago White Sox,3.52,4.5,2,1.52,2.5,0.278,118,-150
2026-07-31,Paul Skenes,Pittsburgh Pirates,Cincinnati Reds,6.71,7.5,7,-0.29000000000000004,0.5,0.357,-138,108
2026-07-31,Ryan Johnson,Los Angeles Angels,Milwaukee Brewers,3.55,4.5,3,0.5499999999999998,1.5,0.283,128,-164
2026-07-31,Shane Drohan,Milwaukee Brewers,Los Angeles Angels,4.94,5.5,7,-2.0599999999999996,-1.5,0.373,-136,106
2026-07-31,Shota Imanaga,Chicago Cubs,New York Yankees,5.65,5.5,6,-0.34999999999999964,-0.5,0.495,-132,104
2026-07-31,Tanner Bibee,Cleveland Guardians,Arizona Diamondbacks,4.97,4.5,3,1.9699999999999998,1.5,0.552,-104,-122
2026-07-31,Tomoyuki Sugano,Colorado Rockies,Kansas City Royals,3.35,3.5,2,1.35,1.5,0.429,-106,-120
2026-07-31,Will Warren,New York Yankees,Chicago Cubs,4.45,4.5,7,-2.55,-2.5,0.456,-113,-113
2026-07-31,Zebby Matthews,Minnesota Twins,Seattle Mariners,4.21,4.5,10,-5.79,-5.5,0.41,-128,100
2026-08-01,Andrew Abbott,Cincinnati Reds,Pittsburgh Pirates,4.41,5.5,1,3.41,4.5,0.282,118,-150
2026-08-01,Braxton Ashcraft,Pittsburgh Pirates,Cincinnati Reds,5.59,6.5,5,0.5899999999999999,1.5,0.328,-113,-113
2026-08-01,Connor Prielipp,Minnesota Twins,Seattle Mariners,6.9,5.5,5,1.9000000000000004,0.5,0.686,-132,106
2026-08-01,Cristopher Sanchez,Philadelphia Phillies,Baltimore Orioles,6.59,7.5,11,-4.41,-3.5,0.34,122,-156
2026-08-01,David Peterson,Chicago Cubs,New York Yankees,4.39,4.5,8,-3.6100000000000003,-3.5,0.447,-148,116
2026-08-01,Drew Rasmussen,Tampa Bay Rays,Chicago White Sox,4.89,5.5,10,-5.11,-4.5,0.364,-132,104
2026-08-01,Framber Valdez,Detroit Tigers,Athletics,3.53,4.5,6,-2.47,-1.5,0.281,-125,-102
2026-08-01,Jacob deGrom,Texas Rangers,Houston Astros,6.04,6.5,3,3.04,3.5,0.401,100,-128
2026-08-01,Luinder Avila,Kansas City Royals,Colorado Rockies,4.22,3.5,2,2.2199999999999998,1.5,0.608,-142,112
2026-08-01,Martin Perez,Atlanta Braves,Washington Nationals,3.45,4.5,6,-2.55,-1.5,0.265,114,-140
2026-08-01,Max Fried,New York Yankees,Chicago Cubs,4.14,5.5,7,-2.8600000000000003,-1.5,0.237,134,-172
2026-08-01,Miles Mikolas,Washington Nationals,Atlanta Braves,3.01,2.5,3,0.009999999999999787,-0.5,0.578,100,-128
2026-08-01,Payton Tolle,Boston Red Sox,Los Angeles Dodgers,4.86,5.5,7,-2.1399999999999997,-1.5,0.359,102,-130
2026-08-01,Ronel Blanco,Houston Astros,Texas Rangers,6.03,5.5,4,2.0300000000000002,1.5,0.559,118,-150
2026-08-01,Shane Baz,Baltimore Orioles,Philadelphia Phillies,4.76,5.5,4,0.7599999999999998,1.5,0.342,110,-140
2026-08-01,Tyler Mahle,San Francisco Giants,San Diego Padres,4.74,3.5,9,-4.26,-5.5,0.696,-162,126
2026-08-01,Tyler Phillips,Miami Marlins,New York Mets,2.53,3.5,3,-0.4700000000000002,0.5,0.25,-102,-125
2026-08-01,Walker Buehler,San Diego Padres,San Francisco Giants,4.92,4.5,1,3.92,3.5,0.546,128,-162
2026-08-01,Yoshinobu Yamamoto,Los Angeles Dodgers,Boston Red Sox,5.86,6.5,3,2.8600000000000003,3.5,0.371,-102,-125
2026-08-01,Zac Thornton,New York Mets,Miami Marlins,3.25,4.5,2,1.25,2.5,0.228,128,-164
2026-08-02,Anthony Kay,Chicago White Sox,Tampa Bay Rays,3.78,4.5,3,0.7799999999999998,1.5,0.33,122,-156
2026-08-02,Cade Cavalli,Washington Nationals,Atlanta Braves,5.5,4.5,3,2.5,1.5,0.642,-158,124
2026-08-02,Colin Rea,Chicago Cubs,New York Yankees,4.46,5.5,7,-2.54,-1.5,0.292,134,-172
2026-08-02,Gage Jump,Athletics,Detroit Tigers,5.16,5.5,5,0.16000000000000014,0.5,0.414,-111,-115
2026-08-02,Jacob Misiorowski,Milwaukee Brewers,Los Angeles Angels,7.99,9.5,10,-2.01,-0.5,0.282,106,-136
2026-08-02,Jake Bennett,Boston Red Sox,Los Angeles Dodgers,4.22,3.5,4,0.21999999999999975,-0.5,0.609,-128,100
2026-08-02,JR Ritchie,Atlanta Braves,Washington Nationals,3.91,4.5,4,-0.08999999999999986,0.5,0.354,120,-148
2026-08-02,Keider Montero,Detroit Tigers,Athletics,4.07,3.5,2,2.0700000000000003,1.5,0.58,116,-148
2026-08-02,Kyle Bradish,Baltimore Orioles,Philadelphia Phillies,5.04,5.5,3,2.04,2.5,0.392,-106,-120
2026-08-02,Kyle Freeland,Colorado Rockies,Kansas City Royals,3.98,4.5,8,-4.02,-3.5,0.368,126,-162
2026-08-02,Landen Roupp,San Francisco Giants,San Diego Padres,4.31,4.5,6,-1.6900000000000004,-1.5,0.433,-138,108
2026-08-02,Matthew Liberatore,St. Louis Cardinals,Toronto Blue Jays,3.26,3.5,7,-3.74,-3.5,0.412,-158,124
2026-08-02,Max Scherzer,Toronto Blue Jays,St. Louis Cardinals,2.92,3.5,5,-2.08,-1.5,0.336,-156,122
2026-08-02,Merrill Kelly,Arizona Diamondbacks,Cleveland Guardians,4.18,3.5,5,-0.8200000000000003,-1.5,0.602,-118,-108
2026-08-02,Mitch Keller,Pittsburgh Pirates,Cincinnati Reds,4.05,4.5,2,2.05,2.5,0.382,-128,100
2026-08-02,Peter Lambert,Houston Astros,Texas Rangers,5.35,5.5,8,-2.6500000000000004,-2.5,0.446,-128,100
2026-08-02,Robert Stock,New York Mets,Miami Marlins,4.88,3.5,4,0.8799999999999999,-0.5,0.718,-115,-115
2026-08-02,Sandy Alcantara,Miami Marlins,New York Mets,5.76,4.5,5,0.7599999999999998,-0.5,0.683,-136,106
2026-08-02,Seth Lugo,Kansas City Royals,Colorado Rockies,4.42,4.5,3,1.42,1.5,0.452,126,-162
2026-08-02,Taj Bradley,Minnesota Twins,Seattle Mariners,7.37,6.5,2,5.37,4.5,0.605,-108,-118
2026-08-02,Walbert Urena,Los Angeles Angels,Milwaukee Brewers,4.21,4.5,7,-2.79,-2.5,0.412,-154,120
2026-08-02,Zack Wheeler,Philadelphia Phillies,Baltimore Orioles,6.77,7.5,3,3.7699999999999996,4.5,0.368,-111,-115
2026-08-03,Aaron Nola,Philadelphia Phillies,Washington Nationals,5.0,5.5,5,0.0,0.5,0.385,102,-130
2026-08-03,Andrew Alvarez,Washington Nationals,Philadelphia Phillies,3.88,4.5,5,-1.12,-0.5,0.347,112,-142
2026-08-03,Brandon Pfaadt,Arizona Diamondbacks,San Diego Padres,3.56,4.5,3,0.56,1.5,0.286,142,-184
2026-08-03,Brandon Sproat,Milwaukee Brewers,Pittsburgh Pirates,4.73,5.5,4,0.7300000000000004,1.5,0.338,102,-130
2026-08-03,Bubba Chandler,Pittsburgh Pirates,Milwaukee Brewers,4.16,4.5,5,-0.8399999999999999,-0.5,0.402,-138,108
2026-08-03,Cal Quantrill,Texas Rangers,San Francisco Giants,3.11,3.5,4,-0.8900000000000001,-0.5,0.378,-122,-104
2026-08-03,Cam Schlittler,New York Yankees,St. Louis Cardinals,7.91,6.5,6,1.9100000000000001,0.5,0.676,-148,116
2026-08-03,Cristian Javier,Houston Astros,Toronto Blue Jays,2.54,3.5,2,0.54,1.5,0.252,-142,112
2026-08-03,Ian Seymour,Tampa Bay Rays,Colorado Rockies,6.42,5.5,9,-2.58,-3.5,0.619,120,-165
2026-08-03,Michael Lorenzen,Colorado Rockies,Tampa Bay Rays,2.94,3.5,0,2.94,3.5,0.34,115,-155
2026-08-03,Michael McGreevy,St. Louis Cardinals,New York Yankees,3.55,4.5,5,-1.4500000000000002,-0.5,0.285,124,-160
2026-08-03,Shane Bieber,Toronto Blue Jays,Houston Astros,3.54,4.5,6,-2.46,-1.5,0.282,130,-166
2026-08-04,Blade Tidwell,San Francisco Giants,Texas Rangers,4.6,4.5,3,1.5999999999999996,1.5,0.488,134,-172
2026-08-04,Cade Povich,Baltimore Orioles,Los Angeles Angels,2.74,4.5,7,-4.26,-2.5,0.144,-132,104
2026-08-04,Davis Martin,Chicago White Sox,Boston Red Sox,3.48,4.5,1,2.48,3.5,0.271,120,-154
2026-08-04,Emerson Hancock,Seattle Mariners,Detroit Tigers,4.46,5.5,6,-1.54,-0.5,0.292,124,-160
2026-08-04,Freddy Peralta,Tampa Bay Rays,Colorado Rockies,4.87,5.5,3,1.87,2.5,0.363,122,-154
2026-08-04,Gabriel Hughes,Colorado Rockies,Tampa Bay Rays,3.59,3.5,7,-3.41,-3.5,0.483,112,-142
2026-08-04,Grant Holmes,Atlanta Braves,Miami Marlins,4.38,4.5,5,-0.6200000000000001,-0.5,0.447,-113,-113
2026-08-04,Grayson Rodriguez,Los Angeles Angels,Baltimore Orioles,4.07,5.5,6,-1.9299999999999997,-0.5,0.226,120,-154
2026-08-04,Hayden Wesneski,Houston Astros,Toronto Blue Jays,4.51,3.5,4,0.5099999999999998,-0.5,0.66,-170,132
2026-08-04,Hunter Dobbins,St. Louis Cardinals,New York Yankees,4.57,3.5,4,0.5700000000000003,-0.5,0.67,-160,124
2026-08-04,Jared Jones,Pittsburgh Pirates,Milwaukee Brewers,5.47,5.5,4,1.4699999999999998,1.5,0.467,-120,-106
2026-08-04,Jesus Luzardo,Philadelphia Phillies,Washington Nationals,7.34,7.5,7,0.33999999999999986,0.5,0.452,-111,-115
2026-08-04,Joey Cantillo,Cleveland Guardians,New York Mets,5.43,5.5,5,0.4299999999999997,0.5,0.459,-125,-102
2026-08-04,MacKenzie Gore,Texas Rangers,San Francisco Giants,5.24,6.5,4,1.2400000000000002,2.5,0.275,-111,-115
2026-08-04,Patrick Sandoval,Boston Red Sox,Chicago White Sox,5.36,5.5,5,0.3600000000000003,0.5,0.448,-115,-111
2026-08-04,Ryan Gusto,Miami Marlins,Atlanta Braves,3.21,3.5,5,-1.79,-1.5,0.401,-113,-113
2026-08-04,Ryan Weathers,New York Yankees,St. Louis Cardinals,4.66,5.5,6,-1.3399999999999999,-0.5,0.325,-106,-120
2026-08-04,Sean Manaea,New York Mets,Cleveland Guardians,5.76,4.5,7,-1.2400000000000002,-2.5,0.683,-118,-108
2026-08-04,Trey Yesavage,Toronto Blue Jays,Houston Astros,4.4,5.5,0,4.4,5.5,0.281,-111,-115
2026-08-04,Troy Melton,Detroit Tigers,Seattle Mariners,5.58,5.5,4,1.58,1.5,0.486,110,-140
2026-08-05,Andrew Painter,Philadelphia Phillies,Washington Nationals,3.61,3.5,4,-0.3900000000000001,-0.5,0.487,-164,128
2026-08-05,Bryan Woo,Seattle Mariners,Detroit Tigers,5.58,6.5,5,0.5800000000000001,1.5,0.326,114,-146
2026-08-05,Bryce Elder,Atlanta Braves,Miami Marlins,4.23,4.5,3,1.2300000000000004,1.5,0.416,-136,106
2026-08-05,Casey Mize,San Diego Padres,Arizona Diamondbacks,5.16,4.5,1,4.16,3.5,0.587,100,-128
2026-08-05,Christian Scott,New York Mets,Cleveland Guardians,5.62,5.5,7,-1.38,-1.5,0.491,128,-164
2026-08-05,Cody Bradford,Texas Rangers,San Francisco Giants,4.5,3.5,5,-0.5,-1.5,0.658,-156,122
2026-08-05,Drew Anderson,Detroit Tigers,Seattle Mariners,6.28,3.5,0,6.28,3.5,0.849,124,-157
2026-08-05,Eric Lauer,Los Angeles Dodgers,Chicago Cubs,4.36,3.5,1,3.3600000000000003,2.5,0.634,-104,-122
2026-08-05,Eury Perez,Miami Marlins,Atlanta Braves,6.63,5.5,9,-2.37,-3.5,0.649,-102,-125
2026-08-05,Hunter Brown,Houston Astros,Toronto Blue Jays,4.85,5.5,8,-3.1500000000000004,-2.5,0.358,108,-136
2026-08-05,Jacob Lopez,Athletics,Cincinnati Reds,3.44,5.5,9,-5.5600000000000005,-3.5,0.135,108,-138
2026-08-05,Jake Irvin,Washington Nationals,Philadelphia Phillies,3.58,3.5,3,0.5800000000000001,0.5,0.48,-125,-102
2026-08-05,Jameson Taillon,Toronto Blue Jays,Houston Astros,3.38,4.5,4,-0.6200000000000001,0.5,0.252,120,-154
2026-08-05,Kyle Harrison,Milwaukee Brewers,Pittsburgh Pirates,6.4,6.5,10,-3.5999999999999996,-3.5,0.457,132,-170
2026-08-05,Mitch Bratt,Arizona Diamondbacks,San Diego Padres,2.34,3.5,9,-6.66,-5.5,0.21,124,-158
2026-08-05,Nick Martinez,Tampa Bay Rays,Colorado Rockies,3.09,3.5,4,-0.9100000000000001,-0.5,0.372,-113,-113
2026-08-05,Noah Cameron,Kansas City Royals,Minnesota Twins,4.43,4.5,9,-4.57,-4.5,0.454,-148,116
2026-08-05,Paul Skenes,Pittsburgh Pirates,Milwaukee Brewers,6.2,6.5,6,0.20000000000000018,0.5,0.427,-154,120
2026-08-05,Reid Detmers,Los Angeles Angels,Baltimore Orioles,5.67,6.5,5,0.6699999999999999,1.5,0.341,-154,120
2026-08-05,Shota Imanaga,Chicago Cubs,Los Angeles Dodgers,5.01,4.5,6,-0.9900000000000002,-1.5,0.562,-128,100
2026-08-05,Trevor Rogers,Baltimore Orioles,Los Angeles Angels,4.28,5.5,9,-4.72,-3.5,0.26,-118,-108
2026-08-05,Will Warren,New York Yankees,St. Louis Cardinals,5.69,4.5,5,0.6900000000000004,-0.5,0.672,-113,-113
2026-08-06,Bailey Ober,Minnesota Twins,Kansas City Royals,4.12,3.5,0,4.12,3.5,0.591,-118,-108
2026-08-06,Brandon Young,Baltimore Orioles,Los Angeles Angels,4.7,5.5,4,0.7000000000000002,1.5,0.333,106,-132
2026-08-06,Braxton Ashcraft,Pittsburgh Pirates,Milwaukee Brewers,5.04,5.5,5,0.040000000000000036,0.5,0.394,-136,106
2026-08-06,Bryce Miller,Seattle Mariners,Detroit Tigers,5.26,5.5,5,0.2599999999999998,0.5,0.432,-106,-120
2026-08-06,Cristopher Sanchez,Philadelphia Phillies,Washington Nationals,5.55,7.5,6,-0.4500000000000002,1.5,0.198,118,-150
2026-08-06,Dustin May,Milwaukee Brewers,Pittsburgh Pirates,4.28,5.5,5,-0.7199999999999998,0.5,0.261,-136,106
2026-08-06,Dylan Cease,Toronto Blue Jays,Chicago Cubs,9.49,7.5,10,-0.5099999999999998,-2.5,0.731,-142,112
2026-08-06,Foster Griffin,Cleveland Guardians,New York Mets,4.98,5.5,6,-1.0199999999999996,-0.5,0.382,118,-150
2026-08-06,Kohl Drake,Arizona Diamondbacks,San Diego Padres,3.66,3.5,1,2.66,2.5,0.499,-140,110
2026-08-06,Martin Perez,Atlanta Braves,Miami Marlins,2.89,3.5,3,-0.10999999999999988,0.5,0.33,-162,126
2026-08-06,Michael Wacha,Kansas City Royals,Minnesota Twins,4.55,4.5,1,3.55,3.5,0.48,-125,-102
2026-08-06,Miles Mikolas,Washington Nationals,Philadelphia Phillies,2.78,3.5,1,1.7799999999999998,2.5,0.306,148,-192
2026-08-06,Nolan McLean,New York Mets,Cleveland Guardians,5.62,5.5,8,-2.38,-2.5,0.493,-142,112
2026-08-06,Ranger Suarez,Boston Red Sox,Chicago White Sox,5.32,5.5,3,2.3200000000000003,2.5,0.442,-146,114
2026-08-06,Ryan Johnson,Los Angeles Angels,Baltimore Orioles,3.48,4.5,1,2.48,3.5,0.273,114,-146
2026-08-07,Carmen Mlodzinski,Pittsburgh Pirates,New York Mets,2.35,3.5,1,1.35,2.5,0.212,128,-164
2026-08-07,Daniel Lynch IV,Kansas City Royals,Chicago Cubs,4.03,1.5,2,2.0300000000000002,-0.5,0.908,-137,107
2026-08-07,Drew Rasmussen,Tampa Bay Rays,Seattle Mariners,5.27,5.5,8,-2.7300000000000004,-2.5,0.432,-130,102
2026-08-07,Kyle Leahy,St. Louis Cardinals,Colorado Rockies,4.34,4.5,8,-3.66,-3.5,0.437,-115,-111
2026-08-07,Max Fried,New York Yankees,Atlanta Braves,3.68,5.5,7,-3.32,-1.5,0.168,118,-150
2026-08-07,Merrill Kelly,Arizona Diamondbacks,Los Angeles Dodgers,4.24,3.5,4,0.2400000000000002,-0.5,0.613,-140,110
2026-08-07,Nathan Eovaldi,Texas Rangers,Baltimore Orioles,5.91,7.5,2,3.91,5.5,0.244,112,-142
2026-08-07,Parker Messick,Cleveland Guardians,Chicago White Sox,5.76,5.5,8,-2.24,-2.5,0.515,-160,124
2026-08-07,Ronel Blanco,Houston Astros,San Diego Padres,4.46,4.5,1,3.46,3.5,0.461,-118,-108
2026-08-07,Ryan Feltner,Colorado Rockies,St. Louis Cardinals,4.41,3.5,2,2.41,1.5,0.643,106,-136
2026-08-07,Tyler Mahle,Atlanta Braves,New York Yankees,5.78,5.5,9,-3.2199999999999998,-3.5,0.519,-102,-128
2026-08-07,Tyler Phillips,Miami Marlins,Los Angeles Angels,3.17,4.5,4,-0.8300000000000001,0.5,0.214,122,-156
2026-08-07,Zac Thornton,New York Mets,Pittsburgh Pirates,3.77,4.5,3,0.77,1.5,0.326,118,-150
2026-08-07,Zack Wheeler,Philadelphia Phillies,Toronto Blue Jays,5.39,5.5,6,-0.6100000000000003,-0.5,0.453,-160,124
2026-08-08,Aaron Nola,Philadelphia Phillies,Toronto Blue Jays,4.08,4.5,8,-3.92,-3.5,0.388,102,-130
2026-08-08,Andrew Alvarez,Washington Nationals,Cincinnati Reds,4.32,4.5,2,2.3200000000000003,2.5,0.433,-138,108
2026-08-08,Brandon Pfaadt,Arizona Diamondbacks,Los Angeles Dodgers,4.55,3.5,2,2.55,1.5,0.668,-122,-104
2026-08-08,Bubba Chandler,Pittsburgh Pirates,New York Mets,4.1,4.5,5,-0.9000000000000004,-0.5,0.392,-118,-108
2026-08-08,Chris Sale,Atlanta Braves,New York Yankees,7.55,7.5,8,-0.4500000000000002,-0.5,0.484,-138,108
2026-08-08,Clay Holmes,Chicago Cubs,Kansas City Royals,5.1,3.5,1,4.1,2.5,0.75,-128,100
2026-08-08,Gage Jump,Athletics,Boston Red Sox,5.22,5.5,11,-5.78,-5.5,0.424,-111,-115
2026-08-08,Gavin Williams,Cleveland Guardians,Chicago White Sox,8.31,7.5,7,1.3100000000000005,0.5,0.59,-128,100
2026-08-08,Gerrit Cole,New York Yankees,Atlanta Braves,6.42,5.5,9,-2.58,-3.5,0.62,-132,104
2026-08-08,Jackson Jobe,Detroit Tigers,San Francisco Giants,3.83,3.5,4,-0.16999999999999993,-0.5,0.533,-154,120
2026-08-08,Jacob deGrom,Texas Rangers,Baltimore Orioles,6.27,7.5,9,-2.7300000000000004,-1.5,0.295,112,-142
2026-08-08,Jake Bennett,Boston Red Sox,Athletics,4.16,4.5,5,-0.8399999999999999,-0.5,0.404,-136,106
2026-08-08,Kyle Bradish,Baltimore Orioles,Texas Rangers,6.14,5.5,4,2.1399999999999997,1.5,0.576,102,-130
2026-08-08,Kyle Freeland,Colorado Rockies,St. Louis Cardinals,4.26,3.5,3,1.2599999999999998,0.5,0.615,-120,-106
2026-08-08,Landen Roupp,San Francisco Giants,Detroit Tigers,5.57,4.5,3,2.5700000000000003,1.5,0.653,-154,120
2026-08-08,Matthew Liberatore,St. Louis Cardinals,Colorado Rockies,4.72,5.5,3,1.7199999999999998,2.5,0.336,116,-148
2026-08-08,Max Scherzer,Toronto Blue Jays,Philadelphia Phillies,3.14,3.5,4,-0.8599999999999999,-0.5,0.384,-132,104
2026-08-08,Peter Lambert,Houston Astros,San Diego Padres,5.31,5.5,3,2.3099999999999996,2.5,0.439,144,-186
2026-08-08,Robert Gasser,Milwaukee Brewers,Minnesota Twins,3.66,4.5,3,0.6600000000000001,1.5,0.306,-111,-115
2026-08-08,Robert Stock,New York Mets,Pittsburgh Pirates,4.7,3.5,4,0.7000000000000002,-0.5,0.691,-146,114
2026-08-08,Sandy Alcantara,Miami Marlins,Los Angeles Angels,4.89,5.5,8,-3.1100000000000003,-2.5,0.366,100,-128
2026-08-08,Seth Lugo,Kansas City Royals,Chicago Cubs,4.44,3.5,5,-0.5599999999999996,-1.5,0.649,-154,120
2026-08-08,Taj Bradley,Minnesota Twins,Milwaukee Brewers,6.63,5.5,7,-0.3700000000000001,-1.5,0.65,-164,128
2026-08-08,Yoshinobu Yamamoto,Los Angeles Dodgers,Arizona Diamondbacks,7.46,5.5,6,1.46,-0.5,0.754,-106,-120
2026-08-09,Brad Lord,Washington Nationals,Cincinnati Reds,4.41,2.5,4,0.41000000000000014,-1.5,0.817,-139,105
2026-08-09,Cade Povich,Baltimore Orioles,Texas Rangers,4.16,4.5,2,2.16,2.5,0.403,-113,-113
2026-08-09,Cristian Javier,Houston Astros,San Diego Padres,3.08,3.5,2,1.08,1.5,0.373,100,-128
2026-08-09,Davis Martin,Chicago White Sox,Cleveland Guardians,3.04,3.5,1,2.04,2.5,0.364,-122,-104
2026-08-09,Eduardo Rodriguez,Arizona Diamondbacks,Los Angeles Dodgers,3.69,3.5,9,-5.3100000000000005,-5.5,0.504,-138,108
2026-08-09,Emerson Hancock,Seattle Mariners,Tampa Bay Rays,3.63,4.5,3,0.6299999999999999,1.5,0.301,100,-128
2026-08-09,Grayson Rodriguez,Los Angeles Angels,Miami Marlins,4.43,5.5,8,-3.5700000000000003,-2.5,0.287,112,-142
2026-08-09,Ian Seymour,Tampa Bay Rays,Seattle Mariners,6.44,5.5,7,-0.5599999999999996,-1.5,0.623,-111,-115
2026-08-09,J.T. Ginn,Athletics,Boston Red Sox,4.95,4.5,2,2.95,2.5,0.552,-106,-120
2026-08-09,Jacob Misiorowski,Milwaukee Brewers,Minnesota Twins,8.37,8.5,9,-0.6300000000000008,-0.5,0.46,-122,-104
2026-08-09,Jesus Luzardo,Philadelphia Phillies,Toronto Blue Jays,6.84,6.5,12,-5.16,-5.5,0.527,102,-130
2026-08-09,Joey Cantillo,Cleveland Guardians,Chicago White Sox,5.22,5.5,3,2.2199999999999998,2.5,0.425,-125,-102
2026-08-09,Justin Wrobleski,Los Angeles Dodgers,Arizona Diamondbacks,4.78,3.5,3,1.7800000000000002,0.5,0.704,-172,134
2026-08-09,Kumar Rocker,Texas Rangers,Baltimore Orioles,5.53,5.5,5,0.5300000000000002,0.5,0.477,116,-148
2026-08-09,Michael McGreevy,St. Louis Cardinals,Colorado Rockies,3.43,3.5,4,-0.5699999999999998,-0.5,0.45,-132,104
2026-08-09,Randy Dobnak,Kansas City Royals,Chicago Cubs,2.63,2.5,4,-1.37,-1.5,0.49,-132,104
2026-08-09,Randy Vasquez,San Diego Padres,Houston Astros,2.13,2.5,1,1.13,1.5,0.36,-140,107
2026-08-09,Ryan Gusto,Miami Marlins,Los Angeles Angels,3.74,4.5,4,-0.2599999999999998,0.5,0.323,-120,-106
2026-08-10,Andrew Painter,Philadelphia Phillies,St. Louis Cardinals,4.05,3.5,6,-1.9500000000000002,-2.5,0.578,108,-138
2026-08-10,Casey Mize,San Diego Padres,Milwaukee Brewers,4.31,4.5,6,-1.6900000000000004,-1.5,0.433,-140,110
2026-08-10,Dean Kremer,Minnesota Twins,Baltimore Orioles,4.8,5.5,7,-2.2,-1.5,0.35,116,-148
2026-08-10,Gabriel Hughes,Colorado Rockies,Arizona Diamondbacks,4.86,3.5,3,1.8600000000000003,0.5,0.716,-148,116
2026-08-10,Hayden Wesneski,Houston Astros,San Francisco Giants,4.41,3.5,4,0.41000000000000014,-0.5,0.643,-156,122
2026-08-10,Jacob Lopez,Athletics,Tampa Bay Rays,4.16,4.5,5,-0.8399999999999999,-0.5,0.404,102,-130
2026-08-10,Jameson Taillon,Toronto Blue Jays,Boston Red Sox,3.2,4.5,3,0.20000000000000018,1.5,0.221,114,-146
2026-08-10,MacKenzie Gore,Texas Rangers,Los Angeles Angels,4.64,6.5,9,-4.36,-2.5,0.188,-104,-122
2026-08-10,Michael Soroka,Arizona Diamondbacks,Colorado Rockies,4.98,4.5,4,0.9800000000000004,0.5,0.558,108,-138
2026-08-10,Noah Cameron,Kansas City Royals,Los Angeles Dodgers,5.48,4.5,2,3.4800000000000004,2.5,0.641,-146,114
2026-08-10,Reid Detmers,Los Angeles Angels,Texas Rangers,6.27,6.5,6,0.2699999999999996,0.5,0.438,-128,100
2026-08-11,Bailey Ober,Minnesota Twins,Baltimore Orioles,4.1,4.5,4,0.09999999999999964,0.5,0.393,114,-148
2026-08-11,Blake Snell,Los Angeles Dodgers,Kansas City Royals,6.83,6.5,10,-3.17,-3.5,0.526,124,-160
2026-08-11,Brandon Young,Baltimore Orioles,Minnesota Twins,5.15,4.5,4,1.1500000000000004,0.5,0.586,126,-162
2026-08-11,Bryan Woo,Seattle Mariners,New York Yankees,5.91,6.5,5,0.9100000000000001,1.5,0.381,120,-154
2026-08-11,Carson Whisenhunt,San Francisco Giants,Houston Astros,3.2,3.5,2,1.2000000000000002,1.5,0.4,-118,-108
2026-08-11,Cody Bradford,Texas Rangers,Los Angeles Angels,5.85,4.5,1,4.85,3.5,0.696,-146,114
2026-08-11,Drew Anderson,Detroit Tigers,Cleveland Guardians,4.63,3.5,4,0.6299999999999999,-0.5,0.681,126,-162
2026-08-11,Dylan Cease,Toronto Blue Jays,Boston Red Sox,9.4,7.5,7,2.4000000000000004,0.5,0.721,-148,116
2026-08-11,Eury Pérez,Miami Marlins,Pittsburgh Pirates,5.97,6.5,7,-1.0300000000000002,-0.5,0.39,100,-128
2026-08-11,Jake Irvin,Washington Nationals,Chicago Cubs,3.82,4.5,4,-0.18000000000000016,0.5,0.339,128,-164
2026-08-11,Kyle Harrison,Milwaukee Brewers,San Diego Padres,5.69,5.5,3,2.6900000000000004,2.5,0.505,104,-132
2026-08-11,Michael Wacha,Kansas City Royals,Los Angeles Dodgers,3.91,4.5,5,-1.0899999999999999,-0.5,0.355,100,-128
2026-08-11,Mitch Bratt,Arizona Diamondbacks,Colorado Rockies,4.91,4.5,4,0.9100000000000001,0.5,0.545,-108,-118
2026-08-11,Nolan McLean,New York Mets,Atlanta Braves,6.68,5.5,3,3.6799999999999997,2.5,0.658,-150,118
2026-08-11,Patrick Sandoval,Boston Red Sox,Toronto Blue Jays,3.88,4.5,4,-0.1200000000000001,0.5,0.35,106,-136
2026-08-11,Paul Skenes,Pittsburgh Pirates,Miami Marlins,6.71,6.5,4,2.71,2.5,0.508,-142,112
2026-08-11,Ryan Johnson,Los Angeles Angels,Texas Rangers,3.52,4.5,5,-1.48,-0.5,0.281,130,-166
2026-08-11,Sean Burke,Chicago White Sox,Cincinnati Reds,6.13,7.5,8,-1.87,-0.5,0.275,108,-138
2026-08-11,Tanner Bibee,Cleveland Guardians,Detroit Tigers,5.12,4.5,4,1.12,0.5,0.583,-111,-115
2026-08-11,Tomoyuki Sugano,Colorado Rockies,Arizona Diamondbacks,3.52,2.5,5,-1.48,-2.5,0.685,-148,116
2026-08-11,Walker Buehler,San Diego Padres,Milwaukee Brewers,3.82,4.5,5,-1.1800000000000002,-0.5,0.337,124,-158
2026-08-12,Adrian Houser,San Francisco Giants,Houston Astros,3.57,3.5,5,-1.4300000000000002,-1.5,0.48,136,-174
2026-08-12,Bryce Miller,Seattle Mariners,New York Yankees,5.21,5.5,5,0.20999999999999996,0.5,0.421,-111,-115
2026-08-12,Cal Quantrill,Texas Rangers,Los Angeles Angels,3.33,3.5,6,-2.67,-2.5,0.427,-102,-125
2026-08-12,Carmen Mlodzinski,Pittsburgh Pirates,Miami Marlins,4.35,3.5,1,3.3499999999999996,2.5,0.633,-113,-113
2026-08-12,David Peterson,Chicago Cubs,Washington Nationals,5.19,4.5,6,-0.8099999999999996,-1.5,0.594,114,-146
2026-08-12,Eric Lauer,Los Angeles Dodgers,Kansas City Royals,3.91,4.5,6,-2.09,-1.5,0.355,126,-162
2026-08-12,Framber Valdez,Detroit Tigers,Cleveland Guardians,2.99,4.5,3,-0.009999999999999787,1.5,0.183,100,-128
2026-08-12,George Klassen,Los Angeles Angels,Texas Rangers,3.42,4.5,5,-1.58,-0.5,0.26,-115,-111
2026-08-12,Janson Junk,Miami Marlins,Pittsburgh Pirates,3.48,4.5,2,1.48,2.5,0.271,126,-162
2026-08-12,Jose Soriano,Toronto Blue Jays,Boston Red Sox,4.73,5.5,4,0.7300000000000004,1.5,0.338,122,-156
2026-08-12,Kyle Leahy,St. Louis Cardinals,Philadelphia Phillies,4.44,3.5,6,-1.5599999999999996,-2.5,0.648,-162,126
2026-08-12,Luis Castillo,Chicago White Sox,Cincinnati Reds,4.8,5.5,10,-5.2,-4.5,0.35,-108,-118
2026-08-12,Merrill Kelly,Arizona Diamondbacks,Colorado Rockies,4.33,4.5,2,2.33,2.5,0.437,-132,104
2026-08-12,Ranger Suarez,Boston Red Sox,Toronto Blue Jays,3.02,4.5,2,1.02,2.5,0.189,108,-138
2026-08-12,Robbie Ray,San Diego Padres,Milwaukee Brewers,4.72,4.5,4,0.7199999999999998,0.5,0.51,-146,114
2026-08-12,Ryan Feltner,Colorado Rockies,Arizona Diamondbacks,3.46,3.5,2,1.46,1.5,0.455,128,-164
2026-08-12,Shane Baz,Baltimore Orioles,Minnesota Twins,5.21,4.5,2,3.21,2.5,0.596,-128,100
2026-08-12,Tyler Mahle,Atlanta Braves,New York Mets,5.98,4.5,7,-1.0199999999999996,-2.5,0.713,-154,120
2026-08-12,Zac Thornton,New York Mets,Atlanta Braves,3.44,3.5,2,1.44,1.5,0.451,-132,104
2026-08-13,Aaron Nola,Philadelphia Phillies,Minnesota Twins,6.15,5.5,9,-2.8499999999999996,-3.5,0.579,132,-170
2026-08-13,Andrew Abbott,Cincinnati Reds,Chicago White Sox,4.28,4.5,3,1.2800000000000002,1.5,0.427,-104,-122
2026-08-13,Cade Cavalli,Washington Nationals,Chicago Cubs,6.34,5.5,10,-3.66,-4.5,0.608,108,-138
2026-08-13,Davis Martin,Chicago White Sox,Cincinnati Reds,3.67,4.5,3,0.6699999999999999,1.5,0.308,-122,-104
2026-08-13,Jacob deGrom,Texas Rangers,Los Angeles Angels,5.28,6.5,3,2.2800000000000002,3.5,0.281,-120,-106
2026-08-13,Keider Montero,Detroit Tigers,Cleveland Guardians,3.96,3.5,0,3.96,3.5,0.561,154,-205
2026-08-13,Kevin Gausman,Chicago Cubs,Washington Nationals,4.27,4.5,7,-2.7300000000000004,-2.5,0.425,-156,122
2026-08-13,Max Fried,New York Yankees,Seattle Mariners,5.35,5.5,4,1.3499999999999996,1.5,0.446,-146,114
2026-08-13,Max Scherzer,Toronto Blue Jays,Boston Red Sox,3.39,4.5,4,-0.6099999999999999,0.5,0.255,128,-164
2026-08-13,Parker Messick,Cleveland Guardians,Detroit Tigers,5.84,5.5,6,-0.16000000000000014,-0.5,0.529,102,-130
2026-08-13,Roki Sasaki,Los Angeles Dodgers,Milwaukee Brewers,5.3,5.5,2,3.3,3.5,0.438,-140,110
2026-08-13,Shane Drohan,Milwaukee Brewers,Los Angeles Dodgers,5.52,4.5,5,0.5199999999999996,-0.5,0.647,-113,-113
2026-08-13,Taj Bradley,Minnesota Twins,Philadelphia Phillies,5.29,5.5,3,2.29,2.5,0.436,-118,-108
2026-08-13,Tyler Phillips,Miami Marlins,Pittsburgh Pirates,2.88,3.5,6,-3.12,-2.5,0.328,-140,110
2026-08-14,Andrew Alvarez,Washington Nationals,New York Mets,4.86,4.5,4,0.8600000000000003,0.5,0.535,128,-164
2026-08-14,Brandon Pfaadt,Arizona Diamondbacks,Atlanta Braves,4.45,3.5,7,-2.55,-3.5,0.65,-113,-113
2026-08-14,Chris Sale,Atlanta Braves,Arizona Diamondbacks,6.18,6.5,9,-2.8200000000000003,-2.5,0.424,-104,-122
2026-08-14,Clay Holmes,Chicago Cubs,St. Louis Cardinals,5.71,3.5,3,2.71,0.5,0.821,-138,108
2026-08-14,Gavin Williams,Cleveland Guardians,San Diego Padres,6.83,7.5,5,1.83,2.5,0.378,120,-154
2026-08-14,George Kirby,Seattle Mariners,Houston Astros,4.35,4.5,2,2.3499999999999996,2.5,0.441,-162,126
2026-08-14,Gerrit Cole,New York Yankees,Toronto Blue Jays,6.01,5.5,5,1.0099999999999998,0.5,0.557,126,-162
2026-08-14,Grayson Rodriguez,Los Angeles Angels,Kansas City Royals,4.62,5.5,5,-0.3799999999999999,0.5,0.319,130,-166
2026-08-14,Jackson Jobe,Detroit Tigers,Chicago White Sox,4.16,4.5,4,0.16000000000000014,0.5,0.404,-120,-106
2026-08-14,Jake Bennett,Boston Red Sox,Pittsburgh Pirates,3.86,4.5,6,-2.14,-1.5,0.345,114,-146
2026-08-14,Kumar Rocker,Texas Rangers,Athletics,4.74,4.5,3,1.7400000000000002,1.5,0.515,116,-148
2026-08-14,Kyle Freeland,Colorado Rockies,San Francisco Giants,4.45,5.5,2,2.45,3.5,0.29,130,-166
2026-08-14,Landen Roupp,San Francisco Giants,Colorado Rockies,5.28,5.5,5,0.28000000000000025,0.5,0.435,-111,-115
2026-08-14,Michael King,San Diego Padres,Cleveland Guardians,4.39,3.5,4,0.3899999999999997,-0.5,0.64,-160,124
2026-08-14,Robert Gasser,Milwaukee Brewers,Los Angeles Dodgers,4.01,4.5,7,-2.99,-2.5,0.375,108,-138
2026-08-14,Robert Stock,New York Mets,Washington Nationals,5.47,3.5,5,0.46999999999999975,-1.5,0.796,-146,114
2026-08-14,Sandy Alcantara,Miami Marlins,Cincinnati Reds,6.15,5.5,2,4.15,3.5,0.579,-128,100
2026-08-14,Yoshinobu Yamamoto,Los Angeles Dodgers,Milwaukee Brewers,5.98,6.5,9,-3.0199999999999996,-2.5,0.392,-128,100
2026-08-15,Brad Lord,Washington Nationals,New York Mets,4.68,3.5,1,3.6799999999999997,2.5,0.688,130,-166
2026-08-15,Brady Singer,Cincinnati Reds,Miami Marlins,5.63,4.5,4,1.63,0.5,0.664,-146,114
2026-08-15,Connor Prielipp,Minnesota Twins,Philadelphia Phillies,4.73,5.5,6,-1.2699999999999996,-0.5,0.337,112,-140
2026-08-15,Emerson Hancock,Seattle Mariners,Houston Astros,3.41,4.5,8,-4.59,-3.5,0.259,-113,-113
2026-08-15,Grant Holmes,Atlanta Braves,Arizona Diamondbacks,4.52,3.5,3,1.5199999999999996,0.5,0.662,-146,114
2026-08-15,Hayden Wesneski,Houston Astros,Seattle Mariners,4.94,4.5,6,-1.0599999999999996,-1.5,0.55,122,-156
2026-08-15,J.T. Ginn,Athletics,Texas Rangers,5.58,4.5,7,-1.42,-2.5,0.656,-111,-115
2026-08-15,Jared Jones,Pittsburgh Pirates,Boston Red Sox,4.56,4.5,7,-2.4400000000000004,-2.5,0.48,-136,106
2026-08-15,Jesus Luzardo,Philadelphia Phillies,Minnesota Twins,7.07,6.5,9,-1.9299999999999997,-2.5,0.561,-102,-125
2026-08-15,Joey Cantillo,Cleveland Guardians,San Diego Padres,4.74,5.5,7,-2.26,-1.5,0.339,112,-142
2026-08-15,Justin Wrobleski,Los Angeles Dodgers,Milwaukee Brewers,4.47,4.5,6,-1.5300000000000002,-1.5,0.464,-162,126
2026-08-15,Kyle Bradish,Baltimore Orioles,Tampa Bay Rays,4.05,4.5,3,1.0499999999999998,1.5,0.381,-104,-120
2026-08-15,Matthew Boyd,Chicago Cubs,St. Louis Cardinals,5.7,4.5,2,3.7,2.5,0.673,-122,-104
2026-08-15,Michael Lorenzen,Colorado Rockies,San Francisco Giants,3.04,3.5,1,2.04,2.5,0.362,112,-142
2026-08-15,Michael McGreevy,St. Louis Cardinals,Chicago Cubs,3.29,3.5,6,-2.71,-2.5,0.42,102,-130
2026-08-15,Randy Dobnak,Kansas City Royals,Los Angeles Angels,2.97,3.5,6,-3.03,-2.5,0.347,122,-156
2026-08-15,Ryan Gusto,Miami Marlins,Cincinnati Reds,3.78,4.5,6,-2.22,-1.5,0.33,-102,-125
2026-08-16,Blade Tidwell,San Francisco Giants,Colorado Rockies,5.77,4.5,1,4.77,3.5,0.685,-118,-108
2026-08-16,Bryan Woo,Seattle Mariners,Houston Astros,4.75,5.5,5,-0.25,0.5,0.343,-113,-113
2026-08-16,Bryce Elder,Atlanta Braves,Arizona Diamondbacks,5.22,3.5,5,0.21999999999999975,-1.5,0.765,-146,114
2026-08-16,Casey Mize,San Diego Padres,Cleveland Guardians,3.85,4.5,3,0.8500000000000001,1.5,0.345,132,-170
2026-08-16,Cody Bradford,Texas Rangers,Athletics,3.9,4.5,4,-0.10000000000000009,0.5,0.355,124,-160
2026-08-16,Dean Kremer,Minnesota Twins,Philadelphia Phillies,3.82,4.5,6,-2.18,-1.5,0.338,106,-136
2026-08-16,Drew Anderson,Detroit Tigers,Chicago White Sox,5.66,4.5,5,0.6600000000000001,-0.5,0.668,100,-128
2026-08-16,Eury Pérez,Miami Marlins,Cincinnati Reds,7.32,6.5,5,2.3200000000000003,1.5,0.598,-111,-115
2026-08-16,Freddy Peralta,Tampa Bay Rays,Baltimore Orioles,5.1,6.5,2,3.0999999999999996,4.5,0.255,118,-150
2026-08-16,Gabriel Hughes,Colorado Rockies,San Francisco Giants,4.62,3.5,2,2.62,1.5,0.679,-160,124
2026-08-16,Hunter Brown,Houston Astros,Seattle Mariners,6.03,5.5,5,1.0300000000000002,0.5,0.56,-120,-106
2026-08-16,Hunter Dobbins,St. Louis Cardinals,Chicago Cubs,4.57,3.5,7,-2.4299999999999997,-3.5,0.671,-140,110
2026-08-16,Lake Bachar,Pittsburgh Pirates,Boston Red Sox,4.81,2.5,4,0.8099999999999996,-1.5,0.86,-139,108
2026-08-16,Logan Henderson,Milwaukee Brewers,Los Angeles Dodgers,6.86,5.5,6,0.8600000000000003,-0.5,0.682,106,-136
2026-08-16,Nick Lodolo,Cincinnati Reds,Miami Marlins,3.85,4.5,2,1.85,2.5,0.343,-118,-108
2026-08-16,Noah Cameron,Kansas City Royals,Los Angeles Angels,4.74,5.5,8,-3.26,-2.5,0.34,-140,110
2026-08-16,Ryan Johnson,Los Angeles Angels,Kansas City Royals,3.64,3.5,4,-0.3599999999999999,-0.5,0.496,-158,124
2026-08-16,Tanner Bibee,Cleveland Guardians,San Diego Padres,4.8,4.5,3,1.7999999999999998,1.5,0.526,104,-132
2026-08-16,Tarik Skubal,Los Angeles Dodgers,Milwaukee Brewers,7.66,7.5,7,0.6600000000000001,0.5,0.501,112,-142
2026-08-16,Trevor Rogers,Baltimore Orioles,Tampa Bay Rays,5.52,4.5,6,-0.4800000000000004,-1.5,0.647,108,-138
2026-08-17,Andre Pallante,St. Louis Cardinals,Cincinnati Reds,4.47,4.5,5,-0.5300000000000002,-0.5,0.463,-104,-122
2026-08-17,Bailey Ober,Minnesota Twins,Atlanta Braves,4.01,3.5,4,0.009999999999999787,-0.5,0.569,100,-128
2026-08-17,Blake Snell,Los Angeles Dodgers,Colorado Rockies,7.64,6.5,5,2.6399999999999997,1.5,0.642,-164,128
2026-08-17,Carmen Mlodzinski,Pittsburgh Pirates,Detroit Tigers,4.3,2.5,3,1.2999999999999998,-0.5,0.803,-170,132
2026-08-17,Cristopher Sanchez,Philadelphia Phillies,Miami Marlins,5.23,6.5,6,-0.7699999999999996,0.5,0.273,-130,102
2026-08-17,Framber Valdez,Detroit Tigers,Pittsburgh Pirates,4.45,5.5,5,-0.5499999999999998,0.5,0.289,116,-148
2026-08-17,Janson Junk,Miami Marlins,Philadelphia Phillies,2.81,3.5,2,0.81,1.5,0.31,128,-164
2026-08-17,Luis Castillo,Chicago White Sox,Chicago Cubs,5.25,4.5,1,4.25,3.5,0.603,-120,-108
2026-08-17,Martin Perez,Atlanta Braves,Minnesota Twins,3.29,3.5,3,0.29000000000000004,0.5,0.419,-108,-118
2026-08-17,Mason Barnett,Athletics,Kansas City Royals,4.03,3.5,2,2.0300000000000002,1.5,0.573,112,-142
2026-08-17,Quinn Mathews,St. Louis Cardinals,Cincinnati Reds,3.55,4.5,7,-3.45,-2.5,0.284,-130,102
2026-08-17,Rhett Lowder,Cincinnati Reds,St. Louis Cardinals,3.96,4.5,5,-1.04,-0.5,0.365,108,-138
2026-08-17,Tomoyuki Sugano,Colorado Rockies,Los Angeles Dodgers,3.4,2.5,3,0.3999999999999999,-0.5,0.662,-156,122
2026-08-17,Walker Buehler,San Diego Padres,New York Mets,4.71,3.5,4,0.71,-0.5,0.693,-156,122
2026-08-18,Carlos Rodon,New York Yankees,Baltimore Orioles,6.34,4.5,4,2.34,0.5,0.758,-158,124
2026-08-18,Cristian Javier,Houston Astros,Los Angeles Angels,3.14,4.5,5,-1.8599999999999999,-0.5,0.209,-115,-111
2026-08-18,Eric Lauer,Los Angeles Dodgers,Colorado Rockies,4.01,3.5,6,-1.9900000000000002,-2.5,0.568,-120,-106
2026-08-18,Foster Griffin,Cleveland Guardians,San Francisco Giants,4.44,5.5,6,-1.5599999999999996,-0.5,0.288,-120,-106
2026-08-18,George Klassen,Los Angeles Angels,Houston Astros,3.01,4.5,7,-3.99,-2.5,0.187,122,-156
2026-08-18,Jackson Kent,Washington Nationals,Texas Rangers,8.38,4.5,3,5.380000000000001,1.5,0.827,142,-184
2026-08-18,Kevin Gausman,Chicago Cubs,Chicago White Sox,5.54,6.5,5,0.54,1.5,0.321,106,-136
2026-08-18,Kyle Harrison,Milwaukee Brewers,Seattle Mariners,5.67,5.5,8,-2.33,-2.5,0.501,-162,126
2026-08-18,Kyle Leahy,St. Louis Cardinals,Cincinnati Reds,4.97,5.5,6,-1.0300000000000002,-0.5,0.379,104,-132
2026-08-18,Ranger Suarez,Boston Red Sox,Arizona Diamondbacks,3.34,4.5,3,0.33999999999999986,1.5,0.246,-102,-125
2026-08-18,Robbie Ray,San Diego Padres,New York Mets,6.78,4.5,4,2.7800000000000002,0.5,0.806,-113,-113
2026-08-18,Shane Baz,Baltimore Orioles,New York Yankees,5.28,5.5,10,-4.72,-4.5,0.433,-142,112
2026-08-18,Tyler Mahle,Atlanta Braves,Minnesota Twins,5.82,4.5,3,2.8200000000000003,1.5,0.691,-120,-106
2026-08-18,Zack Wheeler,Philadelphia Phillies,Miami Marlins,4.96,7.5,7,-2.04,0.5,0.133,108,-136
2026-08-19,AJ Smith-Shawver,Atlanta Braves,Minnesota Twins,4.73,3.5,3,1.7300000000000004,0.5,0.696,-172,134
2026-08-19,Brandon Pfaadt,Arizona Diamondbacks,Boston Red Sox,4.5,3.5,8,-3.5,-4.5,0.659,-130,102
2026-08-19,Cade Cavalli,Washington Nationals,Texas Rangers,7.52,5.5,11,-3.4800000000000004,-5.5,0.762,-140,110
2026-08-19,Chase Burns,Cincinnati Reds,St. Louis Cardinals,6.67,6.5,8,-1.33,-1.5,0.502,112,-142
2026-08-19,Clay Holmes,Chicago Cubs,Chicago White Sox,5.08,4.5,1,4.08,3.5,0.574,-125,-102
2026-08-19,Drew Rasmussen,Tampa Bay Rays,Toronto Blue Jays,5.45,5.5,5,0.4500000000000002,0.5,0.464,114,-146
2026-08-19,Dustin May,Milwaukee Brewers,Seattle Mariners,5.7,5.5,1,4.7,4.5,0.507,108,-138
2026-08-19,Jeffrey Springs,Athletics,Kansas City Royals,3.02,3.5,1,2.02,2.5,0.358,120,-154
2026-08-19,Kyle Freeland,Colorado Rockies,Los Angeles Dodgers,4.66,3.5,5,-0.33999999999999986,-1.5,0.685,-122,-104
2026-08-19,Logan Gilbert,Seattle Mariners,Milwaukee Brewers,5.73,6.5,5,0.7300000000000004,1.5,0.351,112,-142
2026-08-19,Matthew Liberatore,St. Louis Cardinals,Cincinnati Reds,4.91,5.5,9,-4.09,-3.5,0.369,-122,-104
2026-08-19,Michael King,San Diego Padres,New York Mets,5.38,4.5,4,1.38,0.5,0.625,-148,116
2026-08-19,Parker Messick,Cleveland Guardians,San Francisco Giants,5.42,6.5,10,-4.58,-3.5,0.303,108,-138
2026-08-19,Payton Tolle,Boston Red Sox,Arizona Diamondbacks,6.22,5.5,6,0.21999999999999975,-0.5,0.59,-120,-106
2026-08-19,Robert Stock,New York Mets,San Diego Padres,3.49,3.5,6,-2.51,-2.5,0.462,-142,112
2026-08-19,Roki Sasaki,Los Angeles Dodgers,Colorado Rockies,5.47,4.5,6,-0.5300000000000002,-1.5,0.639,-160,124
2026-08-19,Seth Lugo,Kansas City Royals,Athletics,4.68,4.5,3,1.6799999999999997,1.5,0.503,124,-158
2026-08-19,Taj Bradley,Minnesota Twins,Atlanta Braves,5.48,5.5,7,-1.5199999999999996,-1.5,0.468,-130,102
2026-08-20,Andrew Alvarez,Washington Nationals,Texas Rangers,5.56,4.5,5,0.5599999999999996,-0.5,0.653,100,-128
2026-08-20,Brady Singer,Cincinnati Reds,St. Louis Cardinals,5.06,4.5,3,2.0599999999999996,1.5,0.572,104,-132
2026-08-20,Gage Jump,Athletics,Kansas City Royals,5.24,4.5,3,2.24,1.5,0.602,-138,108
2026-08-20,George Kirby,Seattle Mariners,Milwaukee Brewers,4.64,4.5,3,1.6399999999999997,1.5,0.496,-140,110
2026-08-20,Gerrit Cole,New York Yankees,Baltimore Orioles,7.63,6.5,8,-0.3700000000000001,-1.5,0.641,-122,-104
2026-08-20,Ian Seymour,Tampa Bay Rays,Toronto Blue Jays,4.8,5.5,8,-3.2,-2.5,0.351,112,-142
2026-08-20,Jacob deGrom,Texas Rangers,Washington Nationals,4.52,5.5,10,-5.48,-4.5,0.302,-136,106
2026-08-20,Kyle Bradish,Baltimore Orioles,New York Yankees,4.86,5.5,5,-0.13999999999999968,0.5,0.362,-138,108
2026-08-20,Landen Roupp,San Francisco Giants,Cleveland Guardians,4.01,4.5,2,2.01,2.5,0.375,118,-150
2026-08-20,Michael McGreevy,St. Louis Cardinals,Cincinnati Reds,3.37,4.5,4,-0.6299999999999999,0.5,0.252,100,-128
2026-08-20,Peter Lambert,Houston Astros,Los Angeles Angels,4.59,5.5,3,1.5899999999999999,2.5,0.314,-111,-115
2026-08-21,Bubba Chandler,Pittsburgh Pirates,Los Angeles Dodgers,4.78,4.5,6,-1.2199999999999998,-1.5,0.522,118,-150
2026-08-21,Cam Schlittler,New York Yankees,Toronto Blue Jays,6.27,6.5,4,2.2699999999999996,2.5,0.44,-111,-115
2026-08-21,Chris Sale,Atlanta Braves,Milwaukee Brewers,6.84,7.5,6,0.8399999999999999,1.5,0.38,-115,-111
2026-08-21,Connor Prielipp,Minnesota Twins,San Diego Padres,5.63,5.5,7,-1.37,-1.5,0.496,116,-148
2026-08-21,Hayden Wesneski,Houston Astros,Athletics,5.08,4.5,4,1.08,0.5,0.575,-122,-104
2026-08-21,Hunter Dobbins,St. Louis Cardinals,Philadelphia Phillies,4.2,3.5,3,1.2000000000000002,0.5,0.607,-128,100
2026-08-21,J.T. Ginn,Athletics,Houston Astros,5.26,4.5,4,1.2599999999999998,0.5,0.606,-122,-104
2026-08-21,Jacob Misiorowski,Milwaukee Brewers,Atlanta Braves,7.88,9.5,6,1.88,3.5,0.27,112,-142
2026-08-21,Jesus Luzardo,Philadelphia Phillies,St. Louis Cardinals,8.49,7.5,9,-0.5099999999999998,-1.5,0.615,114,-146
2026-08-21,Joey Cantillo,Cleveland Guardians,Colorado Rockies,6.02,5.5,5,1.0199999999999996,0.5,0.56,-120,-106
2026-08-21,Matthew Boyd,Chicago Cubs,Seattle Mariners,5.94,4.5,3,2.9400000000000004,1.5,0.709,-136,106
2026-08-21,Nick Lodolo,Cincinnati Reds,Arizona Diamondbacks,4.11,3.5,2,2.1100000000000003,1.5,0.591,-122,-104
2026-08-21,Noah Cameron,Kansas City Royals,Detroit Tigers,5.69,5.5,2,3.6900000000000004,3.5,0.506,108,-138
2026-08-21,Randy Vasquez,San Diego Padres,Minnesota Twins,2.52,2.5,3,-0.48,-0.5,0.463,-182,141
2026-08-21,Reid Detmers,Los Angeles Angels,Texas Rangers,6.96,6.5,5,1.96,1.5,0.547,100,-128
2026-08-21,Sean Burke,Chicago White Sox,New York Mets,5.95,6.5,4,1.9500000000000002,2.5,0.388,112,-142
2026-08-21,Sean Manaea,New York Mets,Chicago White Sox,8.48,5.5,4,4.48,1.5,0.809,-140,110
2026-08-21,Tanner Gordon,Colorado Rockies,Cleveland Guardians,2.98,3.5,2,0.98,1.5,0.351,128,-164
2026-08-22,Andrew Painter,Philadelphia Phillies,St. Louis Cardinals,3.85,3.5,8,-4.15,-4.5,0.538,-164,128
2026-08-22,Blade Tidwell,San Francisco Giants,Boston Red Sox,3.22,3.5,7,-3.78,-3.5,0.402,-118,-108
2026-08-22,Brandon Young,Baltimore Orioles,Tampa Bay Rays,3.33,3.5,3,0.33000000000000007,0.5,0.425,-130,102
2026-08-22,Christian Scott,New York Mets,Chicago White Sox,5.72,5.5,6,-0.28000000000000025,-0.5,0.508,-156,122
2026-08-22,Dylan Cease,Toronto Blue Jays,New York Yankees,9.15,8.5,8,1.1500000000000004,0.5,0.564,-111,-115
2026-08-22,Hunter Brown,Houston Astros,Athletics,6.28,5.5,4,2.2800000000000002,1.5,0.599,-132,106
2026-08-22,Logan Henderson,Milwaukee Brewers,Atlanta Braves,7.03,6.5,4,3.0300000000000002,2.5,0.555,-102,-125
2026-08-22,Martin Pérez,Atlanta Braves,Milwaukee Brewers,3.45,3.5,2,1.4500000000000002,1.5,0.453,-111,-115
2026-08-22,Michael Soroka,Arizona Diamondbacks,Cincinnati Reds,4.46,5.5,3,1.46,2.5,0.29,-154,120
2026-08-22,Patrick Sandoval,Boston Red Sox,San Francisco Giants,4.19,5.5,6,-1.8099999999999996,-0.5,0.246,-104,-122
2026-08-22,Quinn Mathews,St. Louis Cardinals,Philadelphia Phillies,5.48,4.5,3,2.4800000000000004,1.5,0.64,-115,-111
2026-08-22,Rhett Lowder,Cincinnati Reds,Arizona Diamondbacks,4.26,3.5,1,3.26,2.5,0.615,-111,-115
2026-08-22,Ryan Johnson,Los Angeles Angels,Texas Rangers,3.62,3.5,3,0.6200000000000001,0.5,0.488,-154,122
2026-08-22,Ryan Weathers,New York Yankees,Toronto Blue Jays,4.59,5.5,3,1.5899999999999999,2.5,0.313,120,-154
2026-08-22,Tanner Bibee,Cleveland Guardians,Colorado Rockies,5.25,4.5,6,-0.75,-1.5,0.603,-102,-125
2026-08-22,Tarik Skubal,Los Angeles Dodgers,Pittsburgh Pirates,7.67,8.5,11,-3.33,-2.5,0.361,104,-132
2026-08-23,Andrew Abbott,Cincinnati Reds,Arizona Diamondbacks,3.93,3.5,6,-2.07,-2.5,0.553,104,-132
2026-08-23,Blake Snell,Los Angeles Dodgers,Pittsburgh Pirates,7.24,8.5,6,1.2400000000000002,2.5,0.303,100,-128
2026-08-23,Bryce Miller,Seattle Mariners,Chicago Cubs,4.85,4.5,5,-0.15000000000000036,-0.5,0.532,-156,122
2026-08-23,Cal Quantrill,Texas Rangers,Los Angeles Angels,4.62,3.5,6,-1.38,-2.5,0.678,-172,134
2026-08-23,Daniel Lynch IV,Kansas City Royals,Detroit Tigers,2.04,2.5,2,0.040000000000000036,0.5,0.334,-138,109
2026-08-23,Foster Griffin,Cleveland Guardians,Colorado Rockies,4.61,4.5,4,0.6100000000000003,0.5,0.489,-142,112
2026-08-23,Jackson Kent,Washington Nationals,Miami Marlins,6.25,4.5,5,1.25,-0.5,0.747,132,-170
2026-08-23,Jake Bennett,Boston Red Sox,San Francisco Giants,3.63,4.5,6,-2.37,-1.5,0.3,-122,-104
2026-08-23,Janson Junk,Miami Marlins,Washington Nationals,2.77,3.5,2,0.77,1.5,0.301,106,-136
2026-08-23,Kyle Leahy,St. Louis Cardinals,Philadelphia Phillies,4.4,3.5,4,0.40000000000000036,-0.5,0.64,-162,126
2026-08-23,Lake Bachar,Pittsburgh Pirates,Los Angeles Dodgers,5.81,2.5,1,4.81,1.5,0.875,142,-180
2026-08-23,Mitch Bratt,Arizona Diamondbacks,Cincinnati Reds,3.82,3.5,3,0.8199999999999998,0.5,0.53,-172,134
2026-08-23,Nick Martinez,Tampa Bay Rays,Baltimore Orioles,4.35,3.5,4,0.34999999999999964,-0.5,0.632,-132,104
2026-08-23,Nolan McLean,New York Mets,Chicago White Sox,6.74,6.5,6,0.7400000000000002,0.5,0.511,114,-146
2026-08-23,Shane Drohan,Milwaukee Brewers,Atlanta Braves,5.09,4.5,5,0.08999999999999986,-0.5,0.576,-122,-104
2026-08-23,Shota Imanaga,Chicago Cubs,Seattle Mariners,6.39,5.5,4,2.3899999999999997,1.5,0.614,-111,-115
2026-08-23,Tomoyuki Sugano,Colorado Rockies,Cleveland Guardians,2.82,2.5,2,0.8199999999999998,0.5,0.534,-104,-122
2026-08-23,Tyler Mahle,Atlanta Braves,Milwaukee Brewers,5.62,5.5,4,1.62,1.5,0.491,126,-162
2026-08-23,Walker Buehler,San Diego Padres,Minnesota Twins,4.58,3.5,4,0.5800000000000001,-0.5,0.671,-136,106
2026-08-23,Yusei Kikuchi,Los Angeles Angels,Texas Rangers,4.36,4.5,4,0.3600000000000003,0.5,0.441,-132,104
2026-08-24,Braxton Ashcraft,Pittsburgh Pirates,San Diego Padres,6.21,5.5,2,4.21,3.5,0.586,112,-142
2026-08-24,Cade Cavalli,Washington Nationals,Colorado Rockies,7.53,6.5,7,0.5300000000000002,-0.5,0.625,-104,-120
2026-08-24,Carson Whisenhunt,San Francisco Giants,Cincinnati Reds,3.14,4.5,3,0.14000000000000012,1.5,0.208,104,-132
2026-08-24,Chase Burns,Cincinnati Reds,San Francisco Giants,7.26,6.5,5,2.26,1.5,0.587,-104,-122
2026-08-24,Drew Rasmussen,Tampa Bay Rays,Detroit Tigers,5.85,4.5,5,0.8499999999999996,-0.5,0.694,-154,120
2026-08-24,Framber Valdez,Detroit Tigers,Tampa Bay Rays,5.1,3.5,0,5.1,3.5,0.748,-158,124
2026-08-24,Jose Urquidy,Chicago White Sox,Texas Rangers,5.02,3.5,2,3.0199999999999996,1.5,0.737,-156,122
2026-08-24,Kevin Gausman,Chicago Cubs,Arizona Diamondbacks,5.2,4.5,6,-0.7999999999999998,-1.5,0.593,-113,-113
2026-08-24,Kumar Rocker,Texas Rangers,Chicago White Sox,4.48,4.5,8,-3.5199999999999996,-3.5,0.463,-128,100
2026-08-24,Logan Gilbert,Seattle Mariners,Philadelphia Phillies,5.48,6.5,5,0.4800000000000004,1.5,0.31,120,-154
2026-08-24,Parker Messick,Cleveland Guardians,Los Angeles Angels,6.2,7.5,4,2.2,3.5,0.283,118,-150
2026-08-24,Ranger Suarez,Boston Red Sox,Miami Marlins,3.99,4.5,4,-0.009999999999999787,0.5,0.369,-150,118
2026-08-24,Robbie Ray,San Diego Padres,Pittsburgh Pirates,6.37,5.5,5,1.37,0.5,0.611,-130,102
2026-08-24,Ryan Feltner,Colorado Rockies,Washington Nationals,3.36,3.5,6,-2.64,-2.5,0.431,-122,-104
2026-08-24,Zack Wheeler,Philadelphia Phillies,Seattle Mariners,4.59,7.5,4,0.5899999999999999,3.5,0.133,118,-150
2026-08-24,Zebby Matthews,Minnesota Twins,Athletics,4.92,4.5,7,-2.08,-2.5,0.544,116,-148
2026-08-25,Aaron Nola,Philadelphia Phillies,Seattle Mariners,6.7,5.5,7,-0.2999999999999998,-1.5,0.657,-125,-102
2026-08-25,Andrew Alvarez,Washington Nationals,Colorado Rockies,5.89,4.5,6,-0.11000000000000032,-1.5,0.698,-138,108
2026-08-25,Anthony Kay,Chicago White Sox,Texas Rangers,5.08,4.5,4,1.08,0.5,0.572,-122,-104
2026-08-25,Brady Singer,Cincinnati Reds,San Francisco Giants,5.32,4.5,5,0.3200000000000003,-0.5,0.612,114,-146
2026-08-25,Brandon Pfaadt,Arizona Diamondbacks,Chicago Cubs,5.2,4.5,3,2.2,1.5,0.592,106,-136
2026-08-25,Bryce Elder,Atlanta Braves,Los Angeles Dodgers,4.5,3.5,5,-0.5,-1.5,0.656,-140,110
2026-08-25,Clay Holmes,Chicago Cubs,Arizona Diamondbacks,3.99,3.5,5,-1.0099999999999998,-1.5,0.563,124,-158
2026-08-25,Ethan Pecko,Houston Astros,New York Yankees,5.76,4.5,1,4.76,3.5,0.679,118,-150
2026-08-25,Gage Jump,Athletics,Minnesota Twins,4.73,5.5,9,-4.27,-3.5,0.335,118,-150
2026-08-25,George Kirby,Seattle Mariners,Philadelphia Phillies,3.41,4.5,9,-5.59,-4.5,0.255,-122,-104
2026-08-25,Jackson Jobe,Detroit Tigers,Tampa Bay Rays,2.8,3.5,4,-1.2000000000000002,-0.5,0.306,102,-130
2026-08-25,Jacob deGrom,Texas Rangers,Chicago White Sox,5.19,6.5,2,3.1900000000000004,4.5,0.264,-111,-115
2026-08-25,Kyle Harrison,Milwaukee Brewers,New York Mets,5.05,5.5,5,0.04999999999999982,0.5,0.391,-104,-120
2026-08-25,Matthew Liberatore,St. Louis Cardinals,Baltimore Orioles,4.96,5.5,7,-2.04,-1.5,0.374,-120,-106
2026-08-25,Michael King,San Diego Padres,Pittsburgh Pirates,5.68,5.5,7,-1.3200000000000003,-1.5,0.5,106,-136
2026-08-25,Paul Skenes,Pittsburgh Pirates,San Diego Padres,5.16,5.5,4,1.1600000000000001,1.5,0.41,-156,122
2026-08-25,Payton Tolle,Boston Red Sox,Miami Marlins,5.72,6.5,7,-1.2800000000000002,-0.5,0.347,114,-146
2026-08-25,Tyler Glasnow,Los Angeles Dodgers,Atlanta Braves,6.78,5.5,7,-0.21999999999999975,-1.5,0.669,-162,126
2026-08-25,Tyler Phillips,Miami Marlins,Boston Red Sox,3.33,3.5,7,-3.67,-3.5,0.425,-132,104
2026-08-25,Will Warren,New York Yankees,Houston Astros,3.96,4.5,4,-0.040000000000000036,0.5,0.362,-142,112
2026-08-25,Zac Thornton,New York Mets,Milwaukee Brewers,3.46,3.5,4,-0.54,-0.5,0.451,-125,-102
2026-08-26,AJ Smith-Shawver,Atlanta Braves,Los Angeles Dodgers,4.78,4.5,3,1.7800000000000002,1.5,0.518,130,-166
2026-08-26,Bryan Woo,Seattle Mariners,Philadelphia Phillies,4.82,5.5,5,-0.17999999999999972,0.5,0.352,126,-162
2026-08-26,Connor Prielipp,Minnesota Twins,Athletics,4.92,5.5,5,-0.08000000000000007,0.5,0.369,-106,-120
2026-08-26,Eduardo Rodriguez,Arizona Diamondbacks,Chicago Cubs,5.16,4.5,9,-3.84,-4.5,0.586,126,-162
2026-08-26,Elmer Rodriguez,New York Yankees,Houston Astros,2.12,3.5,6,-3.88,-2.5,0.163,-118,-108
2026-08-26,Grayson Rodriguez,Los Angeles Angels,Cleveland Guardians,4.77,4.5,4,0.7699999999999996,0.5,0.517,112,-142
2026-08-26,J.T. Ginn,Athletics,Minnesota Twins,5.3,4.5,3,2.3,1.5,0.61,120,-154
2026-08-26,Jesus Luzardo,Philadelphia Phillies,Seattle Mariners,9.58,7.5,9,0.5800000000000001,-1.5,0.739,-132,104
2026-08-26,Logan Webb,San Francisco Giants,Cincinnati Reds,4.52,5.5,6,-1.4800000000000004,-0.5,0.3,-114,-106
2026-08-26,MacKenzie Gore,Texas Rangers,Chicago White Sox,8.84,6.5,4,4.84,2.5,0.777,132,-170
2026-08-26,Matthew Boyd,Chicago Cubs,Arizona Diamondbacks,4.62,3.5,5,-0.3799999999999999,-1.5,0.677,-130,102
2026-08-26,Michael McGreevy,St. Louis Cardinals,Baltimore Orioles,3.42,4.5,3,0.41999999999999993,1.5,0.258,120,-154
2026-08-26,Peter Lambert,Houston Astros,New York Yankees,4.73,5.5,5,-0.2699999999999996,0.5,0.335,126,-162
2026-08-26,Randy Vásquez,San Diego Padres,Pittsburgh Pirates,3.01,3.5,2,1.0099999999999998,1.5,0.353,-111,-115
2026-08-26,Robert Stock,New York Mets,Milwaukee Brewers,3.91,4.5,2,1.9100000000000001,2.5,0.352,120,-154
2026-08-26,Roki Sasaki,Los Angeles Dodgers,Atlanta Braves,5.59,4.5,3,2.59,1.5,0.656,-128,100
2026-08-26,Ryan Gusto,Miami Marlins,Boston Red Sox,3.61,3.5,2,1.6099999999999999,1.5,0.485,-136,106
2026-08-26,Sean Burke,Chicago White Sox,Texas Rangers,5.8,5.5,3,2.8,2.5,0.52,-154,120
2026-08-26,Sonny Gray,Boston Red Sox,Miami Marlins,6.08,5.5,5,1.08,0.5,0.566,-111,-115
2026-08-26,Tanner Gordon,Colorado Rockies,Washington Nationals,3.28,3.5,5,-1.7200000000000002,-1.5,0.413,-118,-108
2026-08-26,Troy Melton,Detroit Tigers,Tampa Bay Rays,3.83,3.5,4,-0.16999999999999993,-0.5,0.53,-170,132
2026-08-27,Chris Sale,Atlanta Braves,Los Angeles Dodgers,6.27,7.5,11,-4.73,-3.5,0.292,124,-160
2026-08-27,Gabriel Hughes,Colorado Rockies,Washington Nationals,2.91,3.5,3,-0.08999999999999986,0.5,0.33,-108,-118
2026-08-27,Jose Cabrera,Arizona Diamondbacks,San Francisco Giants,3.84,3.5,4,-0.16000000000000014,-0.5,0.532,-104,-122
2026-08-27,Trevor Rogers,Baltimore Orioles,St. Louis Cardinals,5.21,4.5,7,-1.79,-2.5,0.593,-118,-108
2026-08-28,Andrew Painter,Philadelphia Phillies,Los Angeles Angels,4.81,5.5,6,-1.1900000000000004,-0.5,0.349,106,-136
2026-08-28,Blade Tidwell,San Francisco Giants,Arizona Diamondbacks,4.14,3.5,4,0.13999999999999968,-0.5,0.591,-130,102
2026-08-28,Brandon Young,Baltimore Orioles,Athletics,4.05,4.5,4,0.04999999999999982,0.5,0.38,112,-142
2026-08-28,Cam Schlittler,New York Yankees,Boston Red Sox,6.21,6.5,8,-1.79,-1.5,0.426,-128,100
2026-08-28,Christian Scott,New York Mets,Houston Astros,5.28,5.5,2,3.2800000000000002,3.5,0.431,-142,112
2026-08-28,David Peterson,Chicago Cubs,Cincinnati Reds,5.7,4.5,6,-0.2999999999999998,-1.5,0.671,-154,122
2026-08-28,Dean Kremer,Minnesota Twins,Chicago White Sox,4.89,5.5,3,1.8899999999999997,2.5,0.363,124,-160
2026-08-28,Drew Anderson,Detroit Tigers,Los Angeles Dodgers,4.33,4.5,5,-0.6699999999999999,-0.5,0.433,-104,-122
2026-08-28,Dylan Cease,Toronto Blue Jays,Seattle Mariners,8.26,7.5,8,0.2599999999999998,-0.5,0.582,-122,-104
2026-08-28,Emerson Hancock,Seattle Mariners,Toronto Blue Jays,4.44,3.5,1,3.4400000000000004,2.5,0.647,-122,-104
2026-08-28,Eury Perez,Miami Marlins,Washington Nationals,5.39,5.5,5,0.3899999999999997,0.5,0.45,-111,-115
2026-08-28,Grant Holmes,Atlanta Braves,Colorado Rockies,5.33,4.5,3,2.33,1.5,0.615,-142,112
2026-08-28,Hunter Brown,Houston Astros,New York Mets,5.5,5.5,10,-4.5,-4.5,0.469,118,-150
2026-08-28,Jackson Kent,Washington Nationals,Miami Marlins,4.42,3.5,3,1.42,0.5,0.643,-170,132
2026-08-28,Jacob Lopez,Athletics,Baltimore Orioles,5.98,6.5,6,-0.019999999999999574,0.5,0.389,112,-142
2026-08-28,Kohl Drake,Arizona Diamondbacks,San Francisco Giants,3.06,3.5,4,-0.94,-0.5,0.364,-128,100
2026-08-28,Logan Henderson,Milwaukee Brewers,Texas Rangers,7.57,6.5,7,0.5700000000000003,-0.5,0.63,-104,-122
2026-08-28,Luis Castillo,Chicago White Sox,Minnesota Twins,4.53,3.5,1,3.5300000000000002,2.5,0.661,-150,118
2026-08-28,Patrick Sandoval,Boston Red Sox,New York Yankees,5.75,5.5,7,-1.25,-1.5,0.512,116,-148
2026-08-28,Quinn Mathews,St. Louis Cardinals,Pittsburgh Pirates,4.48,5.5,7,-2.5199999999999996,-1.5,0.292,-106,-120
2026-08-28,Rhett Lowder,Cincinnati Reds,Chicago Cubs,4.4,3.5,5,-0.5999999999999996,-1.5,0.639,-148,116
2026-08-28,Shane McClanahan,Tampa Bay Rays,San Diego Padres,4.14,4.5,4,0.13999999999999968,0.5,0.397,106,-136
2026-08-28,Tanner Bibee,Cleveland Guardians,Kansas City Royals,5.26,4.5,5,0.2599999999999998,-0.5,0.602,-111,-115
2026-08-28,Tomoyuki Sugano,Colorado Rockies,Atlanta Braves,3.08,3.5,4,-0.9199999999999999,-0.5,0.369,115,-155
2026-08-29,Bailey Ober,Minnesota Twins,Chicago White Sox,4.48,3.5,5,-0.5199999999999996,-1.5,0.652,-166,130
2026-08-29,Blake Snell,Los Angeles Dodgers,Detroit Tigers,6.36,6.5,10,-3.6399999999999997,-3.5,0.45,-120,-106
2026-08-29,Cade Cavalli,Washington Nationals,Miami Marlins,7.05,6.5,8,-0.9500000000000002,-1.5,0.557,114,-146
2026-08-29,Cal Quantrill,Texas Rangers,Milwaukee Brewers,4.39,3.5,8,-3.6100000000000003,-4.5,0.638,-132,104
2026-08-29,Carlos Rodon,New York Yankees,Boston Red Sox,4.69,5.5,5,-0.3099999999999996,0.5,0.328,132,-170
2026-08-29,Cristopher Sanchez,Philadelphia Phillies,Los Angeles Angels,5.57,7.5,8,-2.4299999999999997,-0.5,0.198,-111,-115
2026-08-29,Daniel Lynch IV,Kansas City Royals,Cleveland Guardians,1.53,2.5,3,-1.47,-0.5,0.197,-102,-123
2026-08-29,Erick Fedde,Chicago White Sox,Minnesota Twins,3.31,2.5,4,-0.69,-1.5,0.64,-113,-113
2026-08-29,Foster Griffin,Cleveland Guardians,Kansas City Royals,4.0,5.5,4,0.0,1.5,0.214,112,-142
2026-08-29,Jose Soriano,Toronto Blue Jays,Seattle Mariners,5.02,5.5,6,-0.9800000000000004,-0.5,0.385,112,-142
2026-08-29,Kade Anderson,Seattle Mariners,Toronto Blue Jays,4.32,4.5,3,1.3200000000000003,1.5,0.432,-104,-122
2026-08-29,Kyle Leahy,St. Louis Cardinals,Pittsburgh Pirates,4.64,3.5,3,1.6399999999999997,0.5,0.679,-162,126
2026-08-29,Martin Pérez,Atlanta Braves,Colorado Rockies,4.75,4.5,6,-1.25,-1.5,0.512,108,-138
2026-08-29,Max Fried,New York Yankees,Boston Red Sox,4.44,4.5,4,0.4400000000000004,0.5,0.454,100,-128
2026-08-29,Merrill Kelly,Arizona Diamondbacks,San Francisco Giants,3.63,4.5,7,-3.37,-2.5,0.297,130,-170
2026-08-29,Mitch Bratt,Arizona Diamondbacks,San Francisco Giants,3.41,3.5,2,1.4100000000000001,1.5,0.442,-122,-104
2026-08-29,Nolan McLean,New York Mets,Houston Astros,5.68,5.5,4,1.6799999999999997,1.5,0.499,-148,116
2026-08-29,Ryan Johnson,Los Angeles Angels,Philadelphia Phillies,3.32,3.5,2,1.3199999999999998,1.5,0.422,-102,-125
2026-08-29,Sandy Alcantara,Miami Marlins,Washington Nationals,4.76,4.5,3,1.7599999999999998,1.5,0.514,116,-148
2026-08-29,Shane Baz,Baltimore Orioles,Athletics,5.59,5.5,4,1.5899999999999999,1.5,0.485,130,-166
2026-08-29,Walker Buehler,San Diego Padres,Tampa Bay Rays,3.69,3.5,3,0.69,0.5,0.502,126,-162
2026-08-30,Andrew Alvarez,Washington Nationals,Miami Marlins,4.76,4.5,6,-1.2400000000000002,-1.5,0.515,126,-162
2026-08-30,Braxton Ashcraft,Pittsburgh Pirates,St. Louis Cardinals,6.56,5.5,3,3.5599999999999996,2.5,0.639,118,-150
2026-08-30,Chase Burns,Cincinnati Reds,Chicago Cubs,6.63,5.5,7,-0.3700000000000001,-1.5,0.648,-148,116
2026-08-30,Drew Rasmussen,Tampa Bay Rays,San Diego Padres,4.62,5.5,6,-1.38,-0.5,0.316,104,-132
2026-08-30,Dustin May,Milwaukee Brewers,Texas Rangers,3.78,4.5,4,-0.2200000000000002,0.5,0.327,-150,118
2026-08-30,Ethan Pecko,Houston Astros,New York Mets,3.13,3.5,4,-0.8700000000000001,-0.5,0.379,-106,-120
2026-08-30,Framber Valdez,Detroit Tigers,Los Angeles Dodgers,4.76,4.5,5,-0.2400000000000002,-0.5,0.516,118,-150
2026-08-30,Janson Junk,Miami Marlins,Washington Nationals,2.52,2.5,2,0.52,0.5,0.459,-156,124
2026-08-30,Jeffrey Springs,Athletics,Baltimore Orioles,4.0,4.5,6,-2.0,-1.5,0.369,-111,-115
2026-08-30,Mason Adams,Colorado Rockies,Atlanta Braves,6.8,3.5,5,1.7999999999999998,-1.5,0.849,-113,-113
2026-08-30,Matthew Liberatore,St. Louis Cardinals,Pittsburgh Pirates,5.52,5.5,9,-3.4800000000000004,-3.5,0.474,-136,106
2026-08-30,Max Scherzer,Toronto Blue Jays,Seattle Mariners,4.69,4.5,10,-5.31,-5.5,0.502,112,-142
2026-08-30,Parker Messick,Cleveland Guardians,Kansas City Royals,5.57,5.5,5,0.5700000000000003,0.5,0.481,-148,116
2026-08-30,Ranger Suarez,Boston Red Sox,New York Yankees,4.62,5.5,2,2.62,3.5,0.317,120,-154
2026-08-30,Robbie Ray,San Diego Padres,Tampa Bay Rays,4.56,3.5,4,0.5599999999999996,-0.5,0.666,-170,132
2026-08-30,Shota Imanaga,Chicago Cubs,Cincinnati Reds,4.65,5.5,4,0.6500000000000004,1.5,0.321,-146,114
2026-08-30,Tyler Mahle,Atlanta Braves,Colorado Rockies,6.48,5.5,9,-2.5199999999999996,-3.5,0.627,-115,-111
2026-08-30,Yusei Kikuchi,Los Angeles Angels,Philadelphia Phillies,3.82,5.5,6,-2.18,-0.5,0.187,-111,-115
2026-08-30,Zac Thornton,New York Mets,Houston Astros,3.06,3.5,5,-1.94,-1.5,0.364,100,-128
2026-08-30,Zack Wheeler,Philadelphia Phillies,Los Angeles Angels,4.87,7.5,6,-1.13,1.5,0.133,110,-140
2026-08-30,Zebby Matthews,Minnesota Twins,Chicago White Sox,5.37,4.5,5,0.3700000000000001,-0.5,0.621,-146,114
2026-08-31,Aaron Nola,Philadelphia Phillies,Arizona Diamondbacks,5.84,4.5,4,1.8399999999999999,0.5,0.693,-115,-111
2026-08-31,Anthony Kay,Chicago White Sox,Houston Astros,4.04,4.5,5,-0.96,-0.5,0.378,114,-146
2026-08-31,Anthony Molina,San Francisco Giants,Atlanta Braves,3.07,2.5,6,-2.93,-3.5,0.591,100,-128
2026-08-31,Bryce Elder,Atlanta Braves,San Francisco Giants,5.13,4.5,3,2.13,1.5,0.58,110,-140
2026-08-31,Cade Povich,Baltimore Orioles,Colorado Rockies,4.66,4.5,4,0.6600000000000001,0.5,0.497,108,-138
2026-08-31,Elmer Rodríguez,New York Yankees,Los Angeles Angels,3.26,4.5,5,-1.7400000000000002,-0.5,0.23,-108,-118
2026-08-31,Jacob deGrom,Texas Rangers,Athletics,4.7,6.5,8,-3.3,-1.5,0.195,-106,-120
2026-08-31,Kyle Harrison,Milwaukee Brewers,Chicago Cubs,4.77,5.5,3,1.7699999999999996,2.5,0.342,120,-154
2026-08-31,Peter Lambert,Houston Astros,Chicago White Sox,4.82,5.5,6,-1.1799999999999997,-0.5,0.352,104,-132
2026-08-31,Ryan Gusto,Miami Marlins,Washington Nationals,3.58,3.5,4,-0.41999999999999993,-0.5,0.48,-140,110
2026-08-31,Walbert Urena,Los Angeles Angels,New York Yankees,4.37,5.5,8,-3.63,-2.5,0.274,110,-140
2026-08-31,Will Dion,Washington Nationals,Miami Marlins,5.26,3.5,1,4.26,2.5,0.768,-125,-102
2026-09-01,AJ Smith-Shawver,Atlanta Braves,Washington Nationals,3.43,4.5,5,-1.5699999999999998,-0.5,0.262,118,-150
2026-09-01,Eric Lauer,Los Angeles Dodgers,St. Louis Cardinals,4.34,3.5,2,2.34,1.5,0.63,-138,108
2026-09-01,Freddy Peralta,Tampa Bay Rays,New York Mets,6.21,4.5,7,-0.79,-2.5,0.741,-138,108
2026-09-01,Gabriel Hughes,Colorado Rockies,Baltimore Orioles,3.73,4.5,4,-0.27,0.5,0.318,130,-166
2026-09-01,Gavin Williams,Cleveland Guardians,Toronto Blue Jays,4.48,6.5,13,-8.52,-6.5,0.166,116,-148
2026-09-01,Jesus Luzardo,Philadelphia Phillies,Arizona Diamondbacks,7.26,5.5,6,1.2599999999999998,-0.5,0.731,-142,112
2026-09-01,Kyle Bradish,Baltimore Orioles,Colorado Rockies,5.25,4.5,4,1.25,0.5,0.601,-122,-104
2026-09-01,MacKenzie Gore,Texas Rangers,Athletics,5.69,6.5,4,1.6900000000000004,2.5,0.343,102,-130
2026-09-01,Paul Skenes,Pittsburgh Pirates,San Francisco Giants,6.6,6.5,4,2.5999999999999996,2.5,0.489,116,-148
2026-09-01,Robert Gasser,Milwaukee Brewers,Chicago Cubs,4.47,3.5,4,0.46999999999999975,-0.5,0.652,-158,124
2026-09-01,Ronel Blanco,Houston Astros,Chicago White Sox,4.39,4.5,3,1.3899999999999997,1.5,0.446,-115,-111
2026-09-01,Sean Burke,Chicago White Sox,Houston Astros,4.52,5.5,6,-1.4800000000000004,-0.5,0.3,102,-130
2026-09-01,Sean Manaea,New York Mets,Tampa Bay Rays,5.48,4.5,2,3.4800000000000004,2.5,0.639,-115,-111
2026-09-01,Troy Melton,Detroit Tigers,Minnesota Twins,4.51,4.5,4,0.5099999999999998,0.5,0.469,120,-154
2026-09-02,Andrew Painter,Philadelphia Phillies,Arizona Diamondbacks,4.78,3.5,6,-1.2199999999999998,-2.5,0.702,-140,110
2026-09-02,Brandon Williamson,Cincinnati Reds,San Diego Padres,3.95,3.5,5,-1.0499999999999998,-1.5,0.555,112,-142
2026-09-02,Bubba Chandler,Pittsburgh Pirates,San Francisco Giants,5.1,4.5,4,1.0999999999999996,0.5,0.575,120,-148
2026-09-02,Cam Schlittler,New York Yankees,Los Angeles Angels,6.61,7.5,9,-2.3899999999999997,-1.5,0.343,-132,104
2026-09-02,Casey Mize,San Diego Padres,Cincinnati Reds,3.85,4.5,4,-0.1499999999999999,0.5,0.342,-118,-108
2026-09-02,Cody Bradford,Texas Rangers,Athletics,3.06,4.5,3,0.06000000000000005,1.5,0.193,116,-148
2026-09-02,Davis Martin,Chicago White Sox,Houston Astros,2.85,3.5,3,-0.1499999999999999,0.5,0.319,100,-128
2026-09-02,Griffin Jax,Tampa Bay Rays,New York Mets,5.36,4.5,1,4.36,3.5,0.62,102,-130
2026-09-02,Jacob Misiorowski,Milwaukee Brewers,Chicago Cubs,8.38,7.5,5,3.380000000000001,2.5,0.599,-113,-113
2026-09-02,Joey Cantillo,Cleveland Guardians,Toronto Blue Jays,3.67,4.5,6,-2.33,-1.5,0.307,122,-156
2026-09-02,Justin Hagenman,New York Mets,Tampa Bay Rays,4.09,3.5,2,2.09,1.5,0.583,134,-172
2026-09-02,Noah Cameron,Kansas City Royals,Miami Marlins,3.95,4.5,7,-3.05,-2.5,0.36,-122,-104
2026-09-02,Patrick Sandoval,Boston Red Sox,Seattle Mariners,5.44,5.5,2,3.4400000000000004,3.5,0.461,124,-158
2026-09-02,Tomoyuki Sugano,Colorado Rockies,Baltimore Orioles,3.21,3.5,4,-0.79,-0.5,0.399,-115,-111
2026-09-02,Trevor Rogers,Baltimore Orioles,Colorado Rockies,6.15,5.5,11,-4.85,-5.5,0.577,106,-136
2026-09-02,Yoshinobu Yamamoto,Los Angeles Dodgers,St. Louis Cardinals,7.39,6.5,8,-0.6100000000000003,-1.5,0.607,-136,106
2026-09-03,Blade Tidwell,San Francisco Giants,Pittsburgh Pirates,4.07,4.5,5,-0.9299999999999997,-0.5,0.385,118,-150
2026-09-03,Brandon Young,Baltimore Orioles,Boston Red Sox,3.59,3.5,7,-3.41,-3.5,0.482,-154,120
2026-09-03,Cal Quantrill,Texas Rangers,Tampa Bay Rays,3.79,3.5,5,-1.21,-1.5,0.525,122,-156
2026-09-03,Jake Bennett,Boston Red Sox,Baltimore Orioles,4.47,4.5,7,-2.5300000000000002,-2.5,0.461,-146,114
2026-09-03,Jose Soriano,Toronto Blue Jays,Cleveland Guardians,4.38,4.5,2,2.38,2.5,0.445,140,-180
2026-09-03,Kevin Gausman,Chicago Cubs,Milwaukee Brewers,5.11,5.5,9,-3.8899999999999997,-3.5,0.403,102,-130
2026-09-03,Luis Castillo,Chicago White Sox,Houston Astros,3.68,4.5,3,0.6800000000000002,1.5,0.309,108,-138
2026-09-03,Michael Wacha,Kansas City Royals,Miami Marlins,5.32,4.5,7,-1.6799999999999997,-2.5,0.614,-138,108
2026-09-03,Sandy Alcantara,Miami Marlins,Kansas City Royals,5.0,3.5,2,3.0,1.5,0.735,-125,-102
2026-09-03,Shane McClanahan,Tampa Bay Rays,Texas Rangers,4.0,4.5,3,1.0,1.5,0.37,-138,108
2026-09-03,Tanner Bibee,Cleveland Guardians,Toronto Blue Jays,4.58,3.5,4,0.5800000000000001,-0.5,0.67,-178,138
2026-09-03,Tarik Skubal,Los Angeles Dodgers,St. Louis Cardinals,6.69,8.5,6,0.6900000000000004,2.5,0.231,136,-174
2026-09-04,Andre Pallante,St. Louis Cardinals,Colorado Rockies,4.56,2.5,1,3.5599999999999996,1.5,0.833,-164,128
2026-09-04,Chris Sale,Atlanta Braves,Philadelphia Phillies,8.11,6.5,7,1.1099999999999994,-0.5,0.7,-156,122
2026-09-04,Cristopher Sanchez,Philadelphia Phillies,Atlanta Braves,5.75,6.5,5,0.75,1.5,0.354,100,-128
2026-09-04,Foster Griffin,Cleveland Guardians,Detroit Tigers,4.35,5.5,3,1.3499999999999996,2.5,0.272,110,-140
2026-09-04,Jackson Kent,Washington Nationals,Los Angeles Dodgers,3.91,3.5,4,-0.08999999999999986,-0.5,0.549,-113,-113
2026-09-04,Jameson Taillon,Toronto Blue Jays,Kansas City Royals,3.01,2.5,1,2.01,1.5,0.578,-128,100
2026-09-04,Janson Junk,Miami Marlins,Chicago Cubs,2.95,3.5,4,-1.0499999999999998,-0.5,0.34,114,-146
2026-09-04,Jared Jones,Pittsburgh Pirates,Los Angeles Angels,4.91,6.5,9,-4.09,-2.5,0.224,124,-158
2026-09-04,Kade Morris,Athletics,Seattle Mariners,4.18,2.5,0,4.18,2.5,0.786,-109,-115
2026-09-04,Keider Montero,Detroit Tigers,Cleveland Guardians,2.89,2.5,4,-1.1099999999999999,-1.5,0.551,-172,134
2026-09-04,Logan Allen,Cleveland Guardians,Detroit Tigers,5.1,3.5,1,4.1,2.5,0.749,126,-162
2026-09-04,Logan Gilbert,Seattle Mariners,Athletics,6.11,6.5,10,-3.8899999999999997,-3.5,0.411,-120,-106
2026-09-04,Matt Wilkinson,San Francisco Giants,New York Mets,2.9,3.5,2,0.8999999999999999,1.5,0.331,-118,-108
2026-09-04,Max Fried,New York Yankees,San Diego Padres,4.49,4.5,4,0.4900000000000002,0.5,0.465,136,-174
2026-09-04,Merrill Kelly,Arizona Diamondbacks,Houston Astros,3.62,4.5,4,-0.3799999999999999,0.5,0.298,120,-154
2026-09-04,Nick Martinez,Tampa Bay Rays,Texas Rangers,3.86,3.5,4,-0.14000000000000012,-0.5,0.538,112,-142
2026-09-04,Ranger Suarez,Boston Red Sox,Baltimore Orioles,4.39,5.5,3,1.3899999999999997,2.5,0.279,-104,-122
2026-09-04,Shota Imanaga,Chicago Cubs,Miami Marlins,3.76,5.5,4,-0.2400000000000002,1.5,0.178,120,-154
2026-09-04,Zebby Matthews,Minnesota Twins,Chicago White Sox,5.88,4.5,4,1.88,0.5,0.699,-113,-113
2026-09-05,Cade Cavalli,Washington Nationals,Los Angeles Dodgers,7.0,5.5,8,-1.0,-2.5,0.698,-146,114
2026-09-05,Chris Bassitt,Baltimore Orioles,Boston Red Sox,3.78,4.5,6,-2.22,-1.5,0.326,112,-142
2026-09-05,Dustin May,Milwaukee Brewers,Cincinnati Reds,3.56,5.5,5,-1.44,0.5,0.149,104,-132
2026-09-05,Ethan Pecko,Houston Astros,Arizona Diamondbacks,2.94,3.5,2,0.94,1.5,0.338,-115,-111
2026-09-05,Jacob deGrom,Texas Rangers,Tampa Bay Rays,4.63,5.5,7,-2.37,-1.5,0.317,108,-136
2026-09-05,Jeffrey Springs,Athletics,Seattle Mariners,3.65,3.5,6,-2.35,-2.5,0.494,-164,128
2026-09-05,Martin Perez,Atlanta Braves,Philadelphia Phillies,2.79,3.5,3,-0.20999999999999996,0.5,0.305,102,-130
2026-09-05,Mason Adams,Colorado Rockies,St. Louis Cardinals,6.2,3.5,7,-0.7999999999999998,-3.5,0.849,-113,-113
2026-09-05,Matthew Liberatore,St. Louis Cardinals,Colorado Rockies,5.03,5.5,3,2.0300000000000002,2.5,0.388,106,-136
2026-09-05,Max Scherzer,Toronto Blue Jays,Kansas City Royals,5.05,3.5,2,3.05,1.5,0.741,-111,-115
2026-09-05,Parker Messick,Cleveland Guardians,Detroit Tigers,6.75,6.5,12,-5.25,-5.5,0.511,100,-128
2026-09-05,Tyler Glasnow,Los Angeles Dodgers,Washington Nationals,6.48,7.5,8,-1.5199999999999996,-0.5,0.323,112,-142
2026-09-05,Yusei Kikuchi,Los Angeles Angels,Pittsburgh Pirates,5.14,5.5,6,-0.8600000000000003,-0.5,0.407,-115,-111
2026-09-05,Zack Wheeler,Philadelphia Phillies,Atlanta Braves,5.13,6.5,9,-3.87,-2.5,0.256,-108,-118
2026-09-06,Andrew Alvarez,Washington Nationals,Los Angeles Dodgers,4.79,3.5,5,-0.20999999999999996,-1.5,0.704,-120,-106
2026-09-06,Bailey Ober,Minnesota Twins,Chicago White Sox,4.43,3.5,6,-1.5700000000000003,-2.5,0.645,-140,105
2026-09-06,Bryan Woo,Seattle Mariners,Athletics,6.07,6.5,9,-2.9299999999999997,-2.5,0.404,106,-136
2026-09-06,Cesar Perdomo,San Francisco Giants,New York Mets,6.22,3.5,4,2.2199999999999998,-0.5,0.849,-142,112
2026-09-06,Clay Holmes,Chicago Cubs,Miami Marlins,5.18,4.5,2,3.1799999999999997,2.5,0.59,-115,-111
2026-09-06,Eduardo Rodriguez,Arizona Diamondbacks,Houston Astros,4.65,4.5,6,-1.3499999999999996,-1.5,0.497,106,-136
2026-09-06,Gage Jump,Athletics,Seattle Mariners,6.65,5.5,7,-0.34999999999999964,-1.5,0.652,-128,100
2026-09-06,Gerrit Cole,New York Yankees,San Diego Padres,7.05,5.5,3,4.05,2.5,0.705,110,-140
2026-09-06,Ian Seymour,Tampa Bay Rays,Texas Rangers,6.78,5.5,2,4.78,3.5,0.67,-136,106
2026-09-06,Justin Wrobleski,Los Angeles Dodgers,Washington Nationals,4.92,4.5,6,-1.08,-1.5,0.546,114,-146
2026-09-06,Kyle Bradish,Baltimore Orioles,Boston Red Sox,4.56,4.5,3,1.5599999999999996,1.5,0.479,-136,106
2026-09-06,Kyle Harrison,Milwaukee Brewers,Cincinnati Reds,5.46,6.5,4,1.46,2.5,0.308,-115,-108
2026-09-06,Kyle Leahy,St. Louis Cardinals,Colorado Rockies,3.94,3.5,6,-2.06,-2.5,0.555,134,-172
2026-09-06,Michael King,San Diego Padres,New York Yankees,6.45,5.5,3,3.45,2.5,0.624,-120,-106
2026-09-06,Paul Skenes,Pittsburgh Pirates,Los Angeles Angels,5.64,6.5,2,3.6399999999999997,4.5,0.336,-106,-120
2026-09-06,Randy Dobnak,Kansas City Royals,Toronto Blue Jays,3.44,2.5,3,0.43999999999999995,-0.5,0.668,-140,110
2026-09-06,Tanner Gordon,Colorado Rockies,St. Louis Cardinals,3.89,3.5,4,-0.10999999999999988,-0.5,0.545,-170,132
2026-09-06,Tyler Mahle,Atlanta Braves,Philadelphia Phillies,4.82,4.5,3,1.8200000000000003,1.5,0.528,102,-130
2026-09-06,Tyler Phillips,Miami Marlins,Chicago Cubs,3.76,3.5,3,0.7599999999999998,0.5,0.519,-158,124
2026-09-06,Walbert Urena,Los Angeles Angels,Pittsburgh Pirates,4.84,4.5,4,0.8399999999999999,0.5,0.53,-156,122
2026-09-07,Brayan Bello,Boston Red Sox,Los Angeles Angels,3.3,4.5,7,-3.7,-2.5,0.236,116,-148
2026-09-07,Chase Burns,Cincinnati Reds,Los Angeles Dodgers,6.73,4.5,5,1.7300000000000004,-0.5,0.8,-142,112
2026-09-07,Dylan Cease,Toronto Blue Jays,Athletics,8.14,7.5,6,2.1400000000000006,1.5,0.564,102,-130
2026-09-07,Emmet Sheehan,Los Angeles Dodgers,Cincinnati Reds,5.63,6.5,10,-4.37,-3.5,0.333,106,-136
2026-09-07,Grant Holmes,Atlanta Braves,Philadelphia Phillies,3.25,3.5,6,-2.75,-2.5,0.407,100,-128
2026-09-07,Jesus Luzardo,Philadelphia Phillies,Atlanta Braves,6.33,7.5,12,-5.67,-4.5,0.302,122,-156
2026-09-07,Joe Ryan,Minnesota Twins,Detroit Tigers,5.61,3.5,7,-1.3899999999999997,-3.5,0.81,-115,-111
2026-09-07,Logan Webb,San Francisco Giants,St. Louis Cardinals,4.31,5.5,8,-3.6900000000000004,-2.5,0.263,126,-162
2026-09-07,Michael McGreevy,St. Louis Cardinals,San Francisco Giants,4.22,3.5,4,0.21999999999999975,-0.5,0.606,102,-130
2026-09-07,Noah Cameron,Kansas City Royals,Arizona Diamondbacks,4.41,3.5,7,-2.59,-3.5,0.641,-140,110
2026-09-07,Robert Gasser,Milwaukee Brewers,Chicago Cubs,4.26,4.5,5,-0.7400000000000002,-0.5,0.419,104,-132
2026-09-08,AJ Smith-Shawver,Atlanta Braves,Tampa Bay Rays,3.0,3.5,3,0.0,0.5,0.352,-136,106
2026-09-08,Andrew Painter,Philadelphia Phillies,Houston Astros,4.53,4.5,6,-1.4699999999999998,-1.5,0.473,-122,-104
2026-09-08,Bryce Miller,Seattle Mariners,Texas Rangers,5.41,4.5,6,-0.5899999999999999,-1.5,0.628,-148,116
2026-09-08,Bubba Chandler,Pittsburgh Pirates,Chicago White Sox,4.89,4.5,8,-3.1100000000000003,-3.5,0.54,100,-128
2026-09-08,Cal Quantrill,Texas Rangers,Seattle Mariners,5.47,4.5,4,1.4699999999999998,0.5,0.637,-104,-122
2026-09-08,Casey Mize,San Diego Padres,Washington Nationals,4.36,4.5,7,-2.6399999999999997,-2.5,0.442,-113,-113
2026-09-08,Corbin Burnes,Arizona Diamondbacks,Kansas City Royals,6.56,3.5,2,4.56,1.5,0.849,132,-170
2026-09-08,Dean Kremer,Minnesota Twins,Detroit Tigers,4.78,4.5,3,1.7800000000000002,1.5,0.521,100,-128
2026-09-08,Freddy Peralta,Tampa Bay Rays,Atlanta Braves,6.16,4.5,2,4.16,2.5,0.736,-122,-104
2026-09-08,Gabriel Hughes,Colorado Rockies,New York Yankees,3.76,4.5,6,-2.24,-1.5,0.325,120,-154
2026-09-08,Hayden Wesneski,Houston Astros,Philadelphia Phillies,4.2,3.5,3,1.2000000000000002,0.5,0.606,-130,102
2026-09-08,Jack Perkins,Athletics,Toronto Blue Jays,3.92,4.5,3,0.9199999999999999,1.5,0.355,124,-158
2026-09-08,Jacob Misiorowski,Milwaukee Brewers,Chicago Cubs,7.84,8.5,9,-1.1600000000000001,-0.5,0.386,114,-146
2026-09-08,Landen Roupp,San Francisco Giants,St. Louis Cardinals,4.39,5.5,2,2.3899999999999997,3.5,0.276,132,-170
2026-09-08,Michael Wacha,Kansas City Royals,Arizona Diamondbacks,5.24,4.5,4,1.2400000000000002,0.5,0.6,126,-162
2026-09-08,Patrick Sandoval,Boston Red Sox,Los Angeles Angels,5.11,5.5,7,-1.8899999999999997,-1.5,0.404,-142,112
2026-09-08,Quinn Mathews,St. Louis Cardinals,San Francisco Giants,4.67,5.5,4,0.6699999999999999,1.5,0.327,-102,-125
2026-09-08,Reid Detmers,Los Angeles Angels,Boston Red Sox,6.8,5.5,9,-2.2,-3.5,0.673,-136,106
2026-09-08,Sandy Alcantara,Miami Marlins,New York Mets,4.23,4.5,1,3.2300000000000004,3.5,0.416,-106,-120
2026-09-08,Sean Burke,Chicago White Sox,Pittsburgh Pirates,5.88,6.5,2,3.88,4.5,0.375,-113,-113
2026-09-08,Sean Manaea,New York Mets,Miami Marlins,4.59,5.5,4,0.5899999999999999,1.5,0.312,130,-166
2026-09-08,Tarik Skubal,Los Angeles Dodgers,Cincinnati Reds,6.96,8.5,5,1.96,3.5,0.266,106,-132
2026-09-09,Andre Pallante,St. Louis Cardinals,San Francisco Giants,4.31,3.5,4,0.3099999999999996,-0.5,0.623,-111,-115
2026-09-09,Blade Tidwell,San Francisco Giants,St. Louis Cardinals,4.35,4.5,2,2.3499999999999996,2.5,0.438,-104,-122
2026-09-09,Cody Bradford,Texas Rangers,Seattle Mariners,3.63,3.5,1,2.63,2.5,0.491,-138,108
2026-09-09,Cristopher Sanchez,Philadelphia Phillies,Houston Astros,5.71,6.5,3,2.71,3.5,0.347,118,-150
2026-09-09,Daniel Lynch IV,Kansas City Royals,Arizona Diamondbacks,2.16,2.5,3,-0.8399999999999999,-0.5,0.365,-101,-126
2026-09-09,Davis Martin,Chicago White Sox,Pittsburgh Pirates,3.37,4.5,1,2.37,3.5,0.25,-108,-118
2026-09-09,Foster Griffin,Cleveland Guardians,Baltimore Orioles,5.26,5.5,4,1.2599999999999998,1.5,0.429,-113,-113
2026-09-09,Griffin Jax,Tampa Bay Rays,Atlanta Braves,5.39,4.5,2,3.3899999999999997,2.5,0.624,-111,-115
2026-09-09,Hunter Brown,Houston Astros,Philadelphia Phillies,6.05,4.5,7,-0.9500000000000002,-2.5,0.721,-142,112
2026-09-09,Jackson Kent,Washington Nationals,San Diego Padres,4.9,3.5,2,2.9000000000000004,1.5,0.72,-158,124
2026-09-09,Janson Junk,Miami Marlins,New York Mets,3.05,3.5,0,3.05,3.5,0.363,104,-132
2026-09-09,Kade Anderson,Seattle Mariners,Texas Rangers,3.81,5.5,5,-1.19,0.5,0.186,128,-164
2026-09-09,Logan Henderson,Milwaukee Brewers,Chicago Cubs,7.45,6.5,6,1.4500000000000002,0.5,0.614,134,-172
2026-09-09,Rhett Lowder,Cincinnati Reds,Los Angeles Dodgers,4.26,3.5,4,0.2599999999999998,-0.5,0.614,-115,-111
2026-09-09,Ryan Johnson,Los Angeles Angels,Boston Red Sox,4.05,3.5,5,-0.9500000000000002,-1.5,0.575,100,-128
2026-09-09,Shane Baz,Baltimore Orioles,Cleveland Guardians,3.74,4.5,5,-1.2599999999999998,-0.5,0.321,124,-158
2026-09-09,Tomoyuki Sugano,Colorado Rockies,New York Yankees,3.16,3.5,5,-1.8399999999999999,-1.5,0.388,-122,-104
2026-09-09,Walker Buehler,San Diego Padres,Washington Nationals,5.04,3.5,4,1.04,-0.5,0.74,-174,136
2026-09-09,Will Warren,New York Yankees,Colorado Rockies,5.53,5.5,8,-2.4699999999999998,-2.5,0.475,118,-150
2026-09-09,Yoshinobu Yamamoto,Los Angeles Dodgers,Cincinnati Reds,6.69,7.5,10,-3.3099999999999996,-2.5,0.355,-108,-120
2026-09-09,Zac Gallen,Arizona Diamondbacks,Kansas City Royals,4.17,2.5,1,3.17,1.5,0.785,110,-141
2026-09-09,Zebby Matthews,Minnesota Twins,Detroit Tigers,5.51,4.5,2,3.51,2.5,0.643,100,-128
2026-09-10,Cristian Javier,Houston Astros,Philadelphia Phillies,4.32,3.5,5,-0.6799999999999997,-1.5,0.625,-156,122
2026-09-10,Hagen Smith,Chicago White Sox,Pittsburgh Pirates,8.88,2.5,3,5.880000000000001,-0.5,0.875,-156,124
2026-09-10,Jared Jones,Pittsburgh Pirates,Chicago White Sox,5.47,5.5,8,-2.5300000000000002,-2.5,0.463,-156,122
2026-09-11,Aaron Nola,Philadelphia Phillies,Atlanta Braves,6.41,5.5,3,3.41,2.5,0.616,-108,-118
2026-09-11,Blake Snell,Los Angeles Dodgers,Miami Marlins,5.73,7.5,8,-2.2699999999999996,-0.5,0.218,102,-130
2026-09-11,Cade Cavalli,Washington Nationals,Los Angeles Angels,7.49,6.5,9,-1.5099999999999998,-2.5,0.619,-146,114
2026-09-11,Carlos Rodon,New York Yankees,New York Mets,6.57,5.5,8,-1.4299999999999997,-2.5,0.639,-113,-113
2026-09-11,Chris Bassitt,Baltimore Orioles,Toronto Blue Jays,3.83,3.5,5,-1.17,-1.5,0.53,-102,-125
2026-09-11,Drew Rasmussen,Tampa Bay Rays,Houston Astros,5.16,5.5,4,1.1600000000000001,1.5,0.41,-104,-122
2026-09-11,Framber Valdez,Detroit Tigers,Colorado Rockies,5.47,4.5,2,3.4699999999999998,2.5,0.635,-132,104
2026-09-11,Jeffrey Springs,Athletics,Seattle Mariners,4.62,3.5,1,3.62,2.5,0.675,-174,136
2026-09-11,Mason Adams,Colorado Rockies,Detroit Tigers,5.03,3.5,5,0.03000000000000025,-1.5,0.738,-156,122
2026-09-11,Matthew Liberatore,St. Louis Cardinals,Chicago White Sox,5.12,5.5,2,3.12,3.5,0.403,102,-130
2026-09-11,Max Scherzer,Toronto Blue Jays,Baltimore Orioles,5.58,5.5,3,2.58,2.5,0.483,124,-158
2026-09-11,Nolan McLean,New York Mets,New York Yankees,6.88,6.5,5,1.88,1.5,0.53,104,-132
2026-09-11,Parker Messick,Cleveland Guardians,Minnesota Twins,5.55,5.5,5,0.5499999999999998,0.5,0.477,118,-150
2026-09-11,Robbie Ray,San Diego Padres,San Francisco Giants,4.29,4.5,5,-0.71,-0.5,0.426,100,-128
2026-09-11,Seth Lugo,Kansas City Royals,Boston Red Sox,3.7,4.5,7,-3.3,-2.5,0.311,146,-188
2026-09-11,Shota Imanaga,Chicago Cubs,Pittsburgh Pirates,5.24,6.5,4,1.2400000000000002,2.5,0.273,116,-148
2026-09-11,Sonny Gray,Boston Red Sox,Kansas City Royals,5.51,5.5,5,0.5099999999999998,0.5,0.471,120,-154
2026-09-11,Wilber Dotel,Pittsburgh Pirates,Chicago Cubs,5.58,1.5,1,4.58,0.5,0.908,-183,142
2026-09-11,Yusei Kikuchi,Los Angeles Angels,Washington Nationals,5.07,5.5,5,0.07000000000000028,0.5,0.394,102,-130
2026-09-12,Andrew Alvarez,Washington Nationals,Los Angeles Angels,4.87,5.5,8,-3.13,-2.5,0.358,118,-150
2026-09-12,Brandon Pfaadt,Arizona Diamondbacks,Texas Rangers,5.2,4.5,7,-1.7999999999999998,-2.5,0.591,116,-148
2026-09-12,Cesar Perdomo,San Francisco Giants,San Diego Padres,4.38,3.5,3,1.38,0.5,0.634,-140,110
2026-09-12,Clay Holmes,Chicago Cubs,Pittsburgh Pirates,4.83,4.5,6,-1.17,-1.5,0.526,108,-138
2026-09-12,Connor Prielipp,Minnesota Twins,Cleveland Guardians,5.62,4.5,1,4.62,3.5,0.658,140,-180
2026-09-12,Gage Jump,Athletics,Seattle Mariners,6.12,5.5,2,4.12,3.5,0.57,112,-142
2026-09-12,Gerrit Cole,New York Yankees,New York Mets,5.99,5.5,4,1.9900000000000002,1.5,0.55,-108,-118
2026-09-12,Michael King,San Diego Padres,San Francisco Giants,6.79,4.5,4,2.79,0.5,0.804,-120,-106
2026-09-12,Peter Lambert,Houston Astros,Tampa Bay Rays,3.8,4.5,4,-0.20000000000000018,0.5,0.328,130,-166
2026-09-12,Shane Drohan,Milwaukee Brewers,Cincinnati Reds,4.96,5.5,4,0.96,1.5,0.374,-128,100
2026-09-12,Tanner Gordon,Colorado Rockies,Detroit Tigers,4.36,3.5,5,-0.6399999999999997,-1.5,0.63,-140,110
2026-09-12,Tyler Glasnow,Los Angeles Dodgers,Miami Marlins,6.58,7.5,7,-0.41999999999999993,0.5,0.336,126,-162
2026-09-12,Tyler Mahle,Atlanta Braves,Philadelphia Phillies,4.96,4.5,3,1.96,1.5,0.549,-108,-118
2026-09-12,Tyler Phillips,Miami Marlins,Los Angeles Dodgers,3.57,3.5,3,0.5699999999999998,0.5,0.474,-136,106
2026-09-12,Walbert Urena,Los Angeles Angels,Washington Nationals,5.14,4.5,7,-1.8600000000000003,-2.5,0.581,-118,-108
2026-09-13,Andrew Painter,Philadelphia Phillies,Atlanta Braves,5.14,4.5,3,2.1399999999999997,1.5,0.58,100,-128
2026-09-13,Bryce Miller,Seattle Mariners,Athletics,4.72,4.5,5,-0.28000000000000025,-0.5,0.505,104,-132
2026-09-13,Bubba Chandler,Pittsburgh Pirates,Chicago Cubs,4.72,4.5,3,1.7199999999999998,1.5,0.504,108,-138
2026-09-13,Cal Quantrill,Texas Rangers,Arizona Diamondbacks,5.06,3.5,4,1.0599999999999996,-0.5,0.739,-122,-104
2026-09-13,Cam Schlittler,New York Yankees,New York Mets,7.72,6.5,8,-0.28000000000000025,-1.5,0.648,-136,106
2026-09-13,Chase Burns,Cincinnati Reds,Milwaukee Brewers,6.4,3.5,5,1.4000000000000004,-1.5,0.849,-158,124
2026-09-13,David Sandlin,Chicago White Sox,St. Louis Cardinals,5.0,4.5,5,0.0,-0.5,0.554,134,-172
2026-09-13,Dylan Cease,Toronto Blue Jays,Baltimore Orioles,8.69,8.5,9,-0.3100000000000005,-0.5,0.5,122,-156
2026-09-13,Eury Perez,Miami Marlins,Los Angeles Dodgers,3.64,5.5,5,-1.3599999999999999,0.5,0.158,108,-138
2026-09-13,Freddy Peralta,Tampa Bay Rays,Houston Astros,5.82,4.5,4,1.8200000000000003,0.5,0.687,-164,128
2026-09-13,Gabriel Hughes,Colorado Rockies,Detroit Tigers,3.62,3.5,2,1.62,1.5,0.484,-142,112
2026-09-13,Grant Holmes,Atlanta Braves,Philadelphia Phillies,3.38,3.5,0,3.38,3.5,0.432,-111,-115
2026-09-13,Hayden Wesneski,Houston Astros,Tampa Bay Rays,3.27,3.5,2,1.27,1.5,0.408,106,-136
2026-09-13,Jackson Jobe,Detroit Tigers,Colorado Rockies,4.06,4.5,8,-3.9400000000000004,-3.5,0.378,-125,-102
2026-09-13,Jacob Lopez,Athletics,Seattle Mariners,5.88,4.5,3,2.88,1.5,0.695,-150,118
2026-09-13,Logan Webb,San Francisco Giants,San Diego Padres,4.12,4.5,7,-2.88,-2.5,0.39,-132,104
2026-09-13,Matthew Boyd,Chicago Cubs,Pittsburgh Pirates,5.23,5.5,3,2.2300000000000004,2.5,0.42,-104,-122
2026-09-13,Payton Tolle,Boston Red Sox,Kansas City Royals,7.34,6.5,7,0.33999999999999986,-0.5,0.596,122,-156
2026-09-13,Trevor Rogers,Baltimore Orioles,Toronto Blue Jays,5.29,4.5,5,0.29000000000000004,-0.5,0.604,-120,-106
2026-09-14,Corbin Burnes,Arizona Diamondbacks,Miami Marlins,5.55,3.5,4,1.5499999999999998,-0.5,0.801,-162,126
2026-09-14,David Peterson,Chicago Cubs,Atlanta Braves,3.96,4.5,7,-3.04,-2.5,0.357,108,-138
2026-09-14,Dean Kremer,Minnesota Twins,New York Yankees,4.44,4.5,5,-0.5599999999999996,-0.5,0.451,-150,118
2026-09-14,Gavin Williams,Cleveland Guardians,Chicago White Sox,6.79,7.5,7,-0.20999999999999996,0.5,0.366,-140,110
2026-09-14,Jonah Tong,New York Mets,Baltimore Orioles,6.76,5.5,6,0.7599999999999998,-0.5,0.664,-142,112
2026-09-14,Kade Anderson,Seattle Mariners,Los Angeles Angels,3.53,5.5,5,-1.4700000000000002,0.5,0.142,-120,-106
2026-09-14,Landen Roupp,San Francisco Giants,St. Louis Cardinals,4.91,4.5,4,0.9100000000000001,0.5,0.538,-102,-125
2026-09-14,Nick Lodolo,Cincinnati Reds,Los Angeles Dodgers,4.0,4.5,4,0.0,0.5,0.366,120,-154
2026-09-14,Reid Detmers,Los Angeles Angels,Seattle Mariners,7.71,6.5,8,-0.29000000000000004,-1.5,0.646,-115,-111
2026-09-14,Tarik Skubal,Los Angeles Dodgers,Cincinnati Reds,7.22,7.5,9,-1.7800000000000002,-1.5,0.43,-120,-106
2026-09-14,Tomoyuki Sugano,Colorado Rockies,San Diego Padres,2.87,3.5,2,0.8700000000000001,1.5,0.317,130,-175
2026-09-14,Troy Melton,Detroit Tigers,Toronto Blue Jays,3.52,3.5,3,0.52,0.5,0.462,-138,108
2026-09-15,Cristopher Sanchez,Philadelphia Phillies,Washington Nationals,6.27,6.5,5,1.2699999999999996,1.5,0.432,-108,-118
2026-09-15,Foster Griffin,Cleveland Guardians,Chicago White Sox,5.75,5.5,5,0.75,0.5,0.508,126,-162
2026-09-15,Jack Perkins,Athletics,Tampa Bay Rays,3.65,4.5,8,-4.35,-3.5,0.298,136,-174
2026-09-15,Jackson Kent,Washington Nationals,Philadelphia Phillies,2.98,3.5,4,-1.02,-0.5,0.342,-130,102
2026-09-15,Jacob deGrom,Texas Rangers,Boston Red Sox,7.18,6.5,8,-0.8200000000000003,-1.5,0.572,-111,-115
2026-09-15,Jacob Misiorowski,Milwaukee Brewers,Pittsburgh Pirates,7.73,8.5,7,0.7300000000000004,1.5,0.366,112,-142
2026-09-15,Kyle Freeland,Colorado Rockies,San Diego Padres,4.89,2.5,1,3.8899999999999997,1.5,0.864,-128,100
2026-09-15,Logan Gilbert,Seattle Mariners,Los Angeles Angels,5.94,6.5,7,-1.0599999999999996,-0.5,0.38,-122,-104
2026-09-15,Martin Perez,Atlanta Braves,Chicago Cubs,3.26,3.5,2,1.2599999999999998,1.5,0.405,118,-150
2026-09-15,Max Fried,New York Yankees,Minnesota Twins,4.27,4.5,6,-1.7300000000000004,-1.5,0.419,-146,114
2026-09-15,Rhett Lowder,Cincinnati Reds,Los Angeles Dodgers,3.53,3.5,4,-0.4700000000000002,-0.5,0.464,-118,-108
2026-09-15,Ryan Johnson,Los Angeles Angels,Seattle Mariners,4.96,4.5,7,-2.04,-2.5,0.547,124,-158
2026-09-15,Sean Manaea,New York Mets,Baltimore Orioles,6.79,6.5,6,0.79,0.5,0.514,118,-150
2026-09-15,Walker Buehler,San Diego Padres,Colorado Rockies,4.18,3.5,1,3.1799999999999997,2.5,0.595,112,-142
2026-09-15,Yoshinobu Yamamoto,Los Angeles Dodgers,Cincinnati Reds,8.08,7.5,7,1.08,0.5,0.554,-118,-108
2026-09-16,Andrew Abbott,Cincinnati Reds,Los Angeles Dodgers,3.08,3.5,5,-1.92,-1.5,0.364,110,-140
2026-09-16,Anthony Kay,Chicago White Sox,Cleveland Guardians,3.88,3.5,3,0.8799999999999999,0.5,0.537,-102,-125
2026-09-16,Anthony Molina,San Francisco Giants,St. Louis Cardinals,3.75,3.5,6,-2.25,-2.5,0.511,100,-128
2026-09-16,Carlos Rodon,New York Yankees,Minnesota Twins,5.6,5.5,5,0.5999999999999996,0.5,0.483,114,-148
2026-09-16,Cristian Javier,Houston Astros,Kansas City Royals,4.93,4.5,2,2.9299999999999997,2.5,0.542,-108,-118
2026-09-16,Daniel Lynch IV,Kansas City Royals,Houston Astros,2.95,3.5,3,-0.04999999999999982,0.5,0.334,134,-172
2026-09-16,George Kirby,Seattle Mariners,Los Angeles Angels,5.16,5.5,5,0.16000000000000014,0.5,0.408,108,-138
2026-09-16,Jake Bennett,Boston Red Sox,Texas Rangers,4.57,4.5,7,-2.4299999999999997,-2.5,0.476,116,-148
2026-09-16,Keider Montero,Detroit Tigers,Toronto Blue Jays,2.69,2.5,4,-1.31,-1.5,0.498,-146,114
2026-09-16,Logan Henderson,Milwaukee Brewers,Pittsburgh Pirates,6.99,6.5,8,-1.0099999999999998,-1.5,0.544,132,-170
2026-09-16,MacKenzie Gore,Texas Rangers,Boston Red Sox,4.44,4.5,0,4.44,4.5,0.451,-146,114
2026-09-16,Mason Adams,Colorado Rockies,San Diego Padres,5.17,3.5,1,4.17,2.5,0.755,-104,-122
2026-09-16,Matthew Liberatore,St. Louis Cardinals,San Francisco Giants,4.5,5.5,2,2.5,3.5,0.292,128,-164
2026-09-16,Max Scherzer,Toronto Blue Jays,Detroit Tigers,4.96,4.5,3,1.96,1.5,0.548,-111,-115
2026-09-16,Merrill Kelly,Arizona Diamondbacks,Miami Marlins,3.98,4.5,9,-5.02,-4.5,0.362,122,-156
2026-09-16,Nick Martinez,Tampa Bay Rays,Athletics,3.64,3.5,3,0.6400000000000001,0.5,0.487,-132,104
2026-09-16,Parker Messick,Cleveland Guardians,Chicago White Sox,9.16,6.5,8,1.1600000000000001,-1.5,0.793,-108,-118
2026-09-16,Robbie Ray,San Diego Padres,Colorado Rockies,5.54,4.5,6,-0.45999999999999996,-1.5,0.644,108,-138
2026-09-16,Shota Imanaga,Chicago Cubs,Atlanta Braves,4.69,4.5,8,-3.3099999999999996,-3.5,0.498,-170,132
2026-09-16,Xzavion Curry,New York Mets,Baltimore Orioles,4.36,3.5,3,1.3600000000000003,0.5,0.629,121,-155
2026-09-16,Yusei Kikuchi,Los Angeles Angels,Seattle Mariners,5.04,5.5,4,1.04,1.5,0.386,-106,-120
2026-09-16,Zack Wheeler,Philadelphia Phillies,Washington Nationals,5.93,6.5,5,0.9299999999999997,1.5,0.377,104,-132
2026-09-16,Zebby Matthews,Minnesota Twins,New York Yankees,5.21,4.5,8,-2.79,-3.5,0.592,-132,104
2026-09-17,Aaron Nola,Philadelphia Phillies,New York Mets,6.06,5.5,4,2.0599999999999996,1.5,0.56,120,-154
2026-09-17,Drew Rasmussen,Tampa Bay Rays,Athletics,6.39,5.5,3,3.3899999999999997,2.5,0.611,-140,110
2026-09-17,Framber Valdez,Detroit Tigers,Chicago White Sox,5.38,4.5,8,-2.62,-3.5,0.62,-128,100
2026-09-17,Jeffrey Springs,Athletics,Tampa Bay Rays,3.81,3.5,4,-0.18999999999999995,-0.5,0.523,122,-156
2026-09-17,Michael King,San Diego Padres,Colorado Rockies,5.98,4.5,6,-0.019999999999999574,-1.5,0.709,116,-148
2026-09-17,Nolan McLean,New York Mets,Philadelphia Phillies,5.06,5.5,5,0.05999999999999961,0.5,0.39,114,-146
2026-09-17,Seth Lugo,Kansas City Royals,Houston Astros,3.68,4.5,5,-1.3199999999999998,-0.5,0.305,132,-170
2026-09-17,Sonny Gray,Boston Red Sox,Texas Rangers,6.64,5.5,6,0.6399999999999997,-0.5,0.647,-115,-111
2026-09-17,Walbert Urena,Los Angeles Angels,Minnesota Twins,6.55,4.5,9,-2.45,-4.5,0.779,-146,114
2026-09-17,Wilber Dotel,Pittsburgh Pirates,Milwaukee Brewers,4.59,1.5,2,2.59,-0.5,0.908,-129,103
2026-09-18,Andrew Sears,Detroit Tigers,Chicago White Sox,6.55,3.5,0,6.55,3.5,0.849,-164,128
2026-09-18,Bryan Woo,Seattle Mariners,Colorado Rockies,5.8,4.5,4,1.7999999999999998,0.5,0.683,-138,108
2026-09-18,Cade Cavalli,Washington Nationals,St. Louis Cardinals,6.38,5.5,6,0.3799999999999999,-0.5,0.61,-125,-102
2026-09-18,Cade Povich,Baltimore Orioles,Milwaukee Brewers,3.26,3.5,3,0.2599999999999998,0.5,0.406,-150,118
2026-09-18,Cesar Perdomo,San Francisco Giants,Los Angeles Dodgers,3.81,2.5,1,2.81,1.5,0.729,-154,120
2026-09-18,Clay Holmes,Chicago Cubs,Cincinnati Reds,5.28,4.5,4,1.2800000000000002,0.5,0.603,-102,-125
2026-09-18,David Sandlin,Chicago White Sox,Detroit Tigers,4.86,4.5,4,0.8600000000000003,0.5,0.53,122,-156
2026-09-18,Dustin May,Milwaukee Brewers,Baltimore Orioles,3.48,5.5,4,-0.52,1.5,0.137,100,-128
2026-09-18,Dylan Cease,Toronto Blue Jays,Texas Rangers,8.11,7.5,3,5.109999999999999,4.5,0.558,112,-142
2026-09-18,Eduardo Rodriguez,Arizona Diamondbacks,New York Yankees,5.44,4.5,5,0.4400000000000004,-0.5,0.629,-140,110
2026-09-18,Gerrit Cole,New York Yankees,Arizona Diamondbacks,5.44,4.5,6,-0.5599999999999996,-1.5,0.629,-122,-104
2026-09-18,Grayson Rodriguez,Los Angeles Angels,Minnesota Twins,5.16,4.5,4,1.1600000000000001,0.5,0.583,-128,100
2026-09-18,Ian Seymour,Tampa Bay Rays,Boston Red Sox,6.73,5.5,5,1.7300000000000004,0.5,0.659,-138,108
2026-09-18,Kumar Rocker,Texas Rangers,Toronto Blue Jays,3.39,3.5,2,1.3900000000000001,1.5,0.433,-120,-106
2026-09-18,Kyle Leahy,St. Louis Cardinals,Washington Nationals,3.3,2.5,1,2.3,1.5,0.635,-132,104
2026-09-18,Tyler Mahle,Atlanta Braves,Houston Astros,4.97,4.5,6,-1.0300000000000002,-1.5,0.548,100,-128
2026-09-18,Zac Thornton,New York Mets,Philadelphia Phillies,3.54,3.5,4,-0.45999999999999996,-0.5,0.465,-160,124
2026-09-19,Andrew Alvarez,Washington Nationals,St. Louis Cardinals,4.83,3.5,8,-3.17,-4.5,0.705,-170,132
2026-09-19,Andrew Painter,Philadelphia Phillies,New York Mets,5.24,4.5,7,-1.7599999999999998,-2.5,0.594,-104,-122
2026-09-19,Brayan Bello,Boston Red Sox,Tampa Bay Rays,3.66,2.5,11,-7.34,-8.5,0.702,-132,104
2026-09-19,Bryce Miller,Seattle Mariners,Colorado Rockies,4.59,4.5,6,-1.4100000000000001,-1.5,0.477,116,-148
2026-09-19,Bubba Chandler,Pittsburgh Pirates,Kansas City Royals,4.5,4.5,6,-1.5,-1.5,0.46,124,-158
2026-09-19,Cal Quantrill,Texas Rangers,Toronto Blue Jays,3.77,3.5,0,3.77,3.5,0.513,126,-162
2026-09-19,Cam Schlittler,New York Yankees,Arizona Diamondbacks,7.54,6.5,6,1.54,0.5,0.622,110,-140
2026-09-19,Casey Mize,San Diego Padres,Miami Marlins,3.46,4.5,2,1.46,2.5,0.26,110,-140
2026-09-19,Eury Perez,Miami Marlins,San Diego Padres,4.35,5.5,4,0.34999999999999964,1.5,0.266,114,-146
2026-09-19,Freddy Peralta,Tampa Bay Rays,Boston Red Sox,5.86,4.5,6,-0.13999999999999968,-1.5,0.691,-156,122
2026-09-19,Grant Holmes,Atlanta Braves,Houston Astros,3.26,3.5,4,-0.7400000000000002,-0.5,0.402,-160,124
2026-09-19,Jackson Jobe,Detroit Tigers,Chicago White Sox,5.42,4.5,9,-3.58,-4.5,0.624,-132,104
2026-09-19,Jacob Lopez,Athletics,Cleveland Guardians,5.15,4.5,1,4.15,3.5,0.579,106,-136
2026-09-19,Joe Ryan,Minnesota Twins,Los Angeles Angels,4.96,6.5,5,-0.040000000000000036,1.5,0.226,116,-148
2026-09-19,Jose Quintana,Colorado Rockies,Seattle Mariners,3.42,2.5,2,1.42,0.5,0.658,113,-149
2026-09-19,Jose Soriano,Toronto Blue Jays,Texas Rangers,6.2,5.5,8,-1.7999999999999998,-2.5,0.58,120,-154
2026-09-19,Michael McGreevy,St. Louis Cardinals,Washington Nationals,3.11,3.5,1,2.11,2.5,0.369,-130,102
2026-09-19,Noah Cameron,Kansas City Royals,Pittsburgh Pirates,5.51,5.5,6,-0.4900000000000002,-0.5,0.466,124,-158
2026-09-19,Reid Detmers,Los Angeles Angels,Minnesota Twins,5.81,6.5,5,0.8099999999999996,1.5,0.357,108,-138
2026-09-19,Tarik Skubal,Los Angeles Dodgers,San Francisco Giants,8.11,7.5,3,5.109999999999999,4.5,0.557,-108,-120
2026-09-20,Brandon Young,Baltimore Orioles,Milwaukee Brewers,4.13,4.5,9,-4.87,-4.5,0.39,116,-148
2026-09-20,Corbin Burnes,Arizona Diamondbacks,New York Yankees,5.71,4.5,2,3.71,2.5,0.669,-111,-115
2026-09-20,Cristopher Sanchez,Philadelphia Phillies,New York Mets,6.9,6.5,6,0.9000000000000004,0.5,0.53,114,-146
2026-09-20,David Peterson,Chicago Cubs,Cincinnati Reds,4.41,4.5,7,-2.59,-2.5,0.443,-140,110
2026-09-20,Davis Martin,Chicago White Sox,Detroit Tigers,2.8,3.5,6,-3.2,-2.5,0.3,-108,-118
2026-09-20,Dean Kremer,Minnesota Twins,Los Angeles Angels,4.48,5.5,8,-3.5199999999999996,-2.5,0.287,-113,-113
2026-09-20,Gavin Williams,Cleveland Guardians,Athletics,6.53,7.5,9,-2.4699999999999998,-1.5,0.327,-108,-118
2026-09-20,Griffin Jax,Tampa Bay Rays,Boston Red Sox,4.86,4.5,5,-0.13999999999999968,-0.5,0.528,-154,120
2026-09-20,Hunter Brown,Houston Astros,Atlanta Braves,6.53,6.5,10,-3.4699999999999998,-3.5,0.473,122,-156
2026-09-20,Jack Perkins,Athletics,Cleveland Guardians,4.45,4.5,4,0.4500000000000002,0.5,0.452,126,-162
2026-09-20,Jacob deGrom,Texas Rangers,Toronto Blue Jays,6.42,5.5,2,4.42,3.5,0.614,-115,-111
2026-09-20,Jacob Misiorowski,Milwaukee Brewers,Baltimore Orioles,8.73,7.5,4,4.73,3.5,0.638,-172,134
2026-09-20,Jake Irvin,Washington Nationals,St. Louis Cardinals,4.54,3.5,8,-3.46,-4.5,0.658,-125,-102
2026-09-20,Jonah Tong,New York Mets,Philadelphia Phillies,4.66,4.5,5,-0.33999999999999986,-0.5,0.491,112,-142
2026-09-20,Matt Wilkinson,San Francisco Giants,Los Angeles Dodgers,1.98,2.5,6,-4.02,-3.5,0.308,108,-138
2026-09-20,Michael Wacha,Kansas City Royals,Pittsburgh Pirates,5.35,4.5,5,0.34999999999999964,-0.5,0.613,-138,108
2026-09-20,Patrick Sandoval,Boston Red Sox,Tampa Bay Rays,3.87,3.5,5,-1.13,-1.5,0.533,-158,124
2026-09-20,Rhett Lowder,Cincinnati Reds,Chicago Cubs,3.55,3.5,3,0.5499999999999998,0.5,0.466,-128,100
2026-09-20,Ryan Johnson,Los Angeles Angels,Minnesota Twins,5.68,4.5,6,-0.3200000000000003,-1.5,0.664,114,-146
2026-09-20,Tomoyuki Sugano,Colorado Rockies,Seattle Mariners,3.21,3.5,5,-1.79,-1.5,0.391,102,-130
2026-09-21,DJ Herz,Washington Nationals,Detroit Tigers,5.65,4.5,4,1.6500000000000004,0.5,0.66,128,-166
2026-09-21,River Ryan,Detroit Tigers,Washington Nationals,3.8,2.5,3,0.7999999999999998,-0.5,0.727,-111,-115
2026-09-21,Trey Yesavage,Toronto Blue Jays,Baltimore Orioles,4.84,3.5,3,1.8399999999999999,0.5,0.707,112,-142
2026-09-21,Zebby Matthews,Minnesota Twins,San Francisco Giants,5.75,4.5,9,-3.25,-4.5,0.676,-106,-120
2026-09-22,Andre Pallante,St. Louis Cardinals,Pittsburgh Pirates,3.43,3.5,2,1.4300000000000002,1.5,0.441,-170,132
2026-09-22,Brandon Williamson,Cincinnati Reds,Atlanta Braves,3.32,2.5,2,1.3199999999999998,0.5,0.639,-128,100
2026-09-22,Cristian Javier,Houston Astros,Seattle Mariners,5.81,4.5,2,3.8099999999999996,2.5,0.684,106,-136
2026-09-22,Daniel Lynch IV,Kansas City Royals,Chicago White Sox,3.72,3.5,2,1.7200000000000002,1.5,0.504,106,-136
2026-09-22,Drew Anderson,Detroit Tigers,Washington Nationals,4.13,4.5,5,-0.8700000000000001,-0.5,0.39,-146,114
2026-09-22,Drew Rasmussen,Tampa Bay Rays,New York Yankees,6.11,5.5,11,-4.89,-5.5,0.567,-104,-122
2026-09-22,Dustin May,Milwaukee Brewers,Philadelphia Phillies,2.76,3.5,2,0.7599999999999998,1.5,0.292,116,-148
2026-09-22,Janson Junk,Miami Marlins,Chicago Cubs,2.77,3.5,6,-3.23,-2.5,0.294,134,-172
2026-09-22,Jared Jones,Pittsburgh Pirates,St. Louis Cardinals,6.15,5.5,9,-2.8499999999999996,-3.5,0.573,-128,100
2026-09-22,JR Ritchie,Atlanta Braves,Cincinnati Reds,4.63,4.5,8,-3.37,-3.5,0.487,-148,116
2026-09-22,Kyle Freeland,Colorado Rockies,Arizona Diamondbacks,3.71,2.5,2,1.71,0.5,0.711,-125,-102
2026-09-22,MacKenzie Gore,Texas Rangers,New York Mets,4.08,4.5,2,2.08,2.5,0.381,110,-140
2026-09-22,Max Fried,New York Yankees,Tampa Bay Rays,3.74,5.5,4,-0.2599999999999998,1.5,0.172,140,-180
2026-09-22,Michael King,San Diego Padres,Los Angeles Dodgers,5.07,4.5,5,0.07000000000000028,-0.5,0.566,124,-158
2026-09-22,Michael Soroka,Arizona Diamondbacks,Colorado Rockies,3.87,4.5,9,-5.13,-4.5,0.34,-102,-125
2026-09-22,Payton Tolle,Boston Red Sox,Cleveland Guardians,6.36,5.5,5,1.3600000000000003,0.5,0.606,130,-166
2026-09-22,Shota Imanaga,Chicago Cubs,Miami Marlins,4.07,5.5,7,-2.9299999999999997,-1.5,0.22,-142,112
2026-09-22,Taj Bradley,Minnesota Twins,San Francisco Giants,9.13,6.5,6,3.130000000000001,0.5,0.793,108,-138
2026-09-22,Zack Wheeler,Philadelphia Phillies,Milwaukee Brewers,6.44,6.5,11,-4.56,-4.5,0.46,-122,-104
2026-09-23,Aaron Nola,Philadelphia Phillies,Milwaukee Brewers,5.84,5.5,8,-2.16,-2.5,0.525,102,-130
2026-09-23,Andrew Abbott,Cincinnati Reds,Atlanta Braves,3.01,3.5,6,-2.99,-2.5,0.349,-140,110
2026-09-23,Cesar Perdomo,San Francisco Giants,Minnesota Twins,3.25,3.5,2,1.25,1.5,0.403,-102,-125
2026-09-23,Chris Bassitt,Baltimore Orioles,Toronto Blue Jays,4.4,3.5,2,2.4000000000000004,1.5,0.636,-150,118
2026-09-23,Chris Sale,Atlanta Braves,Cincinnati Reds,9.08,7.5,10,-0.9199999999999999,-2.5,0.683,114,-146
2026-09-23,Connor Prielipp,Minnesota Twins,San Francisco Giants,5.9,5.5,3,2.9000000000000004,2.5,0.535,100,-128
2026-09-23,Ethan Pecko,Houston Astros,Seattle Mariners,2.9,3.5,2,0.8999999999999999,1.5,0.324,-166,130
2026-09-23,Foster Griffin,Cleveland Guardians,Boston Red Sox,3.89,4.5,7,-3.11,-2.5,0.346,102,-130
2026-09-23,Framber Valdez,Detroit Tigers,Washington Nationals,4.65,5.5,6,-1.3499999999999996,-0.5,0.318,128,-164
2026-09-23,George Kirby,Seattle Mariners,Houston Astros,5.4,4.5,5,0.40000000000000036,-0.5,0.623,-132,104
2026-09-23,Jeffrey Springs,Athletics,Los Angeles Angels,3.97,4.5,3,0.9700000000000002,1.5,0.361,-115,-111
2026-09-23,Mason Adams,Colorado Rockies,Arizona Diamondbacks,4.07,3.5,8,-3.9299999999999997,-4.5,0.575,106,-136
2026-09-23,Matthew Liberatore,St. Louis Cardinals,Pittsburgh Pirates,4.47,4.5,6,-1.5300000000000002,-1.5,0.457,-142,112
2026-09-23,Max Scherzer,Toronto Blue Jays,Baltimore Orioles,5.85,4.5,7,-1.1500000000000004,-2.5,0.692,-113,-113
2026-09-23,Merrill Kelly,Arizona Diamondbacks,Colorado Rockies,4.54,3.5,2,2.54,1.5,0.66,-138,108
2026-09-23,Nolan McLean,New York Mets,Texas Rangers,7.28,5.5,5,2.2800000000000002,0.5,0.731,-122,-104
2026-09-23,Robbie Ray,San Diego Padres,Los Angeles Dodgers,4.48,3.5,2,2.4800000000000004,1.5,0.651,-128,100
2026-09-23,Ryan Gusto,Miami Marlins,Chicago Cubs,4.3,3.5,5,-0.7000000000000002,-1.5,0.619,-148,118
2026-09-23,Seth Lugo,Kansas City Royals,Chicago White Sox,4.23,4.5,3,1.2300000000000004,1.5,0.412,-104,-122
2026-09-23,Sonny Gray,Boston Red Sox,Cleveland Guardians,4.49,4.5,3,1.4900000000000002,1.5,0.462,-115,-111
2026-09-23,Trey Gibson,Baltimore Orioles,Toronto Blue Jays,3.59,3.5,7,-3.41,-3.5,0.478,-150,110
2026-09-23,Walbert Urena,Los Angeles Angels,Athletics,6.29,4.5,2,4.29,2.5,0.748,-136,106
2026-09-24,Andrew Painter,Philadelphia Phillies,Milwaukee Brewers,4.73,4.5,8,-3.2699999999999996,-3.5,0.507,-162,126
2026-09-24,Bryan Woo,Seattle Mariners,Los Angeles Angels,6.17,6.5,8,-1.83,-1.5,0.417,-162,126
2026-09-24,David Sandlin,Chicago White Sox,Kansas City Royals,4.58,3.5,7,-2.42,-3.5,0.668,100,-128
2026-09-24,Eduardo Rodriguez,Arizona Diamondbacks,Colorado Rockies,5.61,4.5,3,2.6100000000000003,1.5,0.656,-113,-113
2026-09-24,Grayson Rodriguez,Los Angeles Angels,Seattle Mariners,5.89,4.5,2,3.8899999999999997,2.5,0.697,-148,116
2026-09-24,Ian Seymour,Tampa Bay Rays,New York Yankees,6.56,6.5,3,3.5599999999999996,3.5,0.48,118,-150
2026-09-24,Kyle Leahy,St. Louis Cardinals,Pittsburgh Pirates,2.66,3.5,3,-0.33999999999999986,0.5,0.273,132,-170
2026-09-24,Mason Barnett,Athletics,Houston Astros,3.14,3.5,8,-4.859999999999999,-4.5,0.38,-106,-119
2026-09-24,Peter Lambert,Houston Astros,Athletics,4.96,4.5,6,-1.04,-1.5,0.549,118,-150
2026-09-24,Ranger Suarez,Boston Red Sox,Cleveland Guardians,5.81,4.5,5,0.8099999999999996,-0.5,0.685,118,-150
2026-09-24,Tanner Gordon,Colorado Rockies,Arizona Diamondbacks,3.87,3.5,1,2.87,2.5,0.536,-106,-120
2026-09-24,Tyler Glasnow,Los Angeles Dodgers,San Diego Padres,6.52,6.5,11,-4.48,-4.5,0.473,-140,110
2026-09-24,Zac Thornton,New York Mets,Texas Rangers,4.43,4.5,4,0.4299999999999997,0.5,0.452,126,-162
2026-09-25,Andrew Alvarez,Washington Nationals,New York Mets,7.44,4.5,7,0.4400000000000004,-2.5,0.827,-125,-102
2026-09-25,Brandon Pfaadt,Arizona Diamondbacks,San Diego Padres,4.22,3.5,7,-2.7800000000000002,-3.5,0.605,-130,102
2026-09-25,Brendan Beck,New York Yankees,Baltimore Orioles,4.21,4.5,8,-3.79,-3.5,0.408,-140,110
2026-09-25,Bryce Miller,Seattle Mariners,Los Angeles Angels,4.63,6.5,7,-2.37,-0.5,0.183,120,-154
2026-09-25,Casey Mize,San Diego Padres,Arizona Diamondbacks,3.62,3.5,1,2.62,2.5,0.485,-131,103
2026-09-25,Cristopher Sanchez,Philadelphia Phillies,Tampa Bay Rays,6.53,5.5,10,-3.4699999999999998,-4.5,0.633,-154,120
2026-09-25,David Peterson,Chicago Cubs,Boston Red Sox,4.07,5.5,6,-1.9299999999999997,-0.5,0.223,100,-128
2026-09-25,Eury Perez,Miami Marlins,Atlanta Braves,4.46,4.5,8,-3.54,-3.5,0.457,-156,122
2026-09-25,Freddy Peralta,Tampa Bay Rays,Philadelphia Phillies,5.07,4.5,4,1.0700000000000003,0.5,0.569,110,-140
2026-09-25,Gavin Williams,Cleveland Guardians,Kansas City Royals,6.27,6.5,4,2.2699999999999996,2.5,0.434,-130,102
2026-09-25,Hunter Brown,Houston Astros,Athletics,6.5,5.5,4,2.5,1.5,0.628,-115,-111
2026-09-25,Jackson Jobe,Detroit Tigers,Pittsburgh Pirates,5.5,5.5,8,-2.5,-2.5,0.468,124,-158
2026-09-25,Jacob Lopez,Athletics,Houston Astros,3.98,4.5,4,-0.020000000000000018,0.5,0.364,118,-150
2026-09-25,Joe Ryan,Minnesota Twins,Texas Rangers,5.8,6.5,8,-2.2,-1.5,0.358,126,-162
2026-09-25,Jose Soriano,Toronto Blue Jays,Cincinnati Reds,6.23,5.5,2,4.23,3.5,0.588,-132,104
2026-09-25,Michael McGreevy,St. Louis Cardinals,Milwaukee Brewers,3.49,3.5,2,1.4900000000000002,1.5,0.456,-122,-104
2026-09-25,Noah Cameron,Kansas City Royals,Cleveland Guardians,4.87,4.5,3,1.87,1.5,0.534,128,-162
2026-09-25,Reid Detmers,Los Angeles Angels,Seattle Mariners,7.83,6.5,7,0.8300000000000001,-0.5,0.664,-111,-115
2026-09-25,Robert Gasser,Milwaukee Brewers,St. Louis Cardinals,4.25,4.5,9,-4.75,-4.5,0.416,-136,106
2026-09-25,Sean Burke,Chicago White Sox,Colorado Rockies,4.5,5.5,7,-2.5,-1.5,0.293,-180,140
2026-09-25,Tarik Skubal,Los Angeles Dodgers,San Francisco Giants,7.78,7.5,10,-2.2199999999999998,-2.5,0.514,104,-132
2026-09-25,Trevor Rogers,Baltimore Orioles,New York Yankees,7.66,6.5,4,3.66,2.5,0.641,106,-136
2026-09-25,Yunior Marte,San Francisco Giants,Los Angeles Dodgers,2.89,3.5,4,-1.1099999999999999,-0.5,0.325,126,-161
2026-09-26,Aaron Nola,Philadelphia Phillies,Tampa Bay Rays,4.99,2.5,0,4.99,2.5,0.873,114,-146
2026-09-26,Connelly Early,Washington Nationals,New York Mets,6.21,3.5,1,5.21,2.5,0.849,130,-166
2026-09-26,Davis Martin,Chicago White Sox,Colorado Rockies,2.9,4.5,1,1.9,3.5,0.165,128,-164
2026-09-26,Griffin Jax,Tampa Bay Rays,Philadelphia Phillies,4.42,4.5,1,3.42,3.5,0.449,-111,-115
2026-09-26,Hayden Wesneski,Houston Astros,Athletics,4.24,3.5,5,-0.7599999999999998,-1.5,0.609,-140,110
2026-09-26,Jack Perkins,Athletics,Houston Astros,5.14,4.5,9,-3.8600000000000003,-4.5,0.582,-120,-106
2026-09-26,Jonah Tong,New York Mets,Washington Nationals,5.36,4.5,9,-3.6399999999999997,-4.5,0.618,100,-128
2026-09-26,Justin Verlander,Detroit Tigers,Pittsburgh Pirates,4.41,5.5,6,-1.5899999999999999,-0.5,0.28,126,-160
2026-09-26,Kade Anderson,Seattle Mariners,Los Angeles Angels,4.44,5.5,4,0.4400000000000004,1.5,0.285,-148,116
2026-09-26,Matt Wilkinson,San Francisco Giants,Los Angeles Dodgers,2.7,3.5,2,0.7000000000000002,1.5,0.283,100,-128
2026-09-26,Nathan Eovaldi,Texas Rangers,Minnesota Twins,4.9,3.5,3,1.9000000000000004,0.5,0.718,110,-140
2026-09-26,Quinn Mathews,St. Louis Cardinals,Milwaukee Brewers,5.29,4.5,7,-1.71,-2.5,0.606,-120,-106
2026-09-26,Rhett Lowder,Cincinnati Reds,Toronto Blue Jays,2.74,3.5,2,0.7400000000000002,1.5,0.291,124,-158
2026-09-26,Ryan Johnson,Los Angeles Angels,Seattle Mariners,5.2,4.5,3,2.2,1.5,0.591,106,-136
2026-09-26,Tanner Bibee,Cleveland Guardians,Kansas City Royals,4.28,3.5,6,-1.7199999999999998,-2.5,0.616,-122,-104
2026-09-26,Trey Yesavage,Toronto Blue Jays,Cincinnati Reds,4.56,3.5,3,1.5599999999999996,0.5,0.666,-122,-104
2026-09-26,Walker Buehler,San Diego Padres,Arizona Diamondbacks,4.49,3.5,3,1.4900000000000002,0.5,0.653,-125,-102
2026-09-27,Andre Pallante,St. Louis Cardinals,Milwaukee Brewers,3.53,4.5,4,-0.4700000000000002,0.5,0.277,110,-150
2026-09-27,Anthony Kay,Chicago White Sox,Colorado Rockies,4.02,3.5,4,0.019999999999999574,-0.5,0.567,-106,-120
2026-09-27,Daniel Lynch IV,Kansas City Royals,Cleveland Guardians,3.07,3.5,2,1.0699999999999998,1.5,0.363,109,-140
2026-09-27,Dean Kremer,Minnesota Twins,Texas Rangers,5.02,4.5,4,1.0199999999999996,0.5,0.56,-115,-111
2026-09-27,DJ Herz,Washington Nationals,New York Mets,7.06,4.5,2,5.06,2.5,0.827,-102,-125
2026-09-27,Janson Junk,Miami Marlins,Atlanta Braves,2.94,3.5,5,-2.06,-1.5,0.334,102,-130
2026-09-27,Jared Jones,Pittsburgh Pirates,Detroit Tigers,7.12,5.5,5,2.12,0.5,0.712,-140,110
2026-09-27,JR Ritchie,Atlanta Braves,Miami Marlins,5.12,4.5,2,3.12,2.5,0.578,108,-138
2026-09-27,Kyle Freeland,Colorado Rockies,Chicago White Sox,3.89,4.5,2,1.8900000000000001,2.5,0.346,124,-160
2026-09-27,Logan Gilbert,Seattle Mariners,Los Angeles Angels,6.68,6.5,8,-1.3200000000000003,-1.5,0.498,-166,130
2026-09-27,MacKenzie Gore,Texas Rangers,Minnesota Twins,3.48,4.5,0,3.48,4.5,0.268,120,-154
2026-09-27,Max Scherzer,Toronto Blue Jays,Cincinnati Reds,5.89,5.5,7,-1.1100000000000003,-1.5,0.533,116,-148
2026-09-27,Nick Martinez,Tampa Bay Rays,Philadelphia Phillies,3.37,3.5,1,2.37,2.5,0.43,-122,-104
2026-09-27,Parker Messick,Cleveland Guardians,Kansas City Royals,6.01,3.5,2,4.01,1.5,0.848,-102,-125
2026-09-27,Peter Lambert,Houston Astros,Athletics,4.58,2.5,1,3.58,1.5,0.833,126,-161
2026-09-27,River Ryan,Detroit Tigers,Pittsburgh Pirates,5.3,2.5,3,2.3,-0.5,0.875,-106,-119
2026-09-27,Shota Imanaga,Chicago Cubs,Boston Red Sox,5.09,4.5,3,2.09,1.5,0.572,108,-138
2026-09-27,Yusei Kikuchi,Los Angeles Angels,Seattle Mariners,5.43,4.5,7,-1.5700000000000003,-2.5,0.628,-148,116
